pile_id,station_id,fault_start,fault_end,fault_type,repair,duration_h
ST0001-P01,ST0001,2025-10-13 10:00,2025-10-13 10:40,接触不良,紧固接线端子,0.7
ST0001-P01,ST0001,2025-11-01 02:00,2025-11-01 02:30,线缆问题,修补线缆外皮,0.5
ST0001-P01,ST0001,2026-01-08 20:00,2026-01-08 23:40,线缆问题,更换充电线缆,3.7
ST0001-P01,ST0001,2026-01-18 20:00,2026-01-19 04:02,硬件损坏,更换功率模块,8.0
ST0001-P02,ST0001,2025-12-19 06:00,2025-12-19 20:00,接触不良,更换充电枪头,14.0
ST0001-P03,ST0001,2025-09-15 04:00,2025-09-15 05:27,过温保护,降低功率运行,1.5
ST0001-P03,ST0001,2026-02-23 13:00,2026-02-23 15:15,通讯故障,更换4G/5G模块,2.3
ST0001-P03,ST0001,2026-03-11 20:00,2026-03-11 22:58,接触不良,清洁接头,3.0
ST0001-P04,ST0001,2025-08-08 10:00,2025-08-08 11:49,接触不良,紧固接线端子,1.8
ST0001-P04,ST0001,2025-11-11 23:00,2025-11-12 00:22,过温保护,检查风扇,1.4
ST0001-P05,ST0001,2025-10-06 03:00,2025-10-06 06:44,通讯故障,更换4G/5G模块,3.7
ST0001-P05,ST0001,2025-10-25 02:00,2025-10-25 02:30,接触不良,更换充电枪头,0.5
ST0001-P05,ST0001,2026-04-15 18:00,2026-04-15 18:44,通讯故障,更换4G/5G模块,0.7
ST0001-P05,ST0001,2026-07-22 11:00,2026-07-22 11:30,接触不良,清洁接头,0.5
ST0001-P06,ST0001,2025-10-08 10:00,2025-10-08 12:19,接触不良,清洁接头,2.3
ST0001-P06,ST0001,2026-01-20 13:00,2026-01-20 17:36,接触不良,紧固接线端子,4.6
ST0001-P06,ST0001,2026-01-31 06:00,2026-01-31 06:31,通讯故障,重启通讯模块,0.5
ST0001-P06,ST0001,2026-02-23 00:00,2026-02-23 02:44,过温保护,清理散热片,2.7
ST0001-P07,ST0001,2025-11-17 23:00,2025-11-18 03:20,接触不良,更换充电枪头,4.3
ST0001-P07,ST0001,2026-05-29 16:00,2026-05-29 17:29,线缆问题,更换充电线缆,1.5
ST0001-P08,ST0001,2025-08-25 22:00,2025-08-25 22:52,通讯故障,重启通讯模块,0.9
ST0001-P08,ST0001,2025-09-25 20:00,2025-09-25 20:30,通讯故障,重启通讯模块,0.5
ST0001-P08,ST0001,2025-10-03 17:00,2025-10-03 18:34,通讯故障,更换4G/5G模块,1.6
ST0001-P08,ST0001,2025-11-14 22:00,2025-11-14 23:15,通讯故障,检查天线连接,1.3
ST0001-P08,ST0001,2026-03-02 14:00,2026-03-02 14:30,过温保护,检查风扇,0.5
ST0001-P08,ST0001,2026-03-31 22:00,2026-03-31 23:58,通讯故障,重启通讯模块,2.0
ST0001-P08,ST0001,2026-06-01 01:00,2026-06-01 11:11,接触不良,紧固接线端子,10.2
ST0001-P09,ST0001,2025-09-23 16:00,2025-09-24 09:20,通讯故障,检查天线连接,17.3
ST0001-P09,ST0001,2025-12-17 19:00,2025-12-18 01:28,通讯故障,检查天线连接,6.5
ST0001-P09,ST0001,2026-06-13 03:00,2026-06-13 08:55,通讯故障,更换4G/5G模块,5.9
ST0001-P09,ST0001,2026-07-25 04:00,2026-07-25 04:30,接触不良,清洁接头,0.5
ST0001-P10,ST0001,2025-09-24 15:00,2025-09-24 21:45,接触不良,更换充电枪头,6.8
ST0001-P11,ST0001,2025-08-21 17:00,2025-08-22 00:57,硬件损坏,更换控制板,8.0
ST0001-P11,ST0001,2025-11-12 11:00,2025-11-12 12:46,通讯故障,检查天线连接,1.8
ST0001-P11,ST0001,2026-02-26 09:00,2026-02-26 09:30,通讯故障,重启通讯模块,0.5
ST0001-P12,ST0001,2025-08-02 00:00,2025-08-02 01:34,通讯故障,检查天线连接,1.6
ST0001-P12,ST0001,2026-04-04 10:00,2026-04-04 11:29,功率异常,校准功率表,1.5
ST0001-P13,ST0001,2025-09-16 16:00,2025-09-16 20:59,接触不良,更换充电枪头,5.0
ST0001-P13,ST0001,2025-09-21 08:00,2025-09-21 13:43,接触不良,紧固接线端子,5.7
ST0001-P13,ST0001,2025-11-27 14:00,2025-11-27 17:17,过温保护,检查风扇,3.3
ST0001-P13,ST0001,2025-12-14 14:00,2025-12-14 19:53,过温保护,清理散热片,5.9
ST0001-P14,ST0001,2025-09-29 03:00,2025-09-29 07:02,接触不良,更换充电枪头,4.0
ST0001-P14,ST0001,2025-12-27 11:00,2025-12-27 11:30,接触不良,紧固接线端子,0.5
ST0001-P14,ST0001,2026-01-08 13:00,2026-01-08 13:30,接触不良,紧固接线端子,0.5
ST0001-P15,ST0001,2025-09-17 11:00,2025-09-17 12:02,接触不良,清洁接头,1.0
ST0001-P15,ST0001,2025-11-02 03:00,2025-11-02 03:30,通讯故障,更换4G/5G模块,0.5
ST0001-P15,ST0001,2026-02-21 14:00,2026-02-21 15:22,接触不良,清洁接头,1.4
ST0001-P15,ST0001,2026-03-13 19:00,2026-03-14 00:38,接触不良,清洁接头,5.6
ST0001-P16,ST0001,2025-08-31 05:00,2025-08-31 08:06,通讯故障,重启通讯模块,3.1
ST0001-P16,ST0001,2025-10-07 22:00,2025-10-08 06:55,硬件损坏,返厂维修,8.9
ST0001-P16,ST0001,2025-11-01 19:00,2025-11-01 20:31,硬件损坏,更换控制板,1.5
ST0001-P16,ST0001,2026-01-31 19:00,2026-01-31 19:30,接触不良,更换充电枪头,0.5
ST0001-P16,ST0001,2026-03-02 18:00,2026-03-03 00:35,过温保护,检查风扇,6.6
ST0001-P16,ST0001,2026-05-19 21:00,2026-05-20 06:03,过温保护,检查风扇,9.1
ST0001-P17,ST0001,2025-09-02 08:00,2025-09-02 09:00,通讯故障,检查天线连接,1.0
ST0001-P17,ST0001,2026-01-08 00:00,2026-01-08 00:30,硬件损坏,返厂维修,0.5
ST0001-P17,ST0001,2026-02-27 14:00,2026-02-27 16:09,硬件损坏,更换功率模块,2.2
ST0001-P17,ST0001,2026-04-05 15:00,2026-04-05 17:51,硬件损坏,更换功率模块,2.9
ST0001-P18,ST0001,2026-04-04 11:00,2026-04-04 12:25,接触不良,紧固接线端子,1.4
ST0001-P18,ST0001,2026-04-25 22:00,2026-04-26 11:07,过温保护,降低功率运行,13.1
ST0001-P18,ST0001,2026-06-13 03:00,2026-06-13 04:09,通讯故障,更换4G/5G模块,1.2
ST0001-P18,ST0001,2026-07-05 23:00,2026-07-06 01:45,通讯故障,重启通讯模块,2.8
ST0001-P18,ST0001,2026-07-09 10:00,2026-07-10 00:16,硬件损坏,返厂维修,14.3
ST0001-P19,ST0001,2026-02-14 04:00,2026-02-14 07:45,通讯故障,检查天线连接,3.8
ST0001-P20,ST0001,2026-06-10 01:00,2026-06-10 02:18,硬件损坏,更换功率模块,1.3
ST0002-P01,ST0002,2026-01-17 08:00,2026-01-17 12:27,硬件损坏,更换功率模块,4.5
ST0002-P01,ST0002,2026-04-09 10:00,2026-04-09 11:06,接触不良,更换充电枪头,1.1
ST0002-P01,ST0002,2026-04-11 05:00,2026-04-11 21:58,通讯故障,重启通讯模块,17.0
ST0002-P02,ST0002,2025-09-15 15:00,2025-09-15 15:30,过温保护,检查风扇,0.5
ST0002-P02,ST0002,2026-01-09 03:00,2026-01-09 10:12,过温保护,检查风扇,7.2
ST0002-P02,ST0002,2026-02-23 13:00,2026-02-23 13:49,接触不良,更换充电枪头,0.8
ST0002-P02,ST0002,2026-03-16 18:00,2026-03-16 21:04,过温保护,检查风扇,3.1
ST0002-P02,ST0002,2026-07-01 00:00,2026-07-01 01:32,硬件损坏,更换功率模块,1.5
ST0002-P03,ST0002,2025-08-01 02:00,2025-08-01 06:31,过温保护,降低功率运行,4.5
ST0002-P04,ST0002,2026-06-23 09:00,2026-06-23 11:52,线缆问题,更换连接器,2.9
ST0002-P05,ST0002,2025-08-28 07:00,2025-08-28 08:57,通讯故障,更换4G/5G模块,2.0
ST0002-P05,ST0002,2026-03-22 10:00,2026-03-22 14:41,过温保护,检查风扇,4.7
ST0002-P06,ST0002,2026-03-20 03:00,2026-03-20 11:23,通讯故障,重启通讯模块,8.4
ST0002-P06,ST0002,2026-07-03 11:00,2026-07-03 21:20,接触不良,紧固接线端子,10.3
ST0002-P06,ST0002,2026-07-04 07:00,2026-07-04 08:11,过温保护,清理散热片,1.2
ST0002-P07,ST0002,2025-10-01 12:00,2025-10-01 13:43,过温保护,清理散热片,1.7
ST0002-P07,ST0002,2025-10-24 15:00,2025-10-25 00:13,硬件损坏,更换功率模块,9.2
ST0002-P07,ST0002,2026-02-26 03:00,2026-02-26 07:00,线缆问题,修补线缆外皮,4.0
ST0002-P07,ST0002,2026-06-09 06:00,2026-06-09 07:39,接触不良,更换充电枪头,1.7
ST0002-P07,ST0002,2026-07-26 03:00,2026-07-26 12:06,接触不良,更换充电枪头,9.1
ST0002-P08,ST0002,2025-10-03 14:00,2025-10-03 23:09,通讯故障,更换4G/5G模块,9.2
ST0002-P08,ST0002,2025-10-08 15:00,2025-10-08 15:30,接触不良,更换充电枪头,0.5
ST0002-P08,ST0002,2026-04-29 23:00,2026-04-29 23:30,过温保护,清理散热片,0.5
ST0002-P08,ST0002,2026-06-21 21:00,2026-06-21 21:42,过温保护,降低功率运行,0.7
ST0002-P08,ST0002,2026-07-04 18:00,2026-07-04 21:43,通讯故障,检查天线连接,3.7
ST0002-P09,ST0002,2026-03-10 18:00,2026-03-10 18:42,过温保护,检查风扇,0.7
ST0002-P10,ST0002,2025-10-05 03:00,2025-10-05 04:34,功率异常,更换传感器,1.6
ST0002-P10,ST0002,2025-12-06 08:00,2025-12-06 12:17,接触不良,清洁接头,4.3
ST0002-P10,ST0002,2026-01-12 16:00,2026-01-12 20:11,功率异常,更换传感器,4.2
ST0002-P10,ST0002,2026-03-03 19:00,2026-03-04 02:34,通讯故障,检查天线连接,7.6
ST0002-P10,ST0002,2026-07-03 19:00,2026-07-04 00:29,通讯故障,检查天线连接,5.5
ST0002-P11,ST0002,2026-02-28 19:00,2026-02-28 20:07,线缆问题,更换连接器,1.1
ST0002-P11,ST0002,2026-03-20 04:00,2026-03-20 05:13,线缆问题,更换充电线缆,1.2
ST0002-P12,ST0002,2025-10-07 22:00,2025-10-07 22:30,过温保护,降低功率运行,0.5
ST0002-P12,ST0002,2025-10-31 16:00,2025-10-31 20:08,接触不良,紧固接线端子,4.1
ST0002-P12,ST0002,2025-11-20 06:00,2025-11-20 06:52,硬件损坏,更换功率模块,0.9
ST0002-P12,ST0002,2026-06-16 22:00,2026-06-17 03:07,过温保护,检查风扇,5.1
ST0002-P12,ST0002,2026-07-18 11:00,2026-07-18 12:19,硬件损坏,返厂维修,1.3
ST0002-P12,ST0002,2026-07-22 20:00,2026-07-22 20:46,通讯故障,更换4G/5G模块,0.8
ST0002-P12,ST0002,2026-07-30 03:00,2026-07-30 14:17,过温保护,检查风扇,11.3
ST0002-P13,ST0002,2025-08-07 16:00,2025-08-08 05:36,功率异常,校准功率表,13.6
ST0002-P13,ST0002,2026-05-01 09:00,2026-05-01 11:14,过温保护,检查风扇,2.2
ST0002-P13,ST0002,2026-07-30 13:00,2026-07-30 23:32,过温保护,降低功率运行,10.5
ST0002-P14,ST0002,2025-10-22 09:00,2025-10-22 09:44,接触不良,紧固接线端子,0.7
ST0002-P14,ST0002,2025-12-07 04:00,2025-12-07 07:15,接触不良,更换充电枪头,3.3
ST0002-P14,ST0002,2026-03-20 03:00,2026-03-20 06:22,通讯故障,检查天线连接,3.4
ST0002-P14,ST0002,2026-05-05 01:00,2026-05-05 05:45,接触不良,清洁接头,4.8
ST0002-P14,ST0002,2026-07-20 09:00,2026-07-20 20:00,通讯故障,重启通讯模块,11.0
ST0002-P15,ST0002,2025-11-30 16:00,2025-12-01 00:23,通讯故障,检查天线连接,8.4
ST0002-P15,ST0002,2025-12-26 22:00,2025-12-27 03:24,硬件损坏,返厂维修,5.4
ST0002-P15,ST0002,2026-06-28 17:00,2026-06-28 19:55,硬件损坏,更换控制板,2.9
ST0002-P16,ST0002,2025-08-28 00:00,2025-08-28 09:46,接触不良,紧固接线端子,9.8
ST0002-P16,ST0002,2025-12-07 06:00,2025-12-07 08:51,过温保护,降低功率运行,2.9
ST0002-P16,ST0002,2026-02-05 18:00,2026-02-05 22:11,通讯故障,检查天线连接,4.2
ST0002-P16,ST0002,2026-03-15 07:00,2026-03-15 09:47,过温保护,降低功率运行,2.8
ST0002-P16,ST0002,2026-06-05 06:00,2026-06-05 10:50,线缆问题,更换连接器,4.8
ST0002-P16,ST0002,2026-07-27 22:00,2026-07-28 04:24,通讯故障,检查天线连接,6.4
ST0002-P17,ST0002,2025-08-21 13:00,2025-08-21 15:30,接触不良,清洁接头,2.5
ST0002-P17,ST0002,2025-11-04 05:00,2025-11-04 08:27,线缆问题,更换连接器,3.5
ST0002-P17,ST0002,2026-04-21 03:00,2026-04-21 03:30,接触不良,清洁接头,0.5
ST0002-P17,ST0002,2026-05-12 08:00,2026-05-12 11:07,通讯故障,重启通讯模块,3.1
ST0002-P18,ST0002,2025-08-03 10:00,2025-08-03 10:30,接触不良,清洁接头,0.5
ST0002-P18,ST0002,2026-07-30 04:00,2026-07-30 10:55,硬件损坏,更换功率模块,6.9
ST0002-P19,ST0002,2025-08-27 20:00,2025-08-28 01:52,接触不良,紧固接线端子,5.9
ST0002-P19,ST0002,2026-07-05 09:00,2026-07-05 09:58,接触不良,清洁接头,1.0
ST0002-P20,ST0002,2025-09-07 22:00,2025-09-08 01:01,通讯故障,更换4G/5G模块,3.0
ST0002-P20,ST0002,2026-04-27 07:00,2026-04-27 10:06,过温保护,清理散热片,3.1
ST0003-P01,ST0003,2025-08-05 03:00,2025-08-05 10:13,过温保护,降低功率运行,7.2
ST0003-P01,ST0003,2025-11-18 21:00,2025-11-18 23:18,过温保护,检查风扇,2.3
ST0003-P01,ST0003,2025-11-20 19:00,2025-11-20 19:30,接触不良,紧固接线端子,0.5
ST0003-P01,ST0003,2026-01-17 11:00,2026-01-17 11:30,通讯故障,更换4G/5G模块,0.5
ST0003-P01,ST0003,2026-01-25 14:00,2026-01-25 18:45,接触不良,更换充电枪头,4.8
ST0003-P01,ST0003,2026-04-01 17:00,2026-04-02 06:08,过温保护,降低功率运行,13.1
ST0003-P02,ST0003,2026-06-15 07:00,2026-06-15 08:09,功率异常,校准功率表,1.2
ST0003-P02,ST0003,2026-07-16 10:00,2026-07-16 13:11,通讯故障,更换4G/5G模块,3.2
ST0003-P03,ST0003,2025-09-03 06:00,2025-09-03 06:30,硬件损坏,返厂维修,0.5
ST0003-P03,ST0003,2025-09-19 05:00,2025-09-19 05:30,接触不良,紧固接线端子,0.5
ST0003-P03,ST0003,2025-12-30 20:00,2025-12-31 01:40,过温保护,清理散热片,5.7
ST0003-P03,ST0003,2026-01-12 16:00,2026-01-12 16:30,过温保护,清理散热片,0.5
ST0003-P03,ST0003,2026-02-08 16:00,2026-02-08 17:08,功率异常,固件升级,1.1
ST0003-P03,ST0003,2026-03-17 15:00,2026-03-17 16:45,功率异常,校准功率表,1.8
ST0003-P03,ST0003,2026-05-01 00:00,2026-05-01 00:30,功率异常,固件升级,0.5
ST0003-P04,ST0003,2025-09-23 06:00,2025-09-23 08:42,通讯故障,检查天线连接,2.7
ST0003-P04,ST0003,2026-06-28 02:00,2026-06-28 02:45,通讯故障,检查天线连接,0.8
ST0003-P04,ST0003,2026-07-26 23:00,2026-07-27 01:33,接触不良,清洁接头,2.6
ST0003-P05,ST0003,2025-09-07 01:00,2025-09-07 02:52,通讯故障,重启通讯模块,1.9
ST0003-P05,ST0003,2025-12-07 17:00,2025-12-07 20:55,接触不良,更换充电枪头,3.9
ST0003-P05,ST0003,2026-02-25 12:00,2026-02-25 19:45,接触不良,清洁接头,7.8
ST0003-P05,ST0003,2026-05-22 07:00,2026-05-22 09:47,通讯故障,更换4G/5G模块,2.8
ST0003-P06,ST0003,2025-08-09 12:00,2025-08-09 16:06,通讯故障,检查天线连接,4.1
ST0003-P06,ST0003,2025-09-30 17:00,2025-09-30 17:30,过温保护,清理散热片,0.5
ST0003-P07,ST0003,2025-08-16 15:00,2025-08-16 15:52,通讯故障,重启通讯模块,0.9
ST0003-P07,ST0003,2025-09-14 09:00,2025-09-14 21:59,通讯故障,更换4G/5G模块,13.0
ST0003-P07,ST0003,2026-02-12 12:00,2026-02-12 21:25,过温保护,降低功率运行,9.4
ST0003-P07,ST0003,2026-04-15 03:00,2026-04-15 14:21,通讯故障,更换4G/5G模块,11.4
ST0003-P07,ST0003,2026-05-01 07:00,2026-05-01 07:30,接触不良,更换充电枪头,0.5
ST0003-P07,ST0003,2026-07-18 09:00,2026-07-18 10:57,通讯故障,检查天线连接,2.0
ST0003-P08,ST0003,2026-05-07 09:00,2026-05-07 09:30,通讯故障,检查天线连接,0.5
ST0003-P09,ST0003,2026-05-11 17:00,2026-05-11 17:30,通讯故障,重启通讯模块,0.5
ST0003-P09,ST0003,2026-06-28 11:00,2026-06-28 18:27,接触不良,更换充电枪头,7.5
ST0003-P10,ST0003,2026-05-08 02:00,2026-05-08 05:57,接触不良,清洁接头,4.0
ST0003-P10,ST0003,2026-06-02 12:00,2026-06-02 16:46,接触不良,紧固接线端子,4.8
ST0003-P11,ST0003,2025-09-28 05:00,2025-09-28 07:07,接触不良,紧固接线端子,2.1
ST0003-P11,ST0003,2025-10-22 05:00,2025-10-22 11:34,通讯故障,重启通讯模块,6.6
ST0003-P11,ST0003,2026-06-12 08:00,2026-06-13 02:37,通讯故障,重启通讯模块,18.6
ST0003-P11,ST0003,2026-06-27 16:00,2026-06-27 21:33,接触不良,更换充电枪头,5.6
ST0003-P12,ST0003,2025-09-20 06:00,2025-09-20 15:18,硬件损坏,返厂维修,9.3
ST0003-P12,ST0003,2026-01-30 04:00,2026-01-30 11:00,线缆问题,更换连接器,7.0
ST0003-P12,ST0003,2026-05-09 02:00,2026-05-09 07:37,通讯故障,更换4G/5G模块,5.6
ST0003-P12,ST0003,2026-05-25 15:00,2026-05-25 17:48,功率异常,更换传感器,2.8
ST0003-P12,ST0003,2026-07-02 07:00,2026-07-02 08:32,过温保护,清理散热片,1.5
ST0003-P12,ST0003,2026-07-10 02:00,2026-07-10 02:30,硬件损坏,更换控制板,0.5
ST0003-P13,ST0003,2025-11-08 10:00,2025-11-08 19:25,接触不良,清洁接头,9.4
ST0003-P13,ST0003,2026-03-19 10:00,2026-03-19 10:30,接触不良,紧固接线端子,0.5
ST0003-P14,ST0003,2025-10-26 00:00,2025-10-26 01:35,通讯故障,更换4G/5G模块,1.6
ST0003-P14,ST0003,2025-12-05 07:00,2025-12-05 11:27,通讯故障,检查天线连接,4.5
ST0003-P14,ST0003,2026-01-17 15:00,2026-01-17 21:14,硬件损坏,更换控制板,6.2
ST0003-P14,ST0003,2026-02-01 04:00,2026-02-01 10:16,过温保护,降低功率运行,6.3
ST0003-P14,ST0003,2026-03-17 11:00,2026-03-17 11:30,线缆问题,修补线缆外皮,0.5
ST0003-P14,ST0003,2026-06-25 13:00,2026-06-25 18:35,接触不良,清洁接头,5.6
ST0003-P15,ST0003,2025-09-25 05:00,2025-09-25 08:11,过温保护,降低功率运行,3.2
ST0003-P16,ST0003,2025-09-09 23:00,2025-09-10 02:51,硬件损坏,更换功率模块,3.9
ST0003-P16,ST0003,2025-10-11 17:00,2025-10-11 17:37,通讯故障,重启通讯模块,0.6
ST0003-P16,ST0003,2025-12-13 23:00,2025-12-14 04:44,硬件损坏,返厂维修,5.7
ST0003-P17,ST0003,2026-04-17 20:00,2026-04-18 00:49,硬件损坏,更换功率模块,4.8
ST0003-P18,ST0003,2025-11-17 01:00,2025-11-17 01:30,硬件损坏,返厂维修,0.5
ST0003-P18,ST0003,2025-12-12 17:00,2025-12-13 10:15,过温保护,降低功率运行,17.3
ST0003-P18,ST0003,2026-03-30 20:00,2026-03-30 21:52,通讯故障,重启通讯模块,1.9
ST0003-P19,ST0003,2025-10-11 14:00,2025-10-11 14:30,接触不良,更换充电枪头,0.5
ST0003-P19,ST0003,2025-10-31 18:00,2025-10-31 20:42,过温保护,降低功率运行,2.7
ST0003-P19,ST0003,2026-02-03 16:00,2026-02-03 19:16,接触不良,更换充电枪头,3.3
ST0003-P19,ST0003,2026-04-19 02:00,2026-04-19 08:00,过温保护,检查风扇,6.0
ST0003-P19,ST0003,2026-07-06 07:00,2026-07-06 09:12,通讯故障,检查天线连接,2.2
ST0003-P19,ST0003,2026-07-17 05:00,2026-07-17 14:28,通讯故障,检查天线连接,9.5
ST0003-P20,ST0003,2025-10-14 23:00,2025-10-15 01:31,通讯故障,检查天线连接,2.5
ST0004-P01,ST0004,2026-01-31 01:00,2026-01-31 01:30,过温保护,清理散热片,0.5
ST0004-P02,ST0004,2025-08-21 20:00,2025-08-22 09:12,接触不良,清洁接头,13.2
ST0004-P02,ST0004,2025-09-22 22:00,2025-09-22 22:30,接触不良,紧固接线端子,0.5
ST0004-P02,ST0004,2026-03-29 14:00,2026-03-29 15:00,接触不良,更换充电枪头,1.0
ST0004-P02,ST0004,2026-04-23 11:00,2026-04-23 19:07,通讯故障,更换4G/5G模块,8.1
ST0004-P02,ST0004,2026-06-21 08:00,2026-06-21 22:00,通讯故障,检查天线连接,14.0
ST0004-P03,ST0004,2025-10-29 12:00,2025-10-30 07:49,接触不良,紧固接线端子,19.8
ST0004-P03,ST0004,2026-02-10 11:00,2026-02-10 11:30,过温保护,降低功率运行,0.5
ST0004-P04,ST0004,2025-10-11 14:00,2025-10-11 15:19,过温保护,清理散热片,1.3
ST0004-P04,ST0004,2025-10-16 05:00,2025-10-16 07:25,过温保护,清理散热片,2.4
ST0004-P04,ST0004,2025-11-26 02:00,2025-11-26 14:00,过温保护,降低功率运行,12.0
ST0004-P04,ST0004,2026-01-24 15:00,2026-01-25 00:15,通讯故障,更换4G/5G模块,9.3
ST0004-P04,ST0004,2026-02-02 19:00,2026-02-02 22:52,过温保护,降低功率运行,3.9
ST0004-P04,ST0004,2026-06-06 00:00,2026-06-06 00:30,硬件损坏,返厂维修,0.5
ST0004-P04,ST0004,2026-06-26 08:00,2026-06-26 16:50,功率异常,校准功率表,8.8
ST0004-P05,ST0004,2025-09-28 15:00,2025-09-28 18:30,通讯故障,检查天线连接,3.5
ST0004-P05,ST0004,2026-03-01 10:00,2026-03-01 11:44,硬件损坏,返厂维修,1.7
ST0004-P06,ST0004,2025-08-12 07:00,2025-08-12 08:28,过温保护,清理散热片,1.5
ST0004-P06,ST0004,2025-10-05 18:00,2025-10-06 00:43,接触不良,紧固接线端子,6.7
ST0004-P06,ST0004,2025-10-22 04:00,2025-10-22 08:37,接触不良,紧固接线端子,4.6
ST0004-P06,ST0004,2026-04-20 01:00,2026-04-20 01:42,硬件损坏,返厂维修,0.7
ST0004-P07,ST0004,2025-10-13 18:00,2025-10-13 18:39,过温保护,清理散热片,0.7
ST0004-P07,ST0004,2025-11-19 14:00,2025-11-19 15:53,接触不良,紧固接线端子,1.9
ST0004-P07,ST0004,2025-11-21 13:00,2025-11-22 06:27,过温保护,降低功率运行,17.5
ST0004-P07,ST0004,2025-12-14 05:00,2025-12-14 06:55,通讯故障,检查天线连接,1.9
ST0004-P07,ST0004,2026-03-30 15:00,2026-03-30 21:39,功率异常,校准功率表,6.7
ST0004-P07,ST0004,2026-06-16 21:00,2026-06-17 00:36,线缆问题,更换连接器,3.6
ST0004-P07,ST0004,2026-07-05 09:00,2026-07-05 09:30,接触不良,更换充电枪头,0.5
ST0004-P07,ST0004,2026-07-18 10:00,2026-07-19 00:00,硬件损坏,更换控制板,14.0
ST0004-P08,ST0004,2025-09-19 05:00,2025-09-20 13:41,过温保护,检查风扇,32.7
ST0004-P08,ST0004,2026-03-03 04:00,2026-03-03 10:42,接触不良,紧固接线端子,6.7
ST0004-P08,ST0004,2026-04-25 16:00,2026-04-26 00:00,过温保护,降低功率运行,8.0
ST0004-P08,ST0004,2026-04-30 16:00,2026-04-30 19:14,接触不良,更换充电枪头,3.2
ST0004-P08,ST0004,2026-06-11 19:00,2026-06-12 17:46,接触不良,更换充电枪头,22.8
ST0004-P09,ST0004,2025-08-23 22:00,2025-08-23 23:02,功率异常,固件升级,1.0
ST0004-P09,ST0004,2026-02-12 11:00,2026-02-12 14:51,接触不良,紧固接线端子,3.9
ST0004-P09,ST0004,2026-03-08 07:00,2026-03-08 11:27,过温保护,检查风扇,4.5
ST0004-P09,ST0004,2026-04-25 13:00,2026-04-25 16:43,通讯故障,更换4G/5G模块,3.7
ST0004-P09,ST0004,2026-07-14 20:00,2026-07-15 08:19,接触不良,清洁接头,12.3
ST0004-P10,ST0004,2026-03-06 04:00,2026-03-06 09:55,功率异常,更换传感器,5.9
ST0004-P10,ST0004,2026-07-23 18:00,2026-07-23 20:56,硬件损坏,更换功率模块,2.9
ST0004-P11,ST0004,2025-08-04 18:00,2025-08-04 23:37,接触不良,紧固接线端子,5.6
ST0004-P11,ST0004,2025-09-30 16:00,2025-09-30 19:52,硬件损坏,更换功率模块,3.9
ST0004-P11,ST0004,2025-11-05 00:00,2025-11-05 00:30,过温保护,降低功率运行,0.5
ST0004-P11,ST0004,2026-02-02 03:00,2026-02-02 03:35,过温保护,清理散热片,0.6
ST0004-P11,ST0004,2026-02-09 20:00,2026-02-10 00:52,接触不良,更换充电枪头,4.9
ST0004-P11,ST0004,2026-07-19 10:00,2026-07-19 10:57,硬件损坏,更换控制板,1.0
ST0004-P12,ST0004,2026-05-27 08:00,2026-05-27 09:43,过温保护,检查风扇,1.7
ST0004-P13,ST0004,2025-11-13 13:00,2025-11-13 19:07,硬件损坏,返厂维修,6.1
ST0004-P13,ST0004,2026-02-06 17:00,2026-02-06 20:53,过温保护,降低功率运行,3.9
ST0004-P13,ST0004,2026-04-05 08:00,2026-04-05 15:55,接触不良,清洁接头,7.9
ST0004-P13,ST0004,2026-05-13 15:00,2026-05-13 17:01,过温保护,清理散热片,2.0
ST0004-P13,ST0004,2026-05-23 11:00,2026-05-23 22:56,通讯故障,检查天线连接,11.9
ST0004-P14,ST0004,2025-09-21 06:00,2025-09-21 08:42,硬件损坏,返厂维修,2.7
ST0004-P14,ST0004,2025-09-30 23:00,2025-10-01 01:27,过温保护,清理散热片,2.5
ST0004-P14,ST0004,2026-03-17 22:00,2026-03-18 13:39,接触不良,更换充电枪头,15.7
ST0004-P15,ST0004,2025-08-27 05:00,2025-08-27 05:32,接触不良,清洁接头,0.5
ST0004-P15,ST0004,2026-06-22 00:00,2026-06-22 00:39,过温保护,清理散热片,0.7
ST0004-P15,ST0004,2026-07-23 21:00,2026-07-23 21:33,过温保护,降低功率运行,0.6
ST0004-P16,ST0004,2025-09-02 08:00,2025-09-02 17:05,过温保护,清理散热片,9.1
ST0004-P16,ST0004,2026-06-04 13:00,2026-06-04 14:41,硬件损坏,更换功率模块,1.7
ST0004-P17,ST0004,2026-02-22 19:00,2026-02-22 19:30,过温保护,降低功率运行,0.5
ST0004-P17,ST0004,2026-04-24 09:00,2026-04-24 09:44,通讯故障,检查天线连接,0.7
ST0004-P17,ST0004,2026-06-02 01:00,2026-06-02 02:18,通讯故障,重启通讯模块,1.3
ST0004-P18,ST0004,2026-03-13 00:00,2026-03-13 00:30,通讯故障,重启通讯模块,0.5
ST0004-P19,ST0004,2025-11-08 01:00,2025-11-08 05:41,硬件损坏,返厂维修,4.7
ST0004-P19,ST0004,2025-11-27 19:00,2025-11-28 01:25,过温保护,清理散热片,6.4
ST0004-P19,ST0004,2026-04-19 16:00,2026-04-19 16:30,功率异常,固件升级,0.5
ST0004-P20,ST0004,2025-09-14 08:00,2025-09-14 09:17,通讯故障,更换4G/5G模块,1.3
ST0004-P20,ST0004,2026-01-28 21:00,2026-01-29 03:33,过温保护,检查风扇,6.6
ST0004-P20,ST0004,2026-02-24 18:00,2026-02-24 23:31,通讯故障,重启通讯模块,5.5
ST0004-P20,ST0004,2026-04-23 00:00,2026-04-23 00:48,线缆问题,更换连接器,0.8
ST0005-P01,ST0005,2026-01-25 08:00,2026-01-25 10:29,功率异常,校准功率表,2.5
ST0005-P01,ST0005,2026-05-14 18:00,2026-05-14 19:50,通讯故障,更换4G/5G模块,1.8
ST0005-P01,ST0005,2026-06-07 06:00,2026-06-07 11:30,过温保护,检查风扇,5.5
ST0005-P02,ST0005,2026-05-22 00:00,2026-05-22 04:59,功率异常,更换传感器,5.0
ST0005-P03,ST0005,2025-09-29 16:00,2025-09-29 19:02,过温保护,检查风扇,3.0
ST0005-P03,ST0005,2026-04-15 09:00,2026-04-15 11:22,接触不良,清洁接头,2.4
ST0005-P03,ST0005,2026-05-03 18:00,2026-05-03 19:06,过温保护,检查风扇,1.1
ST0005-P04,ST0005,2026-01-21 14:00,2026-01-21 14:57,线缆问题,更换连接器,1.0
ST0005-P04,ST0005,2026-05-16 15:00,2026-05-16 16:33,通讯故障,重启通讯模块,1.6
ST0005-P05,ST0005,2025-09-29 08:00,2025-09-29 12:32,过温保护,清理散热片,4.5
ST0005-P05,ST0005,2026-02-12 20:00,2026-02-13 02:13,过温保护,清理散热片,6.2
ST0005-P05,ST0005,2026-07-13 22:00,2026-07-14 00:45,接触不良,更换充电枪头,2.8
ST0005-P06,ST0005,2025-08-05 22:00,2025-08-06 00:15,过温保护,检查风扇,2.3
ST0005-P06,ST0005,2026-01-28 16:00,2026-01-28 21:28,硬件损坏,返厂维修,5.5
ST0005-P07,ST0005,2025-09-08 17:00,2025-09-08 20:22,接触不良,更换充电枪头,3.4
ST0005-P07,ST0005,2026-07-11 23:00,2026-07-12 03:09,接触不良,清洁接头,4.2
ST0005-P08,ST0005,2025-11-11 07:00,2025-11-11 08:07,过温保护,降低功率运行,1.1
ST0005-P08,ST0005,2025-11-26 06:00,2025-11-26 06:49,接触不良,更换充电枪头,0.8
ST0005-P08,ST0005,2025-12-02 08:00,2025-12-02 08:42,硬件损坏,更换功率模块,0.7
ST0005-P08,ST0005,2026-07-16 06:00,2026-07-16 06:39,过温保护,检查风扇,0.7
ST0005-P09,ST0005,2025-08-04 17:00,2025-08-05 09:09,通讯故障,重启通讯模块,16.2
ST0005-P09,ST0005,2025-10-01 02:00,2025-10-01 04:58,硬件损坏,返厂维修,3.0
ST0005-P09,ST0005,2026-07-06 15:00,2026-07-06 17:06,过温保护,降低功率运行,2.1
ST0005-P10,ST0005,2025-10-05 01:00,2025-10-05 04:15,硬件损坏,返厂维修,3.3
ST0005-P10,ST0005,2025-11-02 16:00,2025-11-02 20:25,过温保护,检查风扇,4.4
ST0005-P10,ST0005,2026-02-20 07:00,2026-02-20 17:36,接触不良,紧固接线端子,10.6
ST0005-P10,ST0005,2026-03-05 15:00,2026-03-05 18:23,硬件损坏,返厂维修,3.4
ST0005-P10,ST0005,2026-05-22 08:00,2026-05-22 08:44,硬件损坏,更换控制板,0.7
ST0005-P11,ST0005,2025-10-29 14:00,2025-10-29 16:12,接触不良,更换充电枪头,2.2
ST0005-P11,ST0005,2026-01-09 22:00,2026-01-09 23:06,硬件损坏,更换功率模块,1.1
ST0005-P11,ST0005,2026-07-24 16:00,2026-07-24 18:50,接触不良,清洁接头,2.8
ST0005-P12,ST0005,2026-02-02 19:00,2026-02-02 19:40,接触不良,清洁接头,0.7
ST0005-P12,ST0005,2026-05-25 03:00,2026-05-25 06:28,接触不良,清洁接头,3.5
ST0005-P13,ST0005,2025-12-16 15:00,2025-12-16 16:38,接触不良,紧固接线端子,1.6
ST0005-P13,ST0005,2026-01-23 11:00,2026-01-23 11:34,接触不良,更换充电枪头,0.6
ST0005-P14,ST0005,2026-02-22 08:00,2026-02-22 09:10,接触不良,清洁接头,1.2
ST0005-P14,ST0005,2026-07-25 11:00,2026-07-25 17:38,过温保护,检查风扇,6.6
ST0005-P15,ST0005,2025-10-14 23:00,2025-10-15 12:24,过温保护,清理散热片,13.4
ST0005-P15,ST0005,2025-12-17 07:00,2025-12-17 17:36,接触不良,紧固接线端子,10.6
ST0005-P15,ST0005,2026-03-04 15:00,2026-03-04 20:15,接触不良,更换充电枪头,5.3
ST0005-P15,ST0005,2026-03-10 12:00,2026-03-10 19:06,接触不良,更换充电枪头,7.1
ST0005-P15,ST0005,2026-03-31 00:00,2026-03-31 00:31,接触不良,更换充电枪头,0.5
ST0005-P16,ST0005,2026-01-09 15:00,2026-01-09 18:25,硬件损坏,更换控制板,3.4
ST0005-P16,ST0005,2026-04-22 17:00,2026-04-22 22:24,线缆问题,更换连接器,5.4
ST0005-P17,ST0005,2025-08-31 06:00,2025-08-31 06:43,硬件损坏,更换控制板,0.7
ST0005-P17,ST0005,2025-09-20 22:00,2025-09-20 22:42,接触不良,更换充电枪头,0.7
ST0005-P17,ST0005,2026-04-01 20:00,2026-04-02 02:44,接触不良,更换充电枪头,6.7
ST0005-P18,ST0005,2025-08-11 13:00,2025-08-11 14:53,过温保护,清理散热片,1.9
ST0005-P18,ST0005,2025-10-29 09:00,2025-10-29 11:47,功率异常,更换传感器,2.8
ST0005-P18,ST0005,2025-11-10 18:00,2025-11-10 19:26,过温保护,降低功率运行,1.4
ST0005-P18,ST0005,2026-01-14 21:00,2026-01-14 22:03,接触不良,紧固接线端子,1.1
ST0005-P18,ST0005,2026-01-27 21:00,2026-01-27 23:29,接触不良,紧固接线端子,2.5
ST0005-P18,ST0005,2026-06-29 20:00,2026-06-30 01:30,过温保护,降低功率运行,5.5
ST0005-P19,ST0005,2025-10-22 10:00,2025-10-22 16:19,接触不良,更换充电枪头,6.3
ST0005-P19,ST0005,2026-02-24 02:00,2026-02-24 02:35,过温保护,清理散热片,0.6
ST0005-P19,ST0005,2026-06-20 04:00,2026-06-20 15:14,过温保护,清理散热片,11.2
ST0005-P19,ST0005,2026-06-20 19:00,2026-06-20 20:37,硬件损坏,返厂维修,1.6
ST0005-P19,ST0005,2026-06-24 10:00,2026-06-24 13:57,通讯故障,更换4G/5G模块,4.0
ST0005-P20,ST0005,2025-08-12 04:00,2025-08-12 07:22,通讯故障,检查天线连接,3.4
ST0005-P20,ST0005,2025-11-29 21:00,2025-11-30 02:44,过温保护,检查风扇,5.7
ST0005-P20,ST0005,2026-02-28 05:00,2026-02-28 05:30,通讯故障,重启通讯模块,0.5
ST0005-P20,ST0005,2026-03-16 11:00,2026-03-16 12:08,接触不良,紧固接线端子,1.1
ST0005-P20,ST0005,2026-05-28 16:00,2026-05-28 21:26,通讯故障,更换4G/5G模块,5.4
ST0006-P01,ST0006,2025-09-18 02:00,2025-09-18 02:32,通讯故障,更换4G/5G模块,0.5
ST0006-P01,ST0006,2025-10-25 12:00,2025-10-25 19:29,功率异常,校准功率表,7.5
ST0006-P01,ST0006,2026-05-08 01:00,2026-05-08 03:01,接触不良,更换充电枪头,2.0
ST0006-P02,ST0006,2025-09-12 03:00,2025-09-12 08:07,通讯故障,更换4G/5G模块,5.1
ST0006-P02,ST0006,2026-06-13 04:00,2026-06-13 09:05,过温保护,清理散热片,5.1
ST0006-P03,ST0006,2025-10-04 04:00,2025-10-04 13:33,硬件损坏,返厂维修,9.6
ST0006-P03,ST0006,2025-10-27 00:00,2025-10-27 03:30,接触不良,更换充电枪头,3.5
ST0006-P03,ST0006,2025-12-24 14:00,2025-12-24 14:48,通讯故障,检查天线连接,0.8
ST0006-P03,ST0006,2026-07-06 11:00,2026-07-06 13:02,接触不良,清洁接头,2.0
ST0006-P04,ST0006,2026-05-08 14:00,2026-05-08 17:46,硬件损坏,更换功率模块,3.8
ST0006-P04,ST0006,2026-05-30 19:00,2026-05-31 03:13,硬件损坏,更换控制板,8.2
ST0006-P04,ST0006,2026-06-20 23:00,2026-06-21 09:45,功率异常,固件升级,10.8
ST0006-P04,ST0006,2026-07-24 17:00,2026-07-24 17:30,过温保护,清理散热片,0.5
ST0006-P05,ST0006,2025-08-01 16:00,2025-08-02 02:23,功率异常,校准功率表,10.4
ST0006-P05,ST0006,2025-09-15 14:00,2025-09-15 16:12,过温保护,检查风扇,2.2
ST0006-P05,ST0006,2025-10-19 09:00,2025-10-19 19:53,过温保护,清理散热片,10.9
ST0006-P05,ST0006,2026-02-04 13:00,2026-02-04 18:20,通讯故障,更换4G/5G模块,5.3
ST0006-P05,ST0006,2026-04-04 17:00,2026-04-04 20:43,硬件损坏,更换功率模块,3.7
ST0006-P06,ST0006,2025-11-27 00:00,2025-11-27 02:55,接触不良,紧固接线端子,2.9
ST0006-P06,ST0006,2026-02-08 06:00,2026-02-08 09:34,功率异常,更换传感器,3.6
ST0006-P06,ST0006,2026-03-09 09:00,2026-03-09 17:09,过温保护,降低功率运行,8.2
ST0006-P06,ST0006,2026-04-02 09:00,2026-04-02 19:08,接触不良,更换充电枪头,10.1
ST0006-P07,ST0006,2026-03-12 12:00,2026-03-12 13:37,硬件损坏,更换功率模块,1.6
ST0006-P08,ST0006,2026-06-27 12:00,2026-06-27 13:37,接触不良,清洁接头,1.6
ST0006-P09,ST0006,2025-11-05 02:00,2025-11-05 04:24,过温保护,清理散热片,2.4
ST0006-P09,ST0006,2025-12-18 09:00,2025-12-18 11:24,接触不良,紧固接线端子,2.4
ST0006-P09,ST0006,2026-04-30 08:00,2026-04-30 09:01,通讯故障,更换4G/5G模块,1.0
ST0006-P09,ST0006,2026-06-10 22:00,2026-06-11 03:21,接触不良,紧固接线端子,5.4
ST0006-P10,ST0006,2025-09-26 20:00,2025-09-26 22:45,接触不良,清洁接头,2.8
ST0006-P11,ST0006,2025-08-26 17:00,2025-08-26 21:21,通讯故障,重启通讯模块,4.4
ST0006-P11,ST0006,2025-11-04 03:00,2025-11-04 03:47,接触不良,清洁接头,0.8
ST0006-P11,ST0006,2025-11-28 02:00,2025-11-28 04:08,接触不良,更换充电枪头,2.1
ST0006-P11,ST0006,2025-12-16 04:00,2025-12-16 16:59,通讯故障,检查天线连接,13.0
ST0006-P11,ST0006,2026-03-13 23:00,2026-03-13 23:38,接触不良,更换充电枪头,0.6
ST0006-P12,ST0006,2025-09-11 04:00,2025-09-11 04:56,过温保护,清理散热片,0.9
ST0006-P12,ST0006,2026-04-13 11:00,2026-04-13 11:30,接触不良,清洁接头,0.5
ST0006-P12,ST0006,2026-07-23 01:00,2026-07-23 06:32,接触不良,清洁接头,5.5
ST0006-P13,ST0006,2025-11-01 06:00,2025-11-01 08:33,接触不良,清洁接头,2.6
ST0006-P13,ST0006,2025-12-06 12:00,2025-12-06 12:30,过温保护,检查风扇,0.5
ST0006-P13,ST0006,2026-02-12 00:00,2026-02-12 03:19,过温保护,清理散热片,3.3
ST0006-P14,ST0006,2025-08-22 23:00,2025-08-23 10:41,通讯故障,检查天线连接,11.7
ST0006-P14,ST0006,2026-01-13 05:00,2026-01-13 12:54,接触不良,紧固接线端子,7.9
ST0006-P14,ST0006,2026-02-16 21:00,2026-02-16 21:48,线缆问题,修补线缆外皮,0.8
ST0006-P14,ST0006,2026-04-24 03:00,2026-04-24 04:52,接触不良,清洁接头,1.9
ST0006-P14,ST0006,2026-07-07 06:00,2026-07-07 06:40,接触不良,清洁接头,0.7
ST0006-P15,ST0006,2025-08-27 21:00,2025-08-27 21:40,过温保护,清理散热片,0.7
ST0006-P15,ST0006,2025-09-27 07:00,2025-09-27 12:02,接触不良,紧固接线端子,5.0
ST0006-P15,ST0006,2026-03-11 10:00,2026-03-11 14:18,过温保护,清理散热片,4.3
ST0006-P16,ST0006,2025-12-20 18:00,2025-12-20 19:00,接触不良,更换充电枪头,1.0
ST0006-P17,ST0006,2025-08-22 18:00,2025-08-22 18:30,过温保护,降低功率运行,0.5
ST0006-P17,ST0006,2026-04-01 22:00,2026-04-02 04:26,接触不良,紧固接线端子,6.4
ST0006-P18,ST0006,2025-09-16 21:00,2025-09-16 22:06,通讯故障,检查天线连接,1.1
ST0006-P18,ST0006,2025-12-06 05:00,2025-12-06 05:30,接触不良,清洁接头,0.5
ST0006-P19,ST0006,2025-09-24 04:00,2025-09-24 13:03,线缆问题,修补线缆外皮,9.1
ST0006-P19,ST0006,2025-10-18 22:00,2025-10-18 23:23,接触不良,紧固接线端子,1.4
ST0006-P19,ST0006,2025-11-07 00:00,2025-11-07 00:55,过温保护,降低功率运行,0.9
ST0006-P19,ST0006,2025-11-28 10:00,2025-11-28 10:30,通讯故障,检查天线连接,0.5
ST0006-P19,ST0006,2026-06-27 11:00,2026-06-27 11:30,接触不良,清洁接头,0.5
ST0006-P20,ST0006,2025-10-08 08:00,2025-10-08 08:48,过温保护,清理散热片,0.8
ST0007-P01,ST0007,2025-10-19 14:00,2025-10-19 16:06,接触不良,清洁接头,2.1
ST0007-P01,ST0007,2025-10-22 02:00,2025-10-22 05:54,通讯故障,检查天线连接,3.9
ST0007-P01,ST0007,2025-11-04 17:00,2025-11-04 18:54,过温保护,检查风扇,1.9
ST0007-P01,ST0007,2025-12-19 19:00,2025-12-19 20:14,接触不良,紧固接线端子,1.2
ST0007-P01,ST0007,2026-01-13 23:00,2026-01-14 02:34,过温保护,检查风扇,3.6
ST0007-P02,ST0007,2025-11-03 00:00,2025-11-03 08:06,硬件损坏,返厂维修,8.1
ST0007-P02,ST0007,2025-11-06 16:00,2025-11-06 18:12,过温保护,降低功率运行,2.2
ST0007-P02,ST0007,2026-01-12 23:00,2026-01-13 07:59,过温保护,清理散热片,9.0
ST0007-P02,ST0007,2026-02-03 19:00,2026-02-03 21:40,过温保护,清理散热片,2.7
ST0007-P02,ST0007,2026-07-04 17:00,2026-07-04 23:26,通讯故障,更换4G/5G模块,6.4
ST0007-P03,ST0007,2026-05-10 04:00,2026-05-10 05:15,过温保护,降低功率运行,1.3
ST0007-P04,ST0007,2025-09-04 01:00,2025-09-04 17:38,过温保护,清理散热片,16.6
ST0007-P04,ST0007,2025-09-19 16:00,2025-09-19 23:12,接触不良,紧固接线端子,7.2
ST0007-P04,ST0007,2025-10-31 01:00,2025-10-31 03:59,接触不良,更换充电枪头,3.0
ST0007-P05,ST0007,2025-08-17 18:00,2025-08-18 03:49,接触不良,紧固接线端子,9.8
ST0007-P05,ST0007,2026-02-15 21:00,2026-02-15 21:30,接触不良,清洁接头,0.5
ST0007-P06,ST0007,2025-09-06 00:00,2025-09-06 00:30,过温保护,清理散热片,0.5
ST0007-P06,ST0007,2026-02-01 17:00,2026-02-02 01:16,过温保护,降低功率运行,8.3
ST0007-P06,ST0007,2026-03-01 11:00,2026-03-01 14:38,通讯故障,检查天线连接,3.6
ST0007-P06,ST0007,2026-03-28 20:00,2026-03-29 05:12,接触不良,更换充电枪头,9.2
ST0007-P06,ST0007,2026-07-02 15:00,2026-07-02 15:35,通讯故障,重启通讯模块,0.6
ST0007-P07,ST0007,2025-11-06 06:00,2025-11-06 06:43,通讯故障,检查天线连接,0.7
ST0007-P07,ST0007,2025-11-27 17:00,2025-11-27 17:30,过温保护,检查风扇,0.5
ST0007-P07,ST0007,2026-01-03 02:00,2026-01-03 03:55,接触不良,更换充电枪头,1.9
ST0007-P07,ST0007,2026-04-23 03:00,2026-04-23 05:55,通讯故障,重启通讯模块,2.9
ST0007-P08,ST0007,2026-03-01 23:00,2026-03-02 00:21,过温保护,清理散热片,1.4
ST0007-P08,ST0007,2026-05-13 23:00,2026-05-14 00:58,通讯故障,检查天线连接,2.0
ST0007-P08,ST0007,2026-06-23 18:00,2026-06-23 19:45,功率异常,更换传感器,1.8
ST0007-P09,ST0007,2025-10-20 17:00,2025-10-20 17:30,通讯故障,检查天线连接,0.5
ST0007-P09,ST0007,2026-01-13 19:00,2026-01-13 21:44,过温保护,清理散热片,2.7
ST0007-P09,ST0007,2026-02-28 20:00,2026-02-28 20:30,通讯故障,更换4G/5G模块,0.5
ST0007-P09,ST0007,2026-03-15 11:00,2026-03-15 12:13,过温保护,检查风扇,1.2
ST0007-P09,ST0007,2026-04-16 10:00,2026-04-16 10:58,通讯故障,检查天线连接,1.0
ST0007-P09,ST0007,2026-05-09 10:00,2026-05-09 13:36,接触不良,清洁接头,3.6
ST0007-P10,ST0007,2025-08-18 09:00,2025-08-18 11:44,通讯故障,检查天线连接,2.7
ST0007-P10,ST0007,2025-12-09 11:00,2025-12-09 11:30,过温保护,检查风扇,0.5
ST0007-P10,ST0007,2026-03-18 12:00,2026-03-18 17:12,接触不良,更换充电枪头,5.2
ST0007-P11,ST0007,2025-10-10 08:00,2025-10-10 20:00,接触不良,清洁接头,12.0
ST0007-P11,ST0007,2025-10-19 03:00,2025-10-19 12:58,接触不良,更换充电枪头,10.0
ST0007-P11,ST0007,2025-12-20 17:00,2025-12-20 18:47,接触不良,紧固接线端子,1.8
ST0007-P11,ST0007,2026-01-09 00:00,2026-01-09 03:34,接触不良,紧固接线端子,3.6
ST0007-P11,ST0007,2026-03-24 11:00,2026-03-24 11:35,线缆问题,更换充电线缆,0.6
ST0007-P11,ST0007,2026-05-12 18:00,2026-05-12 18:30,硬件损坏,返厂维修,0.5
ST0007-P12,ST0007,2025-11-20 23:00,2025-11-21 03:18,接触不良,更换充电枪头,4.3
ST0007-P12,ST0007,2026-01-14 15:00,2026-01-14 19:42,接触不良,更换充电枪头,4.7
ST0007-P12,ST0007,2026-04-07 22:00,2026-04-08 05:34,接触不良,紧固接线端子,7.6
ST0007-P12,ST0007,2026-05-20 12:00,2026-05-20 18:34,硬件损坏,返厂维修,6.6
ST0007-P13,ST0007,2025-08-20 23:00,2025-08-21 10:32,功率异常,固件升级,11.5
ST0007-P13,ST0007,2026-06-01 20:00,2026-06-02 13:34,过温保护,检查风扇,17.6
ST0007-P14,ST0007,2025-08-29 10:00,2025-08-29 20:22,过温保护,检查风扇,10.4
ST0007-P15,ST0007,2025-10-01 07:00,2025-10-01 11:46,硬件损坏,返厂维修,4.8
ST0007-P15,ST0007,2026-06-21 20:00,2026-06-22 06:19,功率异常,更换传感器,10.3
ST0007-P15,ST0007,2026-07-01 19:00,2026-07-01 20:24,过温保护,清理散热片,1.4
ST0007-P16,ST0007,2025-08-26 17:00,2025-08-26 22:09,接触不良,清洁接头,5.2
ST0007-P16,ST0007,2025-09-12 15:00,2025-09-12 16:39,通讯故障,检查天线连接,1.7
ST0007-P16,ST0007,2025-10-15 04:00,2025-10-15 08:46,接触不良,清洁接头,4.8
ST0007-P16,ST0007,2026-03-10 09:00,2026-03-10 09:30,过温保护,检查风扇,0.5
ST0007-P16,ST0007,2026-03-17 19:00,2026-03-17 20:02,过温保护,降低功率运行,1.0
ST0007-P16,ST0007,2026-04-16 02:00,2026-04-16 02:30,接触不良,更换充电枪头,0.5
ST0007-P16,ST0007,2026-07-11 23:00,2026-07-12 02:37,接触不良,清洁接头,3.6
ST0007-P17,ST0007,2026-02-21 16:00,2026-02-21 19:06,接触不良,清洁接头,3.1
ST0007-P18,ST0007,2025-09-06 08:00,2025-09-06 16:18,过温保护,检查风扇,8.3
ST0007-P18,ST0007,2026-01-13 21:00,2026-01-14 00:00,过温保护,降低功率运行,3.0
ST0007-P18,ST0007,2026-04-26 07:00,2026-04-26 07:30,接触不良,更换充电枪头,0.5
ST0007-P18,ST0007,2026-05-15 19:00,2026-05-16 03:09,接触不良,紧固接线端子,8.2
ST0007-P18,ST0007,2026-06-30 18:00,2026-06-30 18:30,通讯故障,重启通讯模块,0.5
ST0007-P19,ST0007,2025-08-28 07:00,2025-08-28 08:05,接触不良,紧固接线端子,1.1
ST0007-P19,ST0007,2025-09-13 03:00,2025-09-13 08:21,过温保护,降低功率运行,5.4
ST0007-P19,ST0007,2025-10-14 14:00,2025-10-14 19:50,过温保护,清理散热片,5.8
ST0007-P19,ST0007,2025-11-28 06:00,2025-11-28 08:09,接触不良,紧固接线端子,2.2
ST0007-P19,ST0007,2026-01-04 05:00,2026-01-04 13:16,接触不良,清洁接头,8.3
ST0007-P19,ST0007,2026-02-08 04:00,2026-02-08 06:11,接触不良,紧固接线端子,2.2
ST0007-P19,ST0007,2026-06-12 14:00,2026-06-13 06:33,通讯故障,检查天线连接,16.6
ST0007-P20,ST0007,2025-12-26 00:00,2025-12-26 01:24,功率异常,更换传感器,1.4
ST0007-P20,ST0007,2026-07-22 03:00,2026-07-22 04:03,硬件损坏,更换控制板,1.1
ST0008-P01,ST0008,2025-08-12 10:00,2025-08-13 03:35,过温保护,清理散热片,17.6
ST0008-P02,ST0008,2025-12-11 17:00,2025-12-12 04:58,通讯故障,更换4G/5G模块,12.0
ST0008-P02,ST0008,2026-06-15 23:00,2026-06-16 05:10,接触不良,更换充电枪头,6.2
ST0008-P02,ST0008,2026-07-22 22:00,2026-07-22 22:30,过温保护,降低功率运行,0.5
ST0008-P03,ST0008,2025-09-04 12:00,2025-09-04 16:11,接触不良,紧固接线端子,4.2
ST0008-P03,ST0008,2025-12-17 21:00,2025-12-18 00:44,接触不良,紧固接线端子,3.7
ST0008-P03,ST0008,2025-12-24 06:00,2025-12-25 00:55,接触不良,紧固接线端子,18.9
ST0008-P03,ST0008,2026-03-27 20:00,2026-03-28 07:26,通讯故障,重启通讯模块,11.4
ST0008-P03,ST0008,2026-06-13 08:00,2026-06-13 09:03,过温保护,清理散热片,1.1
ST0008-P04,ST0008,2025-11-27 12:00,2025-11-27 12:49,接触不良,紧固接线端子,0.8
ST0008-P04,ST0008,2025-12-28 20:00,2025-12-28 20:59,过温保护,检查风扇,1.0
ST0008-P05,ST0008,2026-01-09 15:00,2026-01-10 04:54,线缆问题,更换连接器,13.9
ST0008-P05,ST0008,2026-04-30 02:00,2026-04-30 10:36,接触不良,更换充电枪头,8.6
ST0008-P06,ST0008,2025-08-10 11:00,2025-08-10 12:00,过温保护,降低功率运行,1.0
ST0008-P06,ST0008,2025-12-20 01:00,2025-12-20 04:28,功率异常,固件升级,3.5
ST0008-P06,ST0008,2026-01-02 07:00,2026-01-02 10:35,接触不良,紧固接线端子,3.6
ST0008-P06,ST0008,2026-01-04 10:00,2026-01-04 16:46,接触不良,清洁接头,6.8
ST0008-P06,ST0008,2026-01-28 11:00,2026-01-28 14:04,通讯故障,检查天线连接,3.1
ST0008-P06,ST0008,2026-02-18 23:00,2026-02-19 00:01,线缆问题,更换充电线缆,1.0
ST0008-P07,ST0008,2025-08-16 17:00,2025-08-16 17:33,接触不良,清洁接头,0.6
ST0008-P07,ST0008,2025-11-24 04:00,2025-11-24 12:47,过温保护,检查风扇,8.8
ST0008-P08,ST0008,2025-11-25 13:00,2025-11-25 14:51,通讯故障,重启通讯模块,1.9
ST0008-P08,ST0008,2026-01-07 19:00,2026-01-08 00:08,过温保护,检查风扇,5.1
ST0008-P08,ST0008,2026-03-18 17:00,2026-03-18 19:44,线缆问题,更换充电线缆,2.7
ST0008-P08,ST0008,2026-05-21 04:00,2026-05-21 05:12,接触不良,清洁接头,1.2
ST0008-P08,ST0008,2026-06-10 20:00,2026-06-10 22:06,硬件损坏,返厂维修,2.1
ST0008-P09,ST0008,2025-10-10 18:00,2025-10-10 22:35,接触不良,紧固接线端子,4.6
ST0008-P10,ST0008,2025-10-09 13:00,2025-10-09 19:57,接触不良,更换充电枪头,7.0
ST0008-P10,ST0008,2026-07-02 18:00,2026-07-02 19:42,接触不良,更换充电枪头,1.7
ST0008-P10,ST0008,2026-07-19 22:00,2026-07-20 01:35,通讯故障,检查天线连接,3.6
ST0008-P11,ST0008,2025-08-14 19:00,2025-08-15 00:35,接触不良,紧固接线端子,5.6
ST0008-P11,ST0008,2025-09-24 04:00,2025-09-24 07:51,接触不良,更换充电枪头,3.9
ST0008-P11,ST0008,2025-11-27 07:00,2025-11-27 15:13,通讯故障,检查天线连接,8.2
ST0008-P11,ST0008,2025-12-15 19:00,2025-12-15 19:41,硬件损坏,返厂维修,0.7
ST0008-P11,ST0008,2025-12-19 04:00,2025-12-19 08:33,功率异常,校准功率表,4.6
ST0008-P11,ST0008,2026-02-28 13:00,2026-02-28 20:15,接触不良,清洁接头,7.3
ST0008-P11,ST0008,2026-03-15 23:00,2026-03-16 03:46,过温保护,降低功率运行,4.8
ST0008-P11,ST0008,2026-06-10 07:00,2026-06-10 15:30,通讯故障,检查天线连接,8.5
ST0008-P12,ST0008,2025-09-10 22:00,2025-09-11 04:59,接触不良,清洁接头,7.0
ST0008-P13,ST0008,2025-10-10 05:00,2025-10-10 07:49,过温保护,清理散热片,2.8
ST0008-P13,ST0008,2026-02-15 15:00,2026-02-15 22:08,硬件损坏,更换控制板,7.1
ST0008-P13,ST0008,2026-06-29 11:00,2026-06-29 17:48,接触不良,更换充电枪头,6.8
ST0008-P14,ST0008,2026-02-26 00:00,2026-02-26 01:21,接触不良,清洁接头,1.4
ST0008-P15,ST0008,2025-08-22 19:00,2025-08-23 08:11,接触不良,紧固接线端子,13.2
ST0008-P15,ST0008,2025-12-05 13:00,2025-12-05 16:07,通讯故障,更换4G/5G模块,3.1
ST0008-P15,ST0008,2026-02-11 23:00,2026-02-12 00:40,接触不良,清洁接头,1.7
ST0008-P15,ST0008,2026-02-18 19:00,2026-02-18 23:00,接触不良,紧固接线端子,4.0
ST0008-P15,ST0008,2026-03-13 19:00,2026-03-13 19:30,线缆问题,修补线缆外皮,0.5
ST0008-P15,ST0008,2026-07-19 10:00,2026-07-19 15:43,接触不良,清洁接头,5.7
ST0008-P16,ST0008,2025-08-20 16:00,2025-08-20 17:25,过温保护,清理散热片,1.4
ST0008-P16,ST0008,2025-12-04 16:00,2025-12-04 16:30,通讯故障,检查天线连接,0.5
ST0008-P16,ST0008,2026-02-19 23:00,2026-02-20 02:29,通讯故障,重启通讯模块,3.5
ST0008-P16,ST0008,2026-03-20 14:00,2026-03-20 18:55,过温保护,清理散热片,4.9
ST0008-P17,ST0008,2025-12-28 14:00,2025-12-29 04:31,过温保护,检查风扇,14.5
ST0008-P17,ST0008,2026-06-19 01:00,2026-06-19 09:12,过温保护,清理散热片,8.2
ST0008-P18,ST0008,2025-09-16 23:00,2025-09-17 04:53,接触不良,紧固接线端子,5.9
ST0008-P18,ST0008,2025-12-29 19:00,2025-12-29 19:30,硬件损坏,更换功率模块,0.5
ST0008-P18,ST0008,2026-03-26 20:00,2026-03-26 22:40,接触不良,清洁接头,2.7
ST0008-P18,ST0008,2026-07-20 16:00,2026-07-20 17:33,通讯故障,重启通讯模块,1.6
ST0008-P19,ST0008,2025-08-13 05:00,2025-08-13 11:20,通讯故障,更换4G/5G模块,6.3
ST0008-P19,ST0008,2026-01-13 22:00,2026-01-13 22:30,接触不良,紧固接线端子,0.5
ST0008-P19,ST0008,2026-02-28 10:00,2026-02-28 10:42,接触不良,清洁接头,0.7
ST0008-P19,ST0008,2026-03-21 02:00,2026-03-21 02:59,通讯故障,更换4G/5G模块,1.0
ST0008-P19,ST0008,2026-05-30 22:00,2026-05-31 02:43,功率异常,校准功率表,4.7
ST0008-P20,ST0008,2025-09-28 22:00,2025-09-29 00:15,功率异常,更换传感器,2.3
ST0008-P20,ST0008,2026-04-19 19:00,2026-04-19 23:04,接触不良,更换充电枪头,4.1
ST0008-P20,ST0008,2026-04-26 22:00,2026-04-27 00:10,通讯故障,更换4G/5G模块,2.2
ST0008-P20,ST0008,2026-06-21 11:00,2026-06-21 22:30,通讯故障,重启通讯模块,11.5
ST0009-P01,ST0009,2025-08-27 13:00,2025-08-27 17:13,通讯故障,更换4G/5G模块,4.2
ST0009-P01,ST0009,2025-10-14 05:00,2025-10-14 05:30,过温保护,降低功率运行,0.5
ST0009-P01,ST0009,2025-12-26 20:00,2025-12-27 03:59,过温保护,清理散热片,8.0
ST0009-P01,ST0009,2026-01-06 23:00,2026-01-07 00:50,功率异常,更换传感器,1.8
ST0009-P01,ST0009,2026-07-04 04:00,2026-07-04 04:57,过温保护,清理散热片,1.0
ST0009-P02,ST0009,2025-08-04 07:00,2025-08-04 13:22,过温保护,降低功率运行,6.4
ST0009-P02,ST0009,2025-09-10 19:00,2025-09-10 22:50,接触不良,紧固接线端子,3.8
ST0009-P02,ST0009,2025-12-21 19:00,2025-12-21 21:37,硬件损坏,返厂维修,2.6
ST0009-P02,ST0009,2026-03-21 13:00,2026-03-21 23:08,通讯故障,更换4G/5G模块,10.1
ST0009-P02,ST0009,2026-04-10 07:00,2026-04-10 07:33,接触不良,更换充电枪头,0.6
ST0009-P02,ST0009,2026-05-06 00:00,2026-05-06 03:56,接触不良,紧固接线端子,3.9
ST0009-P02,ST0009,2026-05-29 21:00,2026-05-29 21:30,接触不良,清洁接头,0.5
ST0009-P03,ST0009,2025-11-15 01:00,2025-11-15 05:37,过温保护,清理散热片,4.6
ST0009-P04,ST0009,2025-08-17 21:00,2025-08-18 00:29,接触不良,紧固接线端子,3.5
ST0009-P04,ST0009,2025-09-14 01:00,2025-09-14 07:23,接触不良,更换充电枪头,6.4
ST0009-P04,ST0009,2026-06-05 09:00,2026-06-05 10:15,通讯故障,更换4G/5G模块,1.3
ST0009-P05,ST0009,2026-07-05 22:00,2026-07-05 23:59,接触不良,紧固接线端子,2.0
ST0009-P05,ST0009,2026-07-11 09:00,2026-07-11 09:30,过温保护,降低功率运行,0.5
ST0009-P06,ST0009,2025-09-17 09:00,2025-09-17 11:37,过温保护,检查风扇,2.6
ST0009-P06,ST0009,2025-10-02 22:00,2025-10-02 22:36,过温保护,检查风扇,0.6
ST0009-P06,ST0009,2025-12-28 15:00,2025-12-29 08:16,过温保护,清理散热片,17.3
ST0009-P06,ST0009,2026-01-16 16:00,2026-01-16 18:45,功率异常,更换传感器,2.8
ST0009-P06,ST0009,2026-02-05 12:00,2026-02-05 12:30,通讯故障,重启通讯模块,0.5
ST0009-P06,ST0009,2026-03-07 17:00,2026-03-07 18:06,接触不良,更换充电枪头,1.1
ST0009-P07,ST0009,2025-09-25 18:00,2025-09-25 19:34,过温保护,降低功率运行,1.6
ST0009-P07,ST0009,2026-04-05 23:00,2026-04-05 23:30,通讯故障,检查天线连接,0.5
ST0009-P07,ST0009,2026-06-19 16:00,2026-06-19 18:55,通讯故障,重启通讯模块,2.9
ST0009-P08,ST0009,2026-07-28 09:00,2026-07-28 09:30,通讯故障,更换4G/5G模块,0.5
ST0009-P09,ST0009,2026-01-29 04:00,2026-01-29 10:26,接触不良,紧固接线端子,6.4
ST0009-P09,ST0009,2026-04-27 18:00,2026-04-27 22:40,通讯故障,检查天线连接,4.7
ST0009-P10,ST0009,2025-11-01 19:00,2025-11-01 23:54,过温保护,清理散热片,4.9
ST0009-P10,ST0009,2026-06-20 15:00,2026-06-20 19:02,过温保护,检查风扇,4.0
ST0009-P11,ST0009,2025-11-08 00:00,2025-11-08 00:30,通讯故障,重启通讯模块,0.5
ST0009-P12,ST0009,2025-09-28 21:00,2025-09-29 02:15,过温保护,检查风扇,5.3
ST0009-P12,ST0009,2025-12-23 08:00,2025-12-23 10:24,硬件损坏,更换功率模块,2.4
ST0009-P12,ST0009,2026-01-05 09:00,2026-01-05 13:07,通讯故障,检查天线连接,4.1
ST0009-P12,ST0009,2026-01-18 11:00,2026-01-18 20:00,接触不良,紧固接线端子,9.0
ST0009-P12,ST0009,2026-05-09 10:00,2026-05-09 12:59,线缆问题,更换充电线缆,3.0
ST0009-P12,ST0009,2026-06-23 06:00,2026-06-23 09:10,通讯故障,重启通讯模块,3.2
ST0009-P12,ST0009,2026-06-24 06:00,2026-06-24 12:47,接触不良,紧固接线端子,6.8
ST0009-P13,ST0009,2026-05-19 19:00,2026-05-19 20:08,接触不良,更换充电枪头,1.1
ST0009-P14,ST0009,2025-08-19 20:00,2025-08-19 20:48,接触不良,更换充电枪头,0.8
ST0009-P14,ST0009,2026-04-04 04:00,2026-04-04 10:14,硬件损坏,返厂维修,6.2
ST0009-P14,ST0009,2026-07-11 15:00,2026-07-11 16:38,硬件损坏,更换控制板,1.6
ST0009-P15,ST0009,2026-02-28 23:00,2026-03-01 21:26,过温保护,清理散热片,22.4
ST0009-P15,ST0009,2026-04-24 09:00,2026-04-24 23:43,硬件损坏,返厂维修,14.7
ST0009-P15,ST0009,2026-05-02 00:00,2026-05-02 00:53,过温保护,清理散热片,0.9
ST0009-P15,ST0009,2026-07-14 10:00,2026-07-14 14:12,硬件损坏,返厂维修,4.2
ST0009-P16,ST0009,2025-12-22 00:00,2025-12-22 02:29,接触不良,清洁接头,2.5
ST0009-P16,ST0009,2026-01-29 02:00,2026-01-29 03:11,过温保护,清理散热片,1.2
ST0009-P17,ST0009,2025-08-17 08:00,2025-08-17 16:04,硬件损坏,更换控制板,8.1
ST0009-P17,ST0009,2025-09-14 15:00,2025-09-14 18:27,过温保护,清理散热片,3.5
ST0009-P17,ST0009,2026-02-07 14:00,2026-02-07 16:18,过温保护,检查风扇,2.3
ST0009-P17,ST0009,2026-06-01 03:00,2026-06-01 20:34,线缆问题,修补线缆外皮,17.6
ST0009-P17,ST0009,2026-07-28 10:00,2026-07-28 10:30,通讯故障,检查天线连接,0.5
ST0009-P18,ST0009,2025-10-13 03:00,2025-10-13 08:17,通讯故障,检查天线连接,5.3
ST0009-P18,ST0009,2025-11-06 10:00,2025-11-06 13:54,接触不良,清洁接头,3.9
ST0009-P18,ST0009,2026-03-16 16:00,2026-03-17 01:44,接触不良,更换充电枪头,9.7
ST0009-P18,ST0009,2026-04-05 16:00,2026-04-05 16:56,接触不良,更换充电枪头,0.9
ST0009-P18,ST0009,2026-04-26 09:00,2026-04-26 12:59,通讯故障,更换4G/5G模块,4.0
ST0009-P18,ST0009,2026-07-13 04:00,2026-07-13 04:33,功率异常,校准功率表,0.6
ST0009-P19,ST0009,2026-01-07 01:00,2026-01-07 01:47,过温保护,降低功率运行,0.8
ST0009-P19,ST0009,2026-04-25 03:00,2026-04-25 17:13,通讯故障,重启通讯模块,14.2
ST0009-P19,ST0009,2026-06-01 02:00,2026-06-01 09:42,通讯故障,更换4G/5G模块,7.7
ST0009-P20,ST0009,2025-12-25 08:00,2025-12-25 09:59,通讯故障,检查天线连接,2.0
ST0009-P20,ST0009,2026-01-07 00:00,2026-01-07 01:46,过温保护,降低功率运行,1.8
ST0009-P20,ST0009,2026-01-07 20:00,2026-01-07 23:35,接触不良,更换充电枪头,3.6
ST0009-P20,ST0009,2026-01-12 06:00,2026-01-12 06:42,过温保护,清理散热片,0.7
ST0010-P01,ST0010,2025-08-08 19:00,2025-08-09 09:00,接触不良,紧固接线端子,14.0
ST0010-P01,ST0010,2026-01-11 08:00,2026-01-11 08:30,接触不良,更换充电枪头,0.5
ST0010-P01,ST0010,2026-04-21 03:00,2026-04-21 05:25,过温保护,清理散热片,2.4
ST0010-P01,ST0010,2026-05-05 11:00,2026-05-05 12:04,接触不良,紧固接线端子,1.1
ST0010-P01,ST0010,2026-07-27 09:00,2026-07-27 09:44,接触不良,紧固接线端子,0.7
ST0010-P02,ST0010,2025-08-15 15:00,2025-08-15 19:54,接触不良,紧固接线端子,4.9
ST0010-P02,ST0010,2025-08-26 03:00,2025-08-26 03:43,通讯故障,更换4G/5G模块,0.7
ST0010-P02,ST0010,2025-08-28 02:00,2025-08-28 02:44,接触不良,清洁接头,0.7
ST0010-P02,ST0010,2026-03-16 01:00,2026-03-16 04:50,接触不良,更换充电枪头,3.8
ST0010-P03,ST0010,2026-07-27 19:00,2026-07-27 23:21,过温保护,降低功率运行,4.4
ST0010-P04,ST0010,2025-09-17 22:00,2025-09-18 01:01,过温保护,检查风扇,3.0
ST0010-P04,ST0010,2025-09-19 14:00,2025-09-20 01:02,过温保护,检查风扇,11.0
ST0010-P04,ST0010,2026-03-27 15:00,2026-03-27 15:31,接触不良,更换充电枪头,0.5
ST0010-P04,ST0010,2026-03-27 18:00,2026-03-27 18:30,通讯故障,重启通讯模块,0.5
ST0010-P04,ST0010,2026-07-10 17:00,2026-07-10 18:15,通讯故障,重启通讯模块,1.3
ST0010-P04,ST0010,2026-07-17 20:00,2026-07-17 20:30,接触不良,紧固接线端子,0.5
ST0010-P05,ST0010,2025-08-16 02:00,2025-08-16 02:30,接触不良,清洁接头,0.5
ST0010-P05,ST0010,2026-01-14 14:00,2026-01-15 03:25,硬件损坏,更换控制板,13.4
ST0010-P05,ST0010,2026-02-03 12:00,2026-02-03 12:38,功率异常,校准功率表,0.6
ST0010-P05,ST0010,2026-07-25 21:00,2026-07-26 14:15,接触不良,清洁接头,17.3
ST0010-P06,ST0010,2025-09-06 09:00,2025-09-06 13:52,硬件损坏,返厂维修,4.9
ST0010-P06,ST0010,2025-12-03 17:00,2025-12-04 07:00,过温保护,清理散热片,14.0
ST0010-P06,ST0010,2026-01-14 17:00,2026-01-14 18:28,过温保护,降低功率运行,1.5
ST0010-P06,ST0010,2026-02-24 22:00,2026-02-24 22:30,接触不良,更换充电枪头,0.5
ST0010-P06,ST0010,2026-02-28 07:00,2026-02-28 11:28,接触不良,紧固接线端子,4.5
ST0010-P06,ST0010,2026-03-25 12:00,2026-03-25 12:54,接触不良,紧固接线端子,0.9
ST0010-P06,ST0010,2026-04-04 12:00,2026-04-04 12:30,过温保护,清理散热片,0.5
ST0010-P07,ST0010,2025-09-28 18:00,2025-09-29 02:07,过温保护,降低功率运行,8.1
ST0010-P07,ST0010,2025-11-29 05:00,2025-11-29 09:35,硬件损坏,返厂维修,4.6
ST0010-P07,ST0010,2026-01-23 17:00,2026-01-24 04:34,接触不良,紧固接线端子,11.6
ST0010-P07,ST0010,2026-07-09 02:00,2026-07-09 04:45,过温保护,降低功率运行,2.8
ST0010-P07,ST0010,2026-07-31 18:00,2026-07-31 21:50,通讯故障,更换4G/5G模块,3.8
ST0010-P08,ST0010,2026-05-12 03:00,2026-05-12 13:41,过温保护,检查风扇,10.7
ST0010-P09,ST0010,2025-09-01 02:00,2025-09-01 06:17,接触不良,更换充电枪头,4.3
ST0010-P09,ST0010,2025-10-11 18:00,2025-10-12 23:46,接触不良,紧固接线端子,29.8
ST0010-P09,ST0010,2026-04-11 20:00,2026-04-11 20:30,线缆问题,更换连接器,0.5
ST0010-P09,ST0010,2026-06-02 12:00,2026-06-02 16:12,接触不良,清洁接头,4.2
ST0010-P10,ST0010,2026-04-30 09:00,2026-04-30 15:06,通讯故障,更换4G/5G模块,6.1
ST0010-P10,ST0010,2026-07-05 04:00,2026-07-05 12:11,硬件损坏,更换控制板,8.2
ST0010-P11,ST0010,2025-08-05 19:00,2025-08-05 21:17,接触不良,紧固接线端子,2.3
ST0010-P11,ST0010,2025-08-28 00:00,2025-08-28 03:08,通讯故障,检查天线连接,3.1
ST0010-P11,ST0010,2025-09-01 11:00,2025-09-01 11:30,接触不良,紧固接线端子,0.5
ST0010-P11,ST0010,2026-01-24 02:00,2026-01-24 08:23,过温保护,降低功率运行,6.4
ST0010-P11,ST0010,2026-02-23 04:00,2026-02-23 10:48,硬件损坏,更换控制板,6.8
ST0010-P11,ST0010,2026-07-14 09:00,2026-07-14 14:44,通讯故障,更换4G/5G模块,5.7
ST0010-P12,ST0010,2026-01-31 03:00,2026-01-31 04:34,过温保护,检查风扇,1.6
ST0010-P13,ST0010,2025-10-28 15:00,2025-10-28 15:30,过温保护,清理散热片,0.5
ST0010-P13,ST0010,2026-01-10 22:00,2026-01-10 23:05,硬件损坏,更换控制板,1.1
ST0010-P13,ST0010,2026-02-24 12:00,2026-02-24 13:52,接触不良,清洁接头,1.9
ST0010-P13,ST0010,2026-05-07 06:00,2026-05-07 07:01,通讯故障,检查天线连接,1.0
ST0010-P14,ST0010,2025-08-06 02:00,2025-08-06 02:30,过温保护,降低功率运行,0.5
ST0010-P14,ST0010,2025-08-09 04:00,2025-08-09 05:40,功率异常,固件升级,1.7
ST0010-P14,ST0010,2025-10-09 02:00,2025-10-09 04:02,接触不良,更换充电枪头,2.0
ST0010-P14,ST0010,2026-04-07 21:00,2026-04-07 22:54,硬件损坏,更换控制板,1.9
ST0010-P14,ST0010,2026-06-25 13:00,2026-06-25 16:28,线缆问题,修补线缆外皮,3.5
ST0010-P14,ST0010,2026-07-10 04:00,2026-07-10 06:36,接触不良,更换充电枪头,2.6
ST0010-P15,ST0010,2025-11-24 05:00,2025-11-24 05:30,通讯故障,更换4G/5G模块,0.5
ST0010-P15,ST0010,2026-02-27 17:00,2026-02-28 03:28,过温保护,降低功率运行,10.5
ST0010-P15,ST0010,2026-03-19 12:00,2026-03-19 12:52,硬件损坏,更换控制板,0.9
ST0010-P15,ST0010,2026-04-13 23:00,2026-04-14 08:07,通讯故障,重启通讯模块,9.1
ST0010-P15,ST0010,2026-06-06 00:00,2026-06-06 04:10,功率异常,固件升级,4.2
ST0010-P15,ST0010,2026-07-31 16:00,2026-07-31 17:06,过温保护,检查风扇,1.1
ST0010-P16,ST0010,2026-02-05 03:00,2026-02-05 05:39,线缆问题,更换连接器,2.7
ST0010-P16,ST0010,2026-05-18 15:00,2026-05-18 15:30,过温保护,降低功率运行,0.5
ST0010-P17,ST0010,2025-10-12 23:00,2025-10-13 05:29,过温保护,降低功率运行,6.5
ST0010-P17,ST0010,2026-04-27 08:00,2026-04-27 11:05,通讯故障,更换4G/5G模块,3.1
ST0010-P18,ST0010,2026-01-07 19:00,2026-01-07 19:48,接触不良,更换充电枪头,0.8
ST0010-P18,ST0010,2026-06-19 23:00,2026-06-19 23:31,过温保护,降低功率运行,0.5
ST0010-P18,ST0010,2026-06-21 17:00,2026-06-21 21:34,通讯故障,检查天线连接,4.6
ST0010-P18,ST0010,2026-07-09 02:00,2026-07-09 02:47,过温保护,降低功率运行,0.8
ST0010-P19,ST0010,2026-03-04 11:00,2026-03-04 13:38,接触不良,清洁接头,2.6
ST0010-P19,ST0010,2026-03-21 16:00,2026-03-21 17:11,功率异常,更换传感器,1.2
ST0010-P19,ST0010,2026-05-21 23:00,2026-05-22 12:10,过温保护,检查风扇,13.2
ST0010-P20,ST0010,2026-05-16 08:00,2026-05-16 20:05,接触不良,更换充电枪头,12.1
ST0010-P20,ST0010,2026-06-02 23:00,2026-06-03 03:00,接触不良,清洁接头,4.0
ST0011-P01,ST0011,2025-08-14 09:00,2025-08-14 11:07,过温保护,检查风扇,2.1
ST0011-P01,ST0011,2025-09-09 08:00,2025-09-09 17:12,通讯故障,更换4G/5G模块,9.2
ST0011-P01,ST0011,2025-09-12 04:00,2025-09-12 11:19,过温保护,降低功率运行,7.3
ST0011-P01,ST0011,2025-12-28 23:00,2025-12-29 02:46,通讯故障,检查天线连接,3.8
ST0011-P02,ST0011,2025-08-08 23:00,2025-08-09 05:55,接触不良,更换充电枪头,6.9
ST0011-P02,ST0011,2025-10-17 21:00,2025-10-18 01:24,硬件损坏,更换控制板,4.4
ST0011-P02,ST0011,2026-06-06 05:00,2026-06-06 07:12,接触不良,紧固接线端子,2.2
ST0011-P03,ST0011,2025-11-01 16:00,2025-11-01 16:44,接触不良,更换充电枪头,0.7
ST0011-P03,ST0011,2026-07-25 07:00,2026-07-25 10:32,过温保护,检查风扇,3.5
ST0011-P04,ST0011,2025-10-18 15:00,2025-10-18 15:30,接触不良,清洁接头,0.5
ST0011-P04,ST0011,2026-02-13 07:00,2026-02-13 11:06,接触不良,紧固接线端子,4.1
ST0011-P04,ST0011,2026-03-14 23:00,2026-03-15 02:44,接触不良,紧固接线端子,3.7
ST0011-P05,ST0011,2025-08-28 20:00,2025-08-28 22:44,接触不良,清洁接头,2.7
ST0011-P05,ST0011,2025-09-29 01:00,2025-09-29 18:37,过温保护,清理散热片,17.6
ST0011-P05,ST0011,2026-03-26 12:00,2026-03-26 12:35,硬件损坏,更换控制板,0.6
ST0011-P06,ST0011,2025-12-26 14:00,2025-12-26 17:27,通讯故障,更换4G/5G模块,3.5
ST0011-P06,ST0011,2026-03-31 08:00,2026-03-31 08:30,接触不良,更换充电枪头,0.5
ST0011-P06,ST0011,2026-04-29 13:00,2026-04-29 18:09,通讯故障,重启通讯模块,5.2
ST0011-P06,ST0011,2026-04-30 20:00,2026-04-30 20:30,通讯故障,更换4G/5G模块,0.5
ST0011-P06,ST0011,2026-07-14 10:00,2026-07-14 11:16,过温保护,降低功率运行,1.3
ST0011-P06,ST0011,2026-07-16 01:00,2026-07-16 01:30,过温保护,清理散热片,0.5
ST0011-P07,ST0011,2025-12-15 03:00,2025-12-15 03:30,过温保护,检查风扇,0.5
ST0011-P07,ST0011,2025-12-18 10:00,2025-12-18 11:45,线缆问题,修补线缆外皮,1.8
ST0011-P07,ST0011,2026-07-02 18:00,2026-07-02 20:55,功率异常,更换传感器,2.9
ST0011-P08,ST0011,2025-12-02 23:00,2025-12-03 02:06,过温保护,降低功率运行,3.1
ST0011-P08,ST0011,2026-05-29 06:00,2026-05-29 14:29,通讯故障,检查天线连接,8.5
ST0011-P09,ST0011,2025-08-07 13:00,2025-08-07 17:20,通讯故障,重启通讯模块,4.3
ST0011-P09,ST0011,2026-03-17 11:00,2026-03-17 16:14,过温保护,清理散热片,5.2
ST0011-P09,ST0011,2026-04-26 03:00,2026-04-26 06:15,接触不良,紧固接线端子,3.3
ST0011-P09,ST0011,2026-07-11 00:00,2026-07-11 20:33,接触不良,更换充电枪头,20.6
ST0011-P10,ST0011,2025-12-07 06:00,2025-12-07 09:18,通讯故障,重启通讯模块,3.3
ST0011-P11,ST0011,2025-10-01 02:00,2025-10-01 04:23,功率异常,固件升级,2.4
ST0011-P11,ST0011,2026-06-23 03:00,2026-06-23 03:30,接触不良,紧固接线端子,0.5
ST0011-P11,ST0011,2026-07-03 06:00,2026-07-03 09:04,接触不良,紧固接线端子,3.1
ST0011-P12,ST0011,2025-09-08 20:00,2025-09-09 06:28,硬件损坏,更换控制板,10.5
ST0011-P12,ST0011,2025-10-22 02:00,2025-10-22 04:56,硬件损坏,更换控制板,2.9
ST0011-P12,ST0011,2025-12-20 13:00,2025-12-20 16:06,过温保护,降低功率运行,3.1
ST0011-P12,ST0011,2025-12-29 14:00,2025-12-30 09:33,通讯故障,检查天线连接,19.6
ST0011-P12,ST0011,2026-07-08 10:00,2026-07-08 17:22,线缆问题,修补线缆外皮,7.4
ST0011-P12,ST0011,2026-07-23 05:00,2026-07-23 05:39,接触不良,清洁接头,0.7
ST0011-P13,ST0011,2025-08-31 08:00,2025-08-31 14:59,通讯故障,更换4G/5G模块,7.0
ST0011-P13,ST0011,2025-10-31 14:00,2025-10-31 20:05,过温保护,清理散热片,6.1
ST0011-P13,ST0011,2026-04-09 06:00,2026-04-09 10:56,接触不良,紧固接线端子,4.9
ST0011-P14,ST0011,2026-06-27 15:00,2026-06-27 16:13,过温保护,清理散热片,1.2
ST0011-P15,ST0011,2025-09-24 14:00,2025-09-24 15:27,通讯故障,检查天线连接,1.5
ST0011-P15,ST0011,2025-11-20 19:00,2025-11-20 22:13,接触不良,紧固接线端子,3.2
ST0011-P16,ST0011,2025-08-10 15:00,2025-08-11 10:23,接触不良,更换充电枪头,19.4
ST0011-P16,ST0011,2025-08-20 21:00,2025-08-20 21:56,接触不良,清洁接头,0.9
ST0011-P16,ST0011,2025-12-15 04:00,2025-12-15 14:40,通讯故障,检查天线连接,10.7
ST0011-P16,ST0011,2026-01-16 12:00,2026-01-16 12:30,通讯故障,检查天线连接,0.5
ST0011-P16,ST0011,2026-07-01 20:00,2026-07-02 03:37,接触不良,更换充电枪头,7.6
ST0011-P17,ST0011,2025-08-02 12:00,2025-08-02 12:45,通讯故障,检查天线连接,0.8
ST0011-P17,ST0011,2025-08-29 20:00,2025-08-30 00:05,通讯故障,检查天线连接,4.1
ST0011-P17,ST0011,2025-09-05 17:00,2025-09-05 19:03,接触不良,更换充电枪头,2.1
ST0011-P17,ST0011,2025-09-16 11:00,2025-09-16 17:54,硬件损坏,返厂维修,6.9
ST0011-P17,ST0011,2026-04-04 03:00,2026-04-04 07:44,通讯故障,检查天线连接,4.7
ST0011-P17,ST0011,2026-05-02 11:00,2026-05-02 12:41,过温保护,检查风扇,1.7
ST0011-P17,ST0011,2026-07-16 09:00,2026-07-16 23:51,过温保护,检查风扇,14.9
ST0011-P18,ST0011,2025-08-21 12:00,2025-08-21 14:47,接触不良,紧固接线端子,2.8
ST0011-P18,ST0011,2025-11-06 09:00,2025-11-06 11:02,硬件损坏,返厂维修,2.0
ST0011-P18,ST0011,2025-11-12 05:00,2025-11-12 05:46,硬件损坏,返厂维修,0.8
ST0011-P18,ST0011,2026-02-16 03:00,2026-02-16 03:37,通讯故障,检查天线连接,0.6
ST0011-P18,ST0011,2026-07-19 11:00,2026-07-19 12:49,接触不良,清洁接头,1.8
ST0011-P19,ST0011,2026-06-20 14:00,2026-06-20 14:34,接触不良,紧固接线端子,0.6
ST0011-P20,ST0011,2025-08-09 01:00,2025-08-09 01:58,接触不良,清洁接头,1.0
ST0011-P20,ST0011,2025-08-22 12:00,2025-08-22 16:12,接触不良,更换充电枪头,4.2
ST0011-P20,ST0011,2025-08-29 10:00,2025-08-29 13:51,线缆问题,更换连接器,3.9
ST0011-P20,ST0011,2025-11-17 20:00,2025-11-17 20:39,过温保护,降低功率运行,0.7
ST0011-P20,ST0011,2026-04-13 17:00,2026-04-13 21:05,接触不良,清洁接头,4.1
ST0011-P20,ST0011,2026-05-04 20:00,2026-05-04 20:30,接触不良,清洁接头,0.5
ST0012-P01,ST0012,2026-05-02 04:00,2026-05-02 04:30,过温保护,降低功率运行,0.5
ST0012-P01,ST0012,2026-05-24 07:00,2026-05-25 04:05,功率异常,校准功率表,21.1
ST0012-P02,ST0012,2025-10-06 00:00,2025-10-06 01:26,通讯故障,重启通讯模块,1.4
ST0012-P02,ST0012,2025-12-03 22:00,2025-12-03 22:31,接触不良,紧固接线端子,0.5
ST0012-P02,ST0012,2026-03-30 19:00,2026-03-30 19:36,接触不良,更换充电枪头,0.6
ST0012-P03,ST0012,2025-09-19 14:00,2025-09-19 16:50,通讯故障,检查天线连接,2.8
ST0012-P03,ST0012,2025-10-27 18:00,2025-10-28 16:51,功率异常,校准功率表,22.9
ST0012-P04,ST0012,2025-10-01 21:00,2025-10-01 23:23,过温保护,降低功率运行,2.4
ST0012-P04,ST0012,2025-11-12 13:00,2025-11-12 13:33,硬件损坏,更换控制板,0.6
ST0012-P04,ST0012,2025-11-18 01:00,2025-11-18 02:50,接触不良,紧固接线端子,1.8
ST0012-P04,ST0012,2026-05-07 04:00,2026-05-07 04:51,通讯故障,更换4G/5G模块,0.9
ST0012-P04,ST0012,2026-07-14 12:00,2026-07-14 20:42,接触不良,清洁接头,8.7
ST0012-P05,ST0012,2025-10-08 03:00,2025-10-08 04:12,通讯故障,检查天线连接,1.2
ST0012-P05,ST0012,2025-10-26 22:00,2025-10-27 00:09,接触不良,清洁接头,2.2
ST0012-P05,ST0012,2025-12-03 18:00,2025-12-03 18:30,接触不良,更换充电枪头,0.5
ST0012-P05,ST0012,2026-05-11 05:00,2026-05-11 07:37,接触不良,清洁接头,2.6
ST0012-P06,ST0012,2025-08-04 05:00,2025-08-04 06:06,通讯故障,重启通讯模块,1.1
ST0012-P06,ST0012,2026-04-07 02:00,2026-04-07 02:30,通讯故障,重启通讯模块,0.5
ST0012-P06,ST0012,2026-07-28 20:00,2026-07-29 10:53,接触不良,紧固接线端子,14.9
ST0012-P07,ST0012,2025-10-13 20:00,2025-10-14 03:26,过温保护,检查风扇,7.4
ST0012-P07,ST0012,2025-12-01 05:00,2025-12-01 07:40,通讯故障,检查天线连接,2.7
ST0012-P07,ST0012,2026-04-25 14:00,2026-04-25 14:30,硬件损坏,更换控制板,0.5
ST0012-P07,ST0012,2026-07-21 04:00,2026-07-21 06:25,硬件损坏,更换功率模块,2.4
ST0012-P08,ST0012,2025-08-03 17:00,2025-08-03 19:27,通讯故障,重启通讯模块,2.5
ST0012-P08,ST0012,2026-01-02 11:00,2026-01-02 13:00,过温保护,检查风扇,2.0
ST0012-P08,ST0012,2026-06-10 02:00,2026-06-10 03:53,通讯故障,检查天线连接,1.9
ST0012-P09,ST0012,2025-08-23 01:00,2025-08-23 05:18,线缆问题,更换连接器,4.3
ST0012-P09,ST0012,2025-10-30 05:00,2025-10-30 09:03,硬件损坏,返厂维修,4.1
ST0012-P09,ST0012,2025-11-08 03:00,2025-11-08 12:16,线缆问题,更换充电线缆,9.3
ST0012-P09,ST0012,2025-11-15 08:00,2025-11-15 08:30,线缆问题,更换充电线缆,0.5
ST0012-P09,ST0012,2026-02-03 09:00,2026-02-03 18:01,过温保护,清理散热片,9.0
ST0012-P09,ST0012,2026-03-26 20:00,2026-03-27 03:21,接触不良,紧固接线端子,7.4
ST0012-P09,ST0012,2026-07-17 15:00,2026-07-17 17:28,通讯故障,更换4G/5G模块,2.5
ST0012-P10,ST0012,2025-08-27 17:00,2025-08-27 17:39,接触不良,更换充电枪头,0.7
ST0012-P10,ST0012,2026-03-21 01:00,2026-03-21 03:55,过温保护,清理散热片,2.9
ST0012-P11,ST0012,2025-09-06 07:00,2025-09-06 07:30,接触不良,紧固接线端子,0.5
ST0012-P11,ST0012,2026-01-14 13:00,2026-01-14 13:30,过温保护,清理散热片,0.5
ST0012-P11,ST0012,2026-03-16 18:00,2026-03-16 23:02,接触不良,紧固接线端子,5.0
ST0012-P12,ST0012,2026-01-14 07:00,2026-01-14 19:32,通讯故障,重启通讯模块,12.5
ST0012-P13,ST0012,2025-09-07 15:00,2025-09-07 19:19,接触不良,紧固接线端子,4.3
ST0012-P13,ST0012,2025-11-11 12:00,2025-11-11 17:57,接触不良,更换充电枪头,6.0
ST0012-P13,ST0012,2026-04-06 01:00,2026-04-06 01:49,通讯故障,更换4G/5G模块,0.8
ST0012-P14,ST0012,2026-06-09 14:00,2026-06-09 18:19,接触不良,更换充电枪头,4.3
ST0012-P15,ST0012,2025-11-08 20:00,2025-11-08 20:30,过温保护,检查风扇,0.5
ST0012-P15,ST0012,2025-12-17 06:00,2025-12-17 19:45,接触不良,清洁接头,13.8
ST0012-P16,ST0012,2025-10-27 10:00,2025-10-27 13:49,通讯故障,重启通讯模块,3.8
ST0012-P16,ST0012,2025-12-30 19:00,2025-12-31 00:57,接触不良,更换充电枪头,6.0
ST0012-P16,ST0012,2026-03-27 14:00,2026-03-27 14:31,接触不良,清洁接头,0.5
ST0012-P16,ST0012,2026-06-23 19:00,2026-06-23 23:07,接触不良,更换充电枪头,4.1
ST0012-P17,ST0012,2026-05-11 07:00,2026-05-11 20:49,过温保护,清理散热片,13.8
ST0012-P18,ST0012,2025-08-03 13:00,2025-08-03 14:51,接触不良,更换充电枪头,1.9
ST0012-P18,ST0012,2025-08-21 15:00,2025-08-21 17:15,过温保护,降低功率运行,2.3
ST0012-P18,ST0012,2025-12-05 07:00,2025-12-05 08:39,过温保护,检查风扇,1.7
ST0012-P18,ST0012,2026-03-11 18:00,2026-03-12 04:31,过温保护,清理散热片,10.5
ST0012-P18,ST0012,2026-04-16 01:00,2026-04-16 03:18,过温保护,检查风扇,2.3
ST0012-P18,ST0012,2026-04-29 12:00,2026-04-29 15:47,接触不良,清洁接头,3.8
ST0012-P18,ST0012,2026-05-30 04:00,2026-05-30 05:01,硬件损坏,返厂维修,1.0
ST0012-P18,ST0012,2026-07-23 03:00,2026-07-23 14:27,过温保护,检查风扇,11.5
ST0012-P19,ST0012,2025-09-12 17:00,2025-09-12 17:52,过温保护,清理散热片,0.9
ST0012-P20,ST0012,2026-02-24 05:00,2026-02-24 10:59,接触不良,清洁接头,6.0
ST0012-P20,ST0012,2026-03-26 04:00,2026-03-26 09:12,过温保护,降低功率运行,5.2
ST0012-P20,ST0012,2026-05-26 00:00,2026-05-26 07:22,接触不良,清洁接头,7.4
ST0012-P20,ST0012,2026-06-17 14:00,2026-06-17 18:16,线缆问题,更换连接器,4.3
ST0012-P20,ST0012,2026-06-21 00:00,2026-06-21 00:46,接触不良,紧固接线端子,0.8
ST0012-P20,ST0012,2026-07-09 09:00,2026-07-09 14:37,通讯故障,重启通讯模块,5.6
ST0012-P20,ST0012,2026-07-27 14:00,2026-07-27 16:28,过温保护,降低功率运行,2.5
ST0013-P01,ST0013,2025-08-17 09:00,2025-08-17 09:43,接触不良,清洁接头,0.7
ST0013-P01,ST0013,2025-12-17 22:00,2025-12-17 22:33,硬件损坏,返厂维修,0.6
ST0013-P01,ST0013,2026-05-05 18:00,2026-05-05 23:10,接触不良,更换充电枪头,5.2
ST0013-P02,ST0013,2025-09-26 12:00,2025-09-26 14:50,接触不良,清洁接头,2.8
ST0013-P02,ST0013,2026-02-04 11:00,2026-02-04 14:19,通讯故障,重启通讯模块,3.3
ST0013-P02,ST0013,2026-03-27 19:00,2026-03-27 20:24,硬件损坏,更换功率模块,1.4
ST0013-P02,ST0013,2026-06-28 17:00,2026-06-28 21:40,接触不良,紧固接线端子,4.7
ST0013-P02,ST0013,2026-07-12 11:00,2026-07-12 14:34,通讯故障,重启通讯模块,3.6
ST0013-P03,ST0013,2025-09-28 20:00,2025-09-28 21:07,接触不良,清洁接头,1.1
ST0013-P03,ST0013,2025-11-24 10:00,2025-11-25 05:13,接触不良,清洁接头,19.2
ST0013-P03,ST0013,2025-12-15 16:00,2025-12-15 16:30,线缆问题,更换连接器,0.5
ST0013-P03,ST0013,2026-03-05 08:00,2026-03-05 10:03,接触不良,更换充电枪头,2.1
ST0013-P03,ST0013,2026-05-25 22:00,2026-05-26 03:11,通讯故障,重启通讯模块,5.2
ST0013-P04,ST0013,2026-03-23 02:00,2026-03-23 07:43,接触不良,更换充电枪头,5.7
ST0013-P04,ST0013,2026-04-30 09:00,2026-04-30 15:07,接触不良,清洁接头,6.1
ST0013-P04,ST0013,2026-06-14 11:00,2026-06-14 14:13,过温保护,降低功率运行,3.2
ST0013-P04,ST0013,2026-07-21 02:00,2026-07-21 02:30,过温保护,清理散热片,0.5
ST0013-P04,ST0013,2026-07-30 17:00,2026-07-30 18:45,接触不良,紧固接线端子,1.8
ST0013-P05,ST0013,2025-10-31 09:00,2025-10-31 09:54,过温保护,清理散热片,0.9
ST0013-P06,ST0013,2025-12-29 13:00,2025-12-30 11:26,通讯故障,检查天线连接,22.4
ST0013-P06,ST0013,2026-04-12 04:00,2026-04-12 05:27,接触不良,更换充电枪头,1.5
ST0013-P06,ST0013,2026-04-24 20:00,2026-04-25 04:22,接触不良,更换充电枪头,8.4
ST0013-P07,ST0013,2025-08-12 07:00,2025-08-12 11:45,接触不良,紧固接线端子,4.8
ST0013-P07,ST0013,2025-12-28 06:00,2025-12-28 08:07,过温保护,清理散热片,2.1
ST0013-P07,ST0013,2026-05-24 10:00,2026-05-24 13:51,过温保护,降低功率运行,3.9
ST0013-P07,ST0013,2026-06-27 10:00,2026-06-27 10:30,接触不良,清洁接头,0.5
ST0013-P07,ST0013,2026-06-27 10:00,2026-06-27 11:45,通讯故障,更换4G/5G模块,1.8
ST0013-P08,ST0013,2025-10-27 08:00,2025-10-27 11:28,硬件损坏,更换功率模块,3.5
ST0013-P08,ST0013,2026-03-16 14:00,2026-03-16 18:06,过温保护,检查风扇,4.1
ST0013-P08,ST0013,2026-05-18 04:00,2026-05-18 04:30,通讯故障,更换4G/5G模块,0.5
ST0013-P09,ST0013,2025-10-18 05:00,2025-10-18 06:37,过温保护,清理散热片,1.6
ST0013-P09,ST0013,2025-10-22 22:00,2025-10-23 00:45,线缆问题,更换连接器,2.8
ST0013-P09,ST0013,2025-12-25 05:00,2025-12-25 05:30,通讯故障,重启通讯模块,0.5
ST0013-P09,ST0013,2026-03-22 05:00,2026-03-22 11:58,过温保护,降低功率运行,7.0
ST0013-P09,ST0013,2026-07-29 22:00,2026-07-29 22:30,接触不良,紧固接线端子,0.5
ST0013-P10,ST0013,2025-08-18 21:00,2025-08-18 23:16,线缆问题,修补线缆外皮,2.3
ST0013-P10,ST0013,2025-11-14 17:00,2025-11-14 18:35,接触不良,紧固接线端子,1.6
ST0013-P10,ST0013,2026-01-24 04:00,2026-01-24 04:30,过温保护,检查风扇,0.5
ST0013-P10,ST0013,2026-03-18 17:00,2026-03-18 17:59,过温保护,清理散热片,1.0
ST0013-P10,ST0013,2026-05-01 09:00,2026-05-01 12:38,过温保护,清理散热片,3.6
ST0013-P11,ST0013,2025-08-21 04:00,2025-08-21 05:47,接触不良,紧固接线端子,1.8
ST0013-P11,ST0013,2025-09-27 23:00,2025-09-27 23:48,接触不良,清洁接头,0.8
ST0013-P11,ST0013,2026-03-15 10:00,2026-03-15 13:32,过温保护,降低功率运行,3.5
ST0013-P11,ST0013,2026-03-31 09:00,2026-03-31 10:56,过温保护,降低功率运行,1.9
ST0013-P11,ST0013,2026-05-07 16:00,2026-05-07 18:06,功率异常,更换传感器,2.1
ST0013-P11,ST0013,2026-06-28 22:00,2026-06-29 05:19,过温保护,检查风扇,7.3
ST0013-P11,ST0013,2026-07-08 04:00,2026-07-08 07:23,接触不良,紧固接线端子,3.4
ST0013-P12,ST0013,2026-01-05 00:00,2026-01-05 00:30,过温保护,检查风扇,0.5
ST0013-P13,ST0013,2025-08-12 02:00,2025-08-12 09:22,过温保护,降低功率运行,7.4
ST0013-P13,ST0013,2025-09-14 16:00,2025-09-14 22:29,通讯故障,更换4G/5G模块,6.5
ST0013-P13,ST0013,2025-11-08 18:00,2025-11-08 20:14,通讯故障,检查天线连接,2.2
ST0013-P13,ST0013,2025-11-22 08:00,2025-11-22 16:14,接触不良,更换充电枪头,8.2
ST0013-P13,ST0013,2026-03-17 21:00,2026-03-17 21:49,接触不良,紧固接线端子,0.8
ST0013-P14,ST0013,2026-06-06 16:00,2026-06-06 16:30,接触不良,更换充电枪头,0.5
ST0013-P14,ST0013,2026-07-08 11:00,2026-07-08 16:12,接触不良,清洁接头,5.2
ST0013-P15,ST0013,2025-09-14 06:00,2025-09-14 11:34,过温保护,降低功率运行,5.6
ST0013-P15,ST0013,2025-12-24 11:00,2025-12-24 14:46,接触不良,清洁接头,3.8
ST0013-P15,ST0013,2026-01-05 14:00,2026-01-05 14:34,硬件损坏,返厂维修,0.6
ST0013-P15,ST0013,2026-03-16 23:00,2026-03-17 03:16,过温保护,检查风扇,4.3
ST0013-P16,ST0013,2025-10-11 18:00,2025-10-11 19:12,接触不良,紧固接线端子,1.2
ST0013-P16,ST0013,2026-03-06 23:00,2026-03-07 00:19,硬件损坏,更换控制板,1.3
ST0013-P17,ST0013,2025-08-04 13:00,2025-08-04 18:59,过温保护,降低功率运行,6.0
ST0013-P17,ST0013,2026-04-26 10:00,2026-04-26 15:41,接触不良,更换充电枪头,5.7
ST0013-P17,ST0013,2026-05-30 12:00,2026-05-30 14:23,接触不良,更换充电枪头,2.4
ST0013-P18,ST0013,2026-05-12 14:00,2026-05-12 14:30,功率异常,固件升级,0.5
ST0013-P18,ST0013,2026-05-18 04:00,2026-05-18 13:28,过温保护,清理散热片,9.5
ST0013-P19,ST0013,2025-08-22 09:00,2025-08-22 18:12,接触不良,紧固接线端子,9.2
ST0013-P19,ST0013,2026-01-03 15:00,2026-01-03 15:30,过温保护,降低功率运行,0.5
ST0013-P19,ST0013,2026-03-26 07:00,2026-03-26 11:21,过温保护,清理散热片,4.4
ST0013-P20,ST0013,2025-10-03 20:00,2025-10-03 21:12,接触不良,紧固接线端子,1.2
ST0013-P20,ST0013,2025-12-26 13:00,2025-12-26 18:14,接触不良,更换充电枪头,5.2
ST0013-P20,ST0013,2026-06-24 20:00,2026-06-24 22:10,通讯故障,更换4G/5G模块,2.2
ST0014-P01,ST0014,2025-12-20 15:00,2025-12-20 17:29,过温保护,清理散热片,2.5
ST0014-P01,ST0014,2026-03-12 08:00,2026-03-12 09:43,接触不良,紧固接线端子,1.7
ST0014-P01,ST0014,2026-05-25 15:00,2026-05-25 18:45,接触不良,紧固接线端子,3.8
ST0014-P01,ST0014,2026-06-03 23:00,2026-06-04 13:18,通讯故障,更换4G/5G模块,14.3
ST0014-P02,ST0014,2026-07-22 03:00,2026-07-22 04:01,通讯故障,更换4G/5G模块,1.0
ST0014-P03,ST0014,2025-08-30 04:00,2025-08-30 11:52,过温保护,检查风扇,7.9
ST0014-P03,ST0014,2025-12-18 11:00,2025-12-18 15:55,接触不良,清洁接头,4.9
ST0014-P03,ST0014,2026-01-30 05:00,2026-01-30 05:30,硬件损坏,更换功率模块,0.5
ST0014-P03,ST0014,2026-03-25 22:00,2026-03-26 03:07,过温保护,清理散热片,5.1
ST0014-P04,ST0014,2025-08-25 09:00,2025-08-25 11:39,通讯故障,更换4G/5G模块,2.7
ST0014-P04,ST0014,2026-04-29 20:00,2026-04-29 20:43,线缆问题,更换充电线缆,0.7
ST0014-P05,ST0014,2025-08-07 04:00,2025-08-07 10:10,通讯故障,检查天线连接,6.2
ST0014-P05,ST0014,2025-12-23 11:00,2025-12-23 11:53,过温保护,检查风扇,0.9
ST0014-P05,ST0014,2026-02-02 03:00,2026-02-02 05:27,接触不良,紧固接线端子,2.5
ST0014-P05,ST0014,2026-02-27 10:00,2026-02-27 11:11,硬件损坏,更换功率模块,1.2
ST0014-P05,ST0014,2026-05-24 11:00,2026-05-24 11:30,接触不良,更换充电枪头,0.5
ST0014-P05,ST0014,2026-07-17 09:00,2026-07-17 11:52,过温保护,检查风扇,2.9
ST0014-P05,ST0014,2026-07-17 22:00,2026-07-18 04:34,通讯故障,检查天线连接,6.6
ST0014-P06,ST0014,2025-11-05 17:00,2025-11-05 17:55,接触不良,紧固接线端子,0.9
ST0014-P06,ST0014,2026-07-20 16:00,2026-07-21 00:24,接触不良,紧固接线端子,8.4
ST0014-P06,ST0014,2026-07-31 17:00,2026-08-01 01:28,接触不良,紧固接线端子,8.5
ST0014-P07,ST0014,2025-08-09 15:00,2025-08-09 15:30,通讯故障,更换4G/5G模块,0.5
ST0014-P07,ST0014,2025-10-11 14:00,2025-10-11 23:35,过温保护,降低功率运行,9.6
ST0014-P07,ST0014,2026-01-07 22:00,2026-01-08 00:29,接触不良,清洁接头,2.5
ST0014-P07,ST0014,2026-04-25 10:00,2026-04-25 13:05,接触不良,更换充电枪头,3.1
ST0014-P07,ST0014,2026-07-30 09:00,2026-07-30 11:45,硬件损坏,更换功率模块,2.8
ST0014-P08,ST0014,2025-11-16 04:00,2025-11-16 04:54,接触不良,更换充电枪头,0.9
ST0014-P08,ST0014,2025-11-25 09:00,2025-11-25 22:21,接触不良,更换充电枪头,13.4
ST0014-P08,ST0014,2026-07-22 04:00,2026-07-22 09:58,通讯故障,检查天线连接,6.0
ST0014-P09,ST0014,2025-08-31 15:00,2025-08-31 15:41,接触不良,更换充电枪头,0.7
ST0014-P09,ST0014,2025-09-19 03:00,2025-09-19 04:31,过温保护,降低功率运行,1.5
ST0014-P09,ST0014,2025-11-09 03:00,2025-11-09 12:51,过温保护,清理散热片,9.9
ST0014-P09,ST0014,2025-12-08 01:00,2025-12-08 05:45,接触不良,更换充电枪头,4.8
ST0014-P09,ST0014,2026-01-02 21:00,2026-01-03 03:18,过温保护,清理散热片,6.3
ST0014-P09,ST0014,2026-07-04 16:00,2026-07-04 19:02,通讯故障,检查天线连接,3.0
ST0014-P10,ST0014,2025-09-16 04:00,2025-09-16 04:54,接触不良,紧固接线端子,0.9
ST0014-P10,ST0014,2025-12-21 18:00,2025-12-21 18:48,功率异常,更换传感器,0.8
ST0014-P10,ST0014,2026-01-28 05:00,2026-01-28 13:58,接触不良,紧固接线端子,9.0
ST0014-P10,ST0014,2026-06-10 07:00,2026-06-10 11:14,过温保护,降低功率运行,4.2
ST0014-P11,ST0014,2025-08-08 16:00,2025-08-09 00:33,过温保护,清理散热片,8.6
ST0014-P11,ST0014,2025-11-07 09:00,2025-11-07 15:30,接触不良,更换充电枪头,6.5
ST0014-P11,ST0014,2026-05-03 00:00,2026-05-03 02:48,过温保护,降低功率运行,2.8
ST0014-P12,ST0014,2025-11-18 16:00,2025-11-18 16:30,通讯故障,重启通讯模块,0.5
ST0014-P12,ST0014,2026-01-29 12:00,2026-01-29 12:42,过温保护,检查风扇,0.7
ST0014-P12,ST0014,2026-02-25 03:00,2026-02-25 06:16,过温保护,检查风扇,3.3
ST0014-P12,ST0014,2026-05-29 05:00,2026-05-29 13:32,接触不良,清洁接头,8.5
ST0014-P12,ST0014,2026-07-11 03:00,2026-07-11 05:13,接触不良,更换充电枪头,2.2
ST0014-P13,ST0014,2025-09-12 10:00,2025-09-12 17:48,接触不良,清洁接头,7.8
ST0014-P13,ST0014,2026-02-01 22:00,2026-02-02 03:15,接触不良,清洁接头,5.3
ST0014-P13,ST0014,2026-05-13 23:00,2026-05-13 23:49,接触不良,更换充电枪头,0.8
ST0014-P14,ST0014,2025-10-31 00:00,2025-10-31 01:37,接触不良,紧固接线端子,1.6
ST0014-P14,ST0014,2026-02-19 14:00,2026-02-19 18:58,过温保护,降低功率运行,5.0
ST0014-P14,ST0014,2026-03-08 06:00,2026-03-08 08:43,接触不良,更换充电枪头,2.7
ST0014-P14,ST0014,2026-04-01 21:00,2026-04-02 04:02,通讯故障,更换4G/5G模块,7.0
ST0014-P14,ST0014,2026-04-09 21:00,2026-04-09 21:45,线缆问题,更换充电线缆,0.8
ST0014-P14,ST0014,2026-05-11 13:00,2026-05-11 14:46,接触不良,清洁接头,1.8
ST0014-P15,ST0014,2025-10-13 12:00,2025-10-13 12:36,通讯故障,更换4G/5G模块,0.6
ST0014-P15,ST0014,2026-07-22 18:00,2026-07-22 19:42,接触不良,更换充电枪头,1.7
ST0014-P16,ST0014,2025-12-21 22:00,2025-12-21 22:32,接触不良,紧固接线端子,0.5
ST0014-P16,ST0014,2026-02-21 11:00,2026-02-21 12:34,接触不良,清洁接头,1.6
ST0014-P16,ST0014,2026-02-23 03:00,2026-02-23 18:28,通讯故障,重启通讯模块,15.5
ST0014-P16,ST0014,2026-03-06 23:00,2026-03-07 03:01,硬件损坏,更换控制板,4.0
ST0014-P16,ST0014,2026-05-31 08:00,2026-05-31 12:30,过温保护,降低功率运行,4.5
ST0014-P16,ST0014,2026-07-08 19:00,2026-07-08 23:38,接触不良,清洁接头,4.6
ST0014-P17,ST0014,2026-04-19 08:00,2026-04-19 15:44,线缆问题,更换充电线缆,7.7
ST0014-P18,ST0014,2025-08-14 05:00,2025-08-14 05:30,过温保护,检查风扇,0.5
ST0014-P18,ST0014,2025-09-04 15:00,2025-09-04 15:57,接触不良,紧固接线端子,1.0
ST0014-P18,ST0014,2025-09-20 23:00,2025-09-21 00:27,接触不良,更换充电枪头,1.5
ST0014-P18,ST0014,2026-06-18 04:00,2026-06-18 06:52,通讯故障,重启通讯模块,2.9
ST0014-P19,ST0014,2025-12-29 21:00,2025-12-30 01:26,接触不良,清洁接头,4.4
ST0014-P19,ST0014,2026-03-09 03:00,2026-03-09 05:28,通讯故障,更换4G/5G模块,2.5
ST0014-P19,ST0014,2026-03-19 10:00,2026-03-19 17:59,过温保护,检查风扇,8.0
ST0014-P19,ST0014,2026-04-09 16:00,2026-04-09 19:17,接触不良,清洁接头,3.3
ST0014-P19,ST0014,2026-04-10 14:00,2026-04-10 23:30,通讯故障,重启通讯模块,9.5
ST0014-P19,ST0014,2026-05-05 10:00,2026-05-05 10:30,通讯故障,检查天线连接,0.5
ST0014-P19,ST0014,2026-05-07 00:00,2026-05-07 02:22,通讯故障,重启通讯模块,2.4
ST0014-P20,ST0014,2025-10-08 09:00,2025-10-08 14:23,接触不良,紧固接线端子,5.4
ST0014-P20,ST0014,2025-10-24 15:00,2025-10-24 15:30,接触不良,清洁接头,0.5
ST0014-P20,ST0014,2026-07-04 09:00,2026-07-04 11:11,过温保护,降低功率运行,2.2
ST0015-P01,ST0015,2025-08-15 18:00,2025-08-16 02:14,过温保护,清理散热片,8.2
ST0015-P01,ST0015,2025-08-29 12:00,2025-08-29 17:11,通讯故障,更换4G/5G模块,5.2
ST0015-P01,ST0015,2025-10-05 11:00,2025-10-05 11:30,过温保护,检查风扇,0.5
ST0015-P01,ST0015,2025-12-24 10:00,2025-12-24 11:19,过温保护,清理散热片,1.3
ST0015-P01,ST0015,2026-04-11 18:00,2026-04-11 19:27,过温保护,检查风扇,1.5
ST0015-P01,ST0015,2026-05-15 05:00,2026-05-15 18:10,过温保护,降低功率运行,13.2
ST0015-P01,ST0015,2026-06-12 21:00,2026-06-13 04:04,过温保护,检查风扇,7.1
ST0015-P02,ST0015,2025-09-19 13:00,2025-09-19 15:31,过温保护,检查风扇,2.5
ST0015-P02,ST0015,2026-01-30 13:00,2026-01-30 14:26,通讯故障,更换4G/5G模块,1.4
ST0015-P02,ST0015,2026-06-17 10:00,2026-06-17 10:30,硬件损坏,更换控制板,0.5
ST0015-P03,ST0015,2025-09-13 22:00,2025-09-14 07:19,接触不良,更换充电枪头,9.3
ST0015-P03,ST0015,2025-10-26 00:00,2025-10-26 04:24,接触不良,紧固接线端子,4.4
ST0015-P03,ST0015,2026-01-04 03:00,2026-01-04 10:38,接触不良,清洁接头,7.6
ST0015-P03,ST0015,2026-01-14 01:00,2026-01-14 04:35,接触不良,清洁接头,3.6
ST0015-P04,ST0015,2025-08-11 22:00,2025-08-12 04:19,过温保护,检查风扇,6.3
ST0015-P04,ST0015,2026-04-21 13:00,2026-04-21 14:05,通讯故障,更换4G/5G模块,1.1
ST0015-P05,ST0015,2026-01-10 12:00,2026-01-11 09:33,过温保护,降低功率运行,21.6
ST0015-P06,ST0015,2026-04-08 03:00,2026-04-08 10:07,过温保护,降低功率运行,7.1
ST0015-P06,ST0015,2026-07-12 06:00,2026-07-12 09:39,过温保护,检查风扇,3.7
ST0015-P07,ST0015,2026-07-08 10:00,2026-07-08 19:36,过温保护,清理散热片,9.6
ST0015-P08,ST0015,2025-12-14 01:00,2025-12-14 06:56,过温保护,检查风扇,5.9
ST0015-P08,ST0015,2026-01-20 08:00,2026-01-20 11:44,通讯故障,重启通讯模块,3.7
ST0015-P08,ST0015,2026-05-02 06:00,2026-05-02 08:16,通讯故障,更换4G/5G模块,2.3
ST0015-P08,ST0015,2026-05-21 12:00,2026-05-21 15:41,过温保护,清理散热片,3.7
ST0015-P08,ST0015,2026-05-24 03:00,2026-05-24 05:20,硬件损坏,返厂维修,2.3
ST0015-P08,ST0015,2026-06-16 23:00,2026-06-17 07:55,过温保护,清理散热片,8.9
ST0015-P09,ST0015,2026-01-02 16:00,2026-01-02 17:56,过温保护,检查风扇,1.9
ST0015-P09,ST0015,2026-01-08 06:00,2026-01-08 10:13,过温保护,检查风扇,4.2
ST0015-P09,ST0015,2026-02-22 08:00,2026-02-22 20:01,接触不良,紧固接线端子,12.0
ST0015-P09,ST0015,2026-03-10 21:00,2026-03-10 23:40,过温保护,降低功率运行,2.7
ST0015-P09,ST0015,2026-04-21 14:00,2026-04-21 17:40,接触不良,紧固接线端子,3.7
ST0015-P10,ST0015,2026-05-23 15:00,2026-05-23 16:47,接触不良,更换充电枪头,1.8
ST0015-P10,ST0015,2026-07-05 23:00,2026-07-06 01:33,接触不良,清洁接头,2.6
ST0015-P10,ST0015,2026-07-27 16:00,2026-07-27 17:10,通讯故障,重启通讯模块,1.2
ST0015-P11,ST0015,2026-06-23 17:00,2026-06-23 18:17,接触不良,紧固接线端子,1.3
ST0015-P12,ST0015,2025-08-31 16:00,2025-08-31 17:19,硬件损坏,更换功率模块,1.3
ST0015-P12,ST0015,2025-12-02 04:00,2025-12-02 06:54,功率异常,固件升级,2.9
ST0015-P12,ST0015,2026-02-03 14:00,2026-02-03 14:55,功率异常,校准功率表,0.9
ST0015-P12,ST0015,2026-07-17 09:00,2026-07-17 09:30,通讯故障,更换4G/5G模块,0.5
ST0015-P13,ST0015,2025-09-02 20:00,2025-09-02 20:59,过温保护,清理散热片,1.0
ST0015-P14,ST0015,2025-12-15 09:00,2025-12-15 10:39,硬件损坏,返厂维修,1.7
ST0015-P15,ST0015,2025-08-15 07:00,2025-08-15 07:30,接触不良,清洁接头,0.5
ST0015-P15,ST0015,2025-08-19 06:00,2025-08-19 07:41,接触不良,更换充电枪头,1.7
ST0015-P15,ST0015,2025-12-18 04:00,2025-12-18 06:49,接触不良,更换充电枪头,2.8
ST0015-P15,ST0015,2026-03-12 13:00,2026-03-12 13:30,接触不良,紧固接线端子,0.5
ST0015-P15,ST0015,2026-03-26 15:00,2026-03-26 18:50,通讯故障,检查天线连接,3.8
ST0015-P16,ST0015,2025-09-12 10:00,2025-09-12 12:11,硬件损坏,返厂维修,2.2
ST0015-P16,ST0015,2025-09-16 12:00,2025-09-16 17:00,硬件损坏,返厂维修,5.0
ST0015-P16,ST0015,2025-12-31 02:00,2025-12-31 04:07,通讯故障,更换4G/5G模块,2.1
ST0015-P16,ST0015,2026-02-03 21:00,2026-02-04 06:31,接触不良,紧固接线端子,9.5
ST0015-P16,ST0015,2026-04-06 00:00,2026-04-06 02:00,接触不良,更换充电枪头,2.0
ST0015-P17,ST0015,2025-11-30 19:00,2025-11-30 20:11,过温保护,清理散热片,1.2
ST0015-P17,ST0015,2025-12-07 15:00,2025-12-07 15:30,接触不良,更换充电枪头,0.5
ST0015-P17,ST0015,2026-01-08 10:00,2026-01-08 10:30,过温保护,降低功率运行,0.5
ST0015-P17,ST0015,2026-02-16 23:00,2026-02-17 02:42,接触不良,紧固接线端子,3.7
ST0015-P17,ST0015,2026-07-07 18:00,2026-07-07 22:02,硬件损坏,返厂维修,4.0
ST0015-P18,ST0015,2025-10-13 03:00,2025-10-13 05:26,接触不良,更换充电枪头,2.4
ST0015-P18,ST0015,2025-11-18 08:00,2025-11-18 09:50,过温保护,检查风扇,1.8
ST0015-P19,ST0015,2025-09-27 10:00,2025-09-27 11:45,硬件损坏,返厂维修,1.8
ST0015-P19,ST0015,2026-03-05 15:00,2026-03-06 02:22,接触不良,紧固接线端子,11.4
ST0015-P19,ST0015,2026-05-01 11:00,2026-05-01 11:30,过温保护,降低功率运行,0.5
ST0015-P20,ST0015,2026-01-05 00:00,2026-01-05 09:46,接触不良,紧固接线端子,9.8
ST0015-P20,ST0015,2026-04-01 22:00,2026-04-02 02:02,接触不良,清洁接头,4.0
ST0015-P20,ST0015,2026-06-07 01:00,2026-06-07 04:47,通讯故障,检查天线连接,3.8
ST0015-P20,ST0015,2026-07-06 01:00,2026-07-06 09:16,接触不良,紧固接线端子,8.3
ST0016-P01,ST0016,2025-10-02 17:00,2025-10-02 17:30,接触不良,更换充电枪头,0.5
ST0016-P01,ST0016,2026-02-13 09:00,2026-02-13 12:03,功率异常,固件升级,3.1
ST0016-P01,ST0016,2026-07-25 11:00,2026-07-25 11:36,通讯故障,检查天线连接,0.6
ST0016-P02,ST0016,2025-10-22 14:00,2025-10-22 15:40,功率异常,固件升级,1.7
ST0016-P02,ST0016,2025-11-29 09:00,2025-11-29 12:16,过温保护,清理散热片,3.3
ST0016-P02,ST0016,2025-12-09 09:00,2025-12-09 09:31,硬件损坏,更换功率模块,0.5
ST0016-P02,ST0016,2026-01-10 20:00,2026-01-11 01:13,过温保护,检查风扇,5.2
ST0016-P03,ST0016,2025-09-21 05:00,2025-09-21 07:21,接触不良,紧固接线端子,2.4
ST0016-P03,ST0016,2025-12-12 16:00,2025-12-12 22:24,接触不良,更换充电枪头,6.4
ST0016-P03,ST0016,2026-01-18 22:00,2026-01-19 04:13,通讯故障,更换4G/5G模块,6.2
ST0016-P03,ST0016,2026-01-28 13:00,2026-01-28 19:54,通讯故障,检查天线连接,6.9
ST0016-P03,ST0016,2026-03-21 22:00,2026-03-22 07:56,通讯故障,重启通讯模块,9.9
ST0016-P03,ST0016,2026-05-08 23:00,2026-05-09 06:47,过温保护,检查风扇,7.8
ST0016-P04,ST0016,2025-08-02 12:00,2025-08-02 16:53,通讯故障,重启通讯模块,4.9
ST0016-P04,ST0016,2026-03-16 20:00,2026-03-16 23:40,通讯故障,重启通讯模块,3.7
ST0016-P04,ST0016,2026-06-18 09:00,2026-06-18 13:39,接触不良,清洁接头,4.7
ST0016-P05,ST0016,2025-12-06 16:00,2025-12-06 16:36,过温保护,降低功率运行,0.6
ST0016-P05,ST0016,2026-06-29 04:00,2026-06-29 12:49,接触不良,紧固接线端子,8.8
ST0016-P06,ST0016,2025-10-08 08:00,2025-10-08 12:03,通讯故障,重启通讯模块,4.1
ST0016-P06,ST0016,2026-01-11 14:00,2026-01-11 18:09,通讯故障,更换4G/5G模块,4.2
ST0016-P07,ST0016,2026-01-15 09:00,2026-01-15 11:06,通讯故障,重启通讯模块,2.1
ST0016-P08,ST0016,2025-08-12 17:00,2025-08-12 19:25,过温保护,降低功率运行,2.4
ST0016-P08,ST0016,2025-09-15 14:00,2025-09-15 14:36,过温保护,清理散热片,0.6
ST0016-P08,ST0016,2026-05-20 07:00,2026-05-21 00:42,接触不良,更换充电枪头,17.7
ST0016-P08,ST0016,2026-06-10 20:00,2026-06-11 00:39,过温保护,清理散热片,4.7
ST0016-P09,ST0016,2025-10-26 01:00,2025-10-26 03:48,接触不良,清洁接头,2.8
ST0016-P10,ST0016,2025-10-16 02:00,2025-10-16 02:30,通讯故障,更换4G/5G模块,0.5
ST0016-P10,ST0016,2025-10-27 18:00,2025-10-27 19:57,通讯故障,重启通讯模块,2.0
ST0016-P11,ST0016,2026-04-27 13:00,2026-04-27 18:38,接触不良,清洁接头,5.6
ST0016-P12,ST0016,2025-11-13 06:00,2025-11-13 18:29,硬件损坏,更换控制板,12.5
ST0016-P12,ST0016,2025-12-26 23:00,2025-12-27 00:30,过温保护,检查风扇,1.5
ST0016-P12,ST0016,2026-02-12 04:00,2026-02-12 12:46,接触不良,清洁接头,8.8
ST0016-P13,ST0016,2025-08-06 15:00,2025-08-06 20:44,过温保护,清理散热片,5.7
ST0016-P13,ST0016,2025-12-27 08:00,2025-12-27 11:07,通讯故障,重启通讯模块,3.1
ST0016-P13,ST0016,2026-02-06 18:00,2026-02-06 21:13,接触不良,紧固接线端子,3.2
ST0016-P13,ST0016,2026-02-26 04:00,2026-02-26 05:39,硬件损坏,更换功率模块,1.7
ST0016-P13,ST0016,2026-06-13 14:00,2026-06-13 14:40,线缆问题,更换充电线缆,0.7
ST0016-P13,ST0016,2026-06-28 14:00,2026-06-28 17:07,通讯故障,重启通讯模块,3.1
ST0016-P14,ST0016,2025-11-17 22:00,2025-11-17 22:51,硬件损坏,更换控制板,0.9
ST0016-P14,ST0016,2026-06-02 08:00,2026-06-02 09:40,过温保护,清理散热片,1.7
ST0016-P14,ST0016,2026-07-29 13:00,2026-07-29 13:30,线缆问题,更换连接器,0.5
ST0016-P15,ST0016,2025-08-24 00:00,2025-08-24 03:56,接触不良,清洁接头,3.9
ST0016-P15,ST0016,2026-01-29 19:00,2026-01-29 19:35,接触不良,紧固接线端子,0.6
ST0016-P15,ST0016,2026-04-16 19:00,2026-04-16 21:41,接触不良,清洁接头,2.7
ST0016-P15,ST0016,2026-06-03 22:00,2026-06-04 00:20,接触不良,紧固接线端子,2.3
ST0016-P16,ST0016,2025-10-07 02:00,2025-10-07 04:34,过温保护,检查风扇,2.6
ST0016-P16,ST0016,2025-10-12 08:00,2025-10-12 09:02,过温保护,清理散热片,1.0
ST0016-P16,ST0016,2025-12-12 05:00,2025-12-12 07:00,接触不良,紧固接线端子,2.0
ST0016-P16,ST0016,2026-01-08 01:00,2026-01-08 14:18,过温保护,清理散热片,13.3
ST0016-P16,ST0016,2026-04-10 10:00,2026-04-10 10:30,过温保护,检查风扇,0.5
ST0016-P16,ST0016,2026-07-30 16:00,2026-07-30 19:07,线缆问题,修补线缆外皮,3.1
ST0016-P17,ST0016,2025-08-28 06:00,2025-08-28 08:29,功率异常,校准功率表,2.5
ST0016-P17,ST0016,2025-10-24 10:00,2025-10-24 18:23,接触不良,紧固接线端子,8.4
ST0016-P17,ST0016,2025-12-13 19:00,2025-12-14 01:19,过温保护,检查风扇,6.3
ST0016-P17,ST0016,2026-04-09 04:00,2026-04-09 15:31,过温保护,降低功率运行,11.5
ST0016-P17,ST0016,2026-04-22 10:00,2026-04-22 11:17,线缆问题,修补线缆外皮,1.3
ST0016-P17,ST0016,2026-07-03 20:00,2026-07-03 20:38,过温保护,检查风扇,0.6
ST0016-P18,ST0016,2025-09-29 15:00,2025-09-29 15:54,接触不良,更换充电枪头,0.9
ST0016-P18,ST0016,2025-10-15 03:00,2025-10-15 05:42,过温保护,检查风扇,2.7
ST0016-P18,ST0016,2026-03-15 11:00,2026-03-15 16:44,接触不良,紧固接线端子,5.7
ST0016-P18,ST0016,2026-04-10 03:00,2026-04-10 05:51,接触不良,紧固接线端子,2.9
ST0016-P18,ST0016,2026-05-15 15:00,2026-05-15 16:57,过温保护,检查风扇,2.0
ST0016-P19,ST0016,2025-08-14 09:00,2025-08-14 17:56,过温保护,降低功率运行,8.9
ST0016-P19,ST0016,2025-09-09 07:00,2025-09-09 09:18,接触不良,清洁接头,2.3
ST0016-P19,ST0016,2026-01-13 04:00,2026-01-13 06:22,过温保护,清理散热片,2.4
ST0016-P19,ST0016,2026-02-08 18:00,2026-02-09 02:35,硬件损坏,更换功率模块,8.6
ST0016-P19,ST0016,2026-05-20 05:00,2026-05-20 12:41,硬件损坏,更换控制板,7.7
ST0016-P19,ST0016,2026-05-26 00:00,2026-05-26 00:30,接触不良,紧固接线端子,0.5
ST0016-P19,ST0016,2026-07-13 03:00,2026-07-13 10:30,接触不良,清洁接头,7.5
ST0016-P19,ST0016,2026-07-15 03:00,2026-07-15 03:30,接触不良,清洁接头,0.5
ST0016-P20,ST0016,2026-01-16 01:00,2026-01-16 06:07,通讯故障,检查天线连接,5.1
ST0016-P20,ST0016,2026-03-21 20:00,2026-03-21 22:35,接触不良,清洁接头,2.6
ST0016-P20,ST0016,2026-06-01 21:00,2026-06-02 01:39,硬件损坏,更换功率模块,4.7
ST0017-P01,ST0017,2025-08-25 20:00,2025-08-26 02:31,过温保护,检查风扇,6.5
ST0017-P01,ST0017,2026-05-19 04:00,2026-05-19 05:46,通讯故障,重启通讯模块,1.8
ST0017-P02,ST0017,2025-12-01 12:00,2025-12-01 19:03,接触不良,更换充电枪头,7.1
ST0017-P02,ST0017,2026-02-21 08:00,2026-02-21 12:31,接触不良,更换充电枪头,4.5
ST0017-P02,ST0017,2026-06-05 12:00,2026-06-06 12:30,接触不良,更换充电枪头,24.5
ST0017-P03,ST0017,2025-11-15 05:00,2025-11-15 10:21,接触不良,清洁接头,5.4
ST0017-P04,ST0017,2026-01-31 21:00,2026-01-31 21:30,通讯故障,重启通讯模块,0.5
ST0017-P04,ST0017,2026-02-05 16:00,2026-02-05 18:40,通讯故障,重启通讯模块,2.7
ST0017-P04,ST0017,2026-03-10 23:00,2026-03-11 06:28,通讯故障,更换4G/5G模块,7.5
ST0017-P04,ST0017,2026-04-01 08:00,2026-04-01 10:05,过温保护,降低功率运行,2.1
ST0017-P04,ST0017,2026-04-08 14:00,2026-04-08 14:30,接触不良,清洁接头,0.5
ST0017-P04,ST0017,2026-07-17 19:00,2026-07-17 22:48,接触不良,更换充电枪头,3.8
ST0017-P05,ST0017,2025-09-16 13:00,2025-09-16 14:42,通讯故障,更换4G/5G模块,1.7
ST0017-P06,ST0017,2025-08-21 16:00,2025-08-22 04:24,通讯故障,更换4G/5G模块,12.4
ST0017-P06,ST0017,2026-03-26 21:00,2026-03-26 23:57,过温保护,清理散热片,3.0
ST0017-P06,ST0017,2026-06-28 21:00,2026-06-28 22:25,过温保护,降低功率运行,1.4
ST0017-P07,ST0017,2026-03-28 13:00,2026-03-28 13:30,过温保护,清理散热片,0.5
ST0017-P07,ST0017,2026-04-02 09:00,2026-04-02 11:03,通讯故障,重启通讯模块,2.1
ST0017-P07,ST0017,2026-04-26 02:00,2026-04-26 02:30,接触不良,清洁接头,0.5
ST0017-P08,ST0017,2026-01-01 07:00,2026-01-01 13:30,线缆问题,更换连接器,6.5
ST0017-P08,ST0017,2026-03-07 09:00,2026-03-07 19:35,通讯故障,检查天线连接,10.6
ST0017-P09,ST0017,2025-12-09 18:00,2025-12-09 19:46,接触不良,更换充电枪头,1.8
ST0017-P09,ST0017,2026-03-06 13:00,2026-03-06 17:05,接触不良,更换充电枪头,4.1
ST0017-P09,ST0017,2026-03-26 21:00,2026-03-27 12:26,接触不良,紧固接线端子,15.4
ST0017-P09,ST0017,2026-05-19 08:00,2026-05-19 11:42,接触不良,清洁接头,3.7
ST0017-P10,ST0017,2025-09-12 13:00,2025-09-12 16:55,接触不良,紧固接线端子,3.9
ST0017-P10,ST0017,2025-11-02 12:00,2025-11-02 15:31,通讯故障,重启通讯模块,3.5
ST0017-P10,ST0017,2025-12-31 10:00,2025-12-31 10:30,通讯故障,检查天线连接,0.5
ST0017-P10,ST0017,2026-03-21 21:00,2026-03-22 01:35,过温保护,检查风扇,4.6
ST0017-P11,ST0017,2025-08-10 00:00,2025-08-10 02:44,线缆问题,修补线缆外皮,2.7
ST0017-P11,ST0017,2025-09-24 13:00,2025-09-24 14:15,接触不良,紧固接线端子,1.3
ST0017-P11,ST0017,2025-09-29 00:00,2025-09-29 01:20,硬件损坏,更换功率模块,1.3
ST0017-P11,ST0017,2026-06-06 08:00,2026-06-06 13:58,通讯故障,检查天线连接,6.0
ST0017-P11,ST0017,2026-07-02 15:00,2026-07-02 15:34,接触不良,清洁接头,0.6
ST0017-P11,ST0017,2026-07-21 12:00,2026-07-21 15:58,接触不良,紧固接线端子,4.0
ST0017-P12,ST0017,2026-04-07 09:00,2026-04-07 09:30,线缆问题,更换连接器,0.5
ST0017-P12,ST0017,2026-06-12 11:00,2026-06-12 13:51,通讯故障,检查天线连接,2.9
ST0017-P13,ST0017,2026-07-20 21:00,2026-07-21 01:54,通讯故障,更换4G/5G模块,4.9
ST0017-P14,ST0017,2025-09-27 00:00,2025-09-27 05:24,接触不良,紧固接线端子,5.4
ST0017-P14,ST0017,2025-10-09 00:00,2025-10-09 01:08,硬件损坏,更换功率模块,1.1
ST0017-P15,ST0017,2025-10-14 20:00,2025-10-15 03:23,硬件损坏,更换功率模块,7.4
ST0017-P15,ST0017,2025-11-16 15:00,2025-11-16 16:15,线缆问题,更换连接器,1.3
ST0017-P16,ST0017,2025-08-11 14:00,2025-08-11 18:00,接触不良,紧固接线端子,4.0
ST0017-P16,ST0017,2025-08-12 03:00,2025-08-12 07:38,过温保护,清理散热片,4.6
ST0017-P16,ST0017,2025-10-18 23:00,2025-10-19 01:43,通讯故障,检查天线连接,2.7
ST0017-P16,ST0017,2025-12-03 06:00,2025-12-03 10:52,接触不良,清洁接头,4.9
ST0017-P16,ST0017,2026-01-18 00:00,2026-01-18 00:43,过温保护,清理散热片,0.7
ST0017-P16,ST0017,2026-03-16 15:00,2026-03-16 16:57,通讯故障,更换4G/5G模块,2.0
ST0017-P16,ST0017,2026-05-19 12:00,2026-05-19 12:30,过温保护,清理散热片,0.5
ST0017-P17,ST0017,2025-09-01 16:00,2025-09-02 04:34,通讯故障,重启通讯模块,12.6
ST0017-P17,ST0017,2025-12-27 01:00,2025-12-27 07:05,通讯故障,更换4G/5G模块,6.1
ST0017-P17,ST0017,2026-02-21 15:00,2026-02-21 19:07,通讯故障,检查天线连接,4.1
ST0017-P17,ST0017,2026-03-05 18:00,2026-03-05 20:46,过温保护,检查风扇,2.8
ST0017-P17,ST0017,2026-05-11 02:00,2026-05-11 04:16,过温保护,检查风扇,2.3
ST0017-P17,ST0017,2026-05-30 23:00,2026-05-30 23:30,线缆问题,更换连接器,0.5
ST0017-P17,ST0017,2026-07-14 15:00,2026-07-14 16:47,硬件损坏,更换功率模块,1.8
ST0017-P18,ST0017,2026-01-25 14:00,2026-01-25 19:50,过温保护,降低功率运行,5.8
ST0017-P18,ST0017,2026-03-12 00:00,2026-03-12 02:09,过温保护,清理散热片,2.2
ST0017-P18,ST0017,2026-04-11 19:00,2026-04-11 19:30,硬件损坏,返厂维修,0.5
ST0017-P19,ST0017,2025-12-29 23:00,2025-12-30 00:23,接触不良,紧固接线端子,1.4
ST0017-P19,ST0017,2026-01-21 19:00,2026-01-21 23:31,接触不良,紧固接线端子,4.5
ST0017-P19,ST0017,2026-02-16 13:00,2026-02-16 13:35,接触不良,紧固接线端子,0.6
ST0017-P19,ST0017,2026-03-30 05:00,2026-03-30 10:22,功率异常,固件升级,5.4
ST0017-P19,ST0017,2026-07-01 23:00,2026-07-02 03:13,接触不良,清洁接头,4.2
ST0017-P19,ST0017,2026-07-03 14:00,2026-07-03 17:44,接触不良,更换充电枪头,3.7
ST0017-P20,ST0017,2025-10-28 06:00,2025-10-28 14:50,接触不良,更换充电枪头,8.8
ST0017-P20,ST0017,2025-11-29 06:00,2025-11-29 06:30,过温保护,降低功率运行,0.5
ST0017-P20,ST0017,2026-03-01 15:00,2026-03-01 16:50,接触不良,清洁接头,1.8
ST0017-P20,ST0017,2026-06-07 15:00,2026-06-07 16:21,通讯故障,重启通讯模块,1.4
ST0018-P01,ST0018,2025-10-21 05:00,2025-10-21 05:30,接触不良,紧固接线端子,0.5
ST0018-P01,ST0018,2025-12-12 11:00,2025-12-12 18:13,接触不良,紧固接线端子,7.2
ST0018-P02,ST0018,2025-11-25 03:00,2025-11-25 05:08,接触不良,紧固接线端子,2.1
ST0018-P02,ST0018,2026-03-09 03:00,2026-03-09 03:31,接触不良,紧固接线端子,0.5
ST0018-P03,ST0018,2025-08-24 17:00,2025-08-24 19:29,接触不良,清洁接头,2.5
ST0018-P03,ST0018,2025-10-17 22:00,2025-10-18 11:14,接触不良,紧固接线端子,13.2
ST0018-P03,ST0018,2026-06-06 21:00,2026-06-06 23:55,接触不良,更换充电枪头,2.9
ST0018-P03,ST0018,2026-07-28 01:00,2026-07-28 05:31,过温保护,检查风扇,4.5
ST0018-P04,ST0018,2025-08-22 16:00,2025-08-22 21:52,线缆问题,更换充电线缆,5.9
ST0018-P04,ST0018,2025-10-25 20:00,2025-10-26 02:35,通讯故障,重启通讯模块,6.6
ST0018-P04,ST0018,2025-11-14 11:00,2025-11-14 11:30,线缆问题,更换充电线缆,0.5
ST0018-P04,ST0018,2025-12-28 22:00,2025-12-28 23:14,通讯故障,更换4G/5G模块,1.2
ST0018-P04,ST0018,2026-06-09 03:00,2026-06-09 03:30,通讯故障,检查天线连接,0.5
ST0018-P05,ST0018,2026-04-13 23:00,2026-04-14 00:23,通讯故障,重启通讯模块,1.4
ST0018-P06,ST0018,2025-08-04 07:00,2025-08-04 11:09,过温保护,检查风扇,4.2
ST0018-P06,ST0018,2025-10-27 02:00,2025-10-27 09:30,接触不良,清洁接头,7.5
ST0018-P06,ST0018,2025-11-12 14:00,2025-11-12 15:25,接触不良,清洁接头,1.4
ST0018-P06,ST0018,2026-01-22 09:00,2026-01-22 23:37,硬件损坏,返厂维修,14.6
ST0018-P07,ST0018,2026-03-01 11:00,2026-03-01 20:09,过温保护,降低功率运行,9.2
ST0018-P08,ST0018,2025-10-14 00:00,2025-10-14 05:30,过温保护,降低功率运行,5.5
ST0018-P08,ST0018,2026-02-02 00:00,2026-02-02 02:38,通讯故障,更换4G/5G模块,2.6
ST0018-P08,ST0018,2026-03-08 13:00,2026-03-08 14:02,通讯故障,更换4G/5G模块,1.0
ST0018-P08,ST0018,2026-03-23 16:00,2026-03-23 17:07,接触不良,紧固接线端子,1.1
ST0018-P08,ST0018,2026-04-22 02:00,2026-04-22 04:34,接触不良,更换充电枪头,2.6
ST0018-P09,ST0018,2025-08-19 21:00,2025-08-20 10:09,接触不良,紧固接线端子,13.2
ST0018-P09,ST0018,2025-10-17 18:00,2025-10-17 18:30,过温保护,清理散热片,0.5
ST0018-P09,ST0018,2026-02-22 21:00,2026-02-22 21:52,过温保护,降低功率运行,0.9
ST0018-P09,ST0018,2026-04-24 09:00,2026-04-24 10:01,过温保护,检查风扇,1.0
ST0018-P09,ST0018,2026-06-20 22:00,2026-06-20 23:49,通讯故障,检查天线连接,1.8
ST0018-P10,ST0018,2025-08-05 08:00,2025-08-05 14:39,过温保护,降低功率运行,6.7
ST0018-P10,ST0018,2025-11-14 17:00,2025-11-14 21:29,功率异常,固件升级,4.5
ST0018-P10,ST0018,2026-02-23 14:00,2026-02-23 15:57,通讯故障,检查天线连接,2.0
ST0018-P10,ST0018,2026-06-09 04:00,2026-06-09 08:02,接触不良,紧固接线端子,4.0
ST0018-P11,ST0018,2026-01-02 02:00,2026-01-02 10:50,通讯故障,重启通讯模块,8.8
ST0018-P11,ST0018,2026-05-03 10:00,2026-05-03 14:55,通讯故障,更换4G/5G模块,4.9
ST0018-P11,ST0018,2026-06-29 12:00,2026-06-29 14:32,通讯故障,重启通讯模块,2.5
ST0018-P12,ST0018,2025-10-04 16:00,2025-10-04 16:30,通讯故障,检查天线连接,0.5
ST0018-P13,ST0018,2025-08-15 17:00,2025-08-15 19:46,接触不良,紧固接线端子,2.8
ST0018-P13,ST0018,2025-12-11 07:00,2025-12-11 11:33,过温保护,检查风扇,4.6
ST0018-P13,ST0018,2026-03-05 16:00,2026-03-05 16:30,过温保护,清理散热片,0.5
ST0018-P13,ST0018,2026-06-22 05:00,2026-06-22 06:06,接触不良,更换充电枪头,1.1
ST0018-P14,ST0018,2025-10-03 01:00,2025-10-03 01:30,通讯故障,检查天线连接,0.5
ST0018-P14,ST0018,2025-10-03 14:00,2025-10-03 14:43,硬件损坏,更换控制板,0.7
ST0018-P14,ST0018,2026-03-21 10:00,2026-03-21 10:56,过温保护,清理散热片,0.9
ST0018-P14,ST0018,2026-05-21 23:00,2026-05-22 01:21,接触不良,更换充电枪头,2.4
ST0018-P15,ST0018,2026-01-01 09:00,2026-01-01 09:52,过温保护,降低功率运行,0.9
ST0018-P15,ST0018,2026-05-21 21:00,2026-05-22 09:05,硬件损坏,更换功率模块,12.1
ST0018-P15,ST0018,2026-06-01 07:00,2026-06-01 19:56,线缆问题,修补线缆外皮,12.9
ST0018-P15,ST0018,2026-06-18 21:00,2026-06-18 22:06,硬件损坏,返厂维修,1.1
ST0018-P16,ST0018,2025-09-01 13:00,2025-09-01 13:50,接触不良,更换充电枪头,0.8
ST0018-P16,ST0018,2025-09-09 11:00,2025-09-09 20:32,硬件损坏,返厂维修,9.5
ST0018-P16,ST0018,2025-10-15 22:00,2025-10-16 01:53,过温保护,检查风扇,3.9
ST0018-P16,ST0018,2026-02-01 14:00,2026-02-01 14:30,通讯故障,重启通讯模块,0.5
ST0018-P16,ST0018,2026-02-27 02:00,2026-02-27 17:53,接触不良,更换充电枪头,15.9
ST0018-P16,ST0018,2026-04-01 06:00,2026-04-01 12:17,过温保护,检查风扇,6.3
ST0018-P17,ST0018,2025-10-05 15:00,2025-10-05 19:23,过温保护,降低功率运行,4.4
ST0018-P17,ST0018,2025-10-23 04:00,2025-10-23 08:05,过温保护,降低功率运行,4.1
ST0018-P17,ST0018,2026-03-05 14:00,2026-03-05 19:04,过温保护,降低功率运行,5.1
ST0018-P17,ST0018,2026-03-23 04:00,2026-03-23 04:42,接触不良,紧固接线端子,0.7
ST0018-P17,ST0018,2026-04-08 23:00,2026-04-09 00:08,过温保护,检查风扇,1.1
ST0018-P17,ST0018,2026-04-20 16:00,2026-04-20 19:19,过温保护,清理散热片,3.3
ST0018-P18,ST0018,2025-08-17 23:00,2025-08-17 23:30,通讯故障,重启通讯模块,0.5
ST0018-P18,ST0018,2026-05-14 11:00,2026-05-14 12:45,过温保护,清理散热片,1.8
ST0018-P19,ST0018,2026-02-07 09:00,2026-02-07 14:13,接触不良,清洁接头,5.2
ST0018-P19,ST0018,2026-04-25 04:00,2026-04-25 11:32,过温保护,清理散热片,7.5
ST0018-P19,ST0018,2026-05-20 09:00,2026-05-20 10:33,通讯故障,重启通讯模块,1.6
ST0018-P20,ST0018,2025-10-13 04:00,2025-10-13 06:37,接触不良,紧固接线端子,2.6
ST0018-P20,ST0018,2026-03-04 01:00,2026-03-04 05:20,过温保护,检查风扇,4.3
ST0019-P01,ST0019,2026-04-08 00:00,2026-04-08 10:04,硬件损坏,更换功率模块,10.1
ST0019-P01,ST0019,2026-05-08 11:00,2026-05-09 06:59,接触不良,更换充电枪头,20.0
ST0019-P02,ST0019,2026-03-20 10:00,2026-03-20 15:36,过温保护,检查风扇,5.6
ST0019-P02,ST0019,2026-05-21 09:00,2026-05-21 10:59,硬件损坏,返厂维修,2.0
ST0019-P03,ST0019,2025-09-15 19:00,2025-09-15 20:05,通讯故障,检查天线连接,1.1
ST0019-P03,ST0019,2025-10-16 23:00,2025-10-17 03:16,通讯故障,更换4G/5G模块,4.3
ST0019-P03,ST0019,2025-11-28 12:00,2025-11-28 22:00,过温保护,检查风扇,10.0
ST0019-P03,ST0019,2026-03-19 21:00,2026-03-19 22:46,过温保护,检查风扇,1.8
ST0019-P03,ST0019,2026-05-04 01:00,2026-05-04 01:30,过温保护,降低功率运行,0.5
ST0019-P03,ST0019,2026-06-16 13:00,2026-06-16 13:51,通讯故障,更换4G/5G模块,0.9
ST0019-P04,ST0019,2026-06-27 02:00,2026-06-27 02:30,硬件损坏,更换功率模块,0.5
ST0019-P04,ST0019,2026-07-29 00:00,2026-07-29 00:46,通讯故障,检查天线连接,0.8
ST0019-P05,ST0019,2025-08-10 03:00,2025-08-10 11:58,通讯故障,检查天线连接,9.0
ST0019-P05,ST0019,2025-08-28 18:00,2025-08-28 19:19,通讯故障,检查天线连接,1.3
ST0019-P05,ST0019,2025-11-05 15:00,2025-11-05 16:44,接触不良,紧固接线端子,1.7
ST0019-P05,ST0019,2025-12-19 06:00,2025-12-19 14:55,接触不良,更换充电枪头,8.9
ST0019-P05,ST0019,2026-04-30 05:00,2026-04-30 16:42,通讯故障,重启通讯模块,11.7
ST0019-P05,ST0019,2026-06-13 17:00,2026-06-13 22:41,通讯故障,检查天线连接,5.7
ST0019-P06,ST0019,2026-02-22 18:00,2026-02-22 18:49,硬件损坏,更换功率模块,0.8
ST0019-P06,ST0019,2026-03-12 05:00,2026-03-12 12:43,接触不良,清洁接头,7.7
ST0019-P06,ST0019,2026-04-09 00:00,2026-04-09 01:36,过温保护,检查风扇,1.6
ST0019-P06,ST0019,2026-05-01 19:00,2026-05-01 22:34,硬件损坏,更换控制板,3.6
ST0019-P07,ST0019,2026-04-28 10:00,2026-04-28 10:30,接触不良,清洁接头,0.5
ST0019-P08,ST0019,2025-08-30 09:00,2025-08-30 12:05,接触不良,清洁接头,3.1
ST0019-P08,ST0019,2025-09-20 10:00,2025-09-20 11:19,接触不良,更换充电枪头,1.3
ST0019-P08,ST0019,2025-10-26 01:00,2025-10-26 01:39,接触不良,紧固接线端子,0.7
ST0019-P08,ST0019,2026-01-05 13:00,2026-01-05 17:15,接触不良,紧固接线端子,4.3
ST0019-P08,ST0019,2026-01-14 05:00,2026-01-14 13:20,接触不良,更换充电枪头,8.3
ST0019-P08,ST0019,2026-02-09 03:00,2026-02-09 03:30,接触不良,更换充电枪头,0.5
ST0019-P08,ST0019,2026-02-28 10:00,2026-02-28 12:12,接触不良,清洁接头,2.2
ST0019-P09,ST0019,2026-04-18 16:00,2026-04-18 18:57,通讯故障,更换4G/5G模块,3.0
ST0019-P09,ST0019,2026-05-28 07:00,2026-05-28 09:09,接触不良,清洁接头,2.2
ST0019-P10,ST0019,2026-01-10 14:00,2026-01-10 15:27,功率异常,固件升级,1.5
ST0019-P10,ST0019,2026-02-25 02:00,2026-02-25 03:26,接触不良,清洁接头,1.4
ST0019-P11,ST0019,2026-06-21 07:00,2026-06-21 12:13,接触不良,更换充电枪头,5.2
ST0019-P12,ST0019,2025-12-04 17:00,2025-12-04 18:51,过温保护,检查风扇,1.9
ST0019-P12,ST0019,2026-01-03 18:00,2026-01-03 19:34,接触不良,清洁接头,1.6
ST0019-P12,ST0019,2026-02-08 17:00,2026-02-08 17:48,接触不良,更换充电枪头,0.8
ST0019-P12,ST0019,2026-03-17 02:00,2026-03-17 06:59,线缆问题,更换连接器,5.0
ST0019-P12,ST0019,2026-04-14 06:00,2026-04-14 12:47,通讯故障,重启通讯模块,6.8
ST0019-P12,ST0019,2026-05-12 14:00,2026-05-12 23:17,通讯故障,重启通讯模块,9.3
ST0019-P13,ST0019,2025-08-24 05:00,2025-08-24 08:30,线缆问题,更换连接器,3.5
ST0019-P13,ST0019,2025-12-07 21:00,2025-12-08 01:56,过温保护,检查风扇,4.9
ST0019-P13,ST0019,2026-01-27 20:00,2026-01-27 20:43,硬件损坏,更换功率模块,0.7
ST0019-P13,ST0019,2026-04-04 08:00,2026-04-04 11:08,接触不良,紧固接线端子,3.1
ST0019-P13,ST0019,2026-05-01 18:00,2026-05-02 06:09,接触不良,更换充电枪头,12.2
ST0019-P13,ST0019,2026-05-27 16:00,2026-05-27 22:04,接触不良,清洁接头,6.1
ST0019-P14,ST0019,2026-02-19 22:00,2026-02-20 01:40,接触不良,更换充电枪头,3.7
ST0019-P15,ST0019,2026-01-23 20:00,2026-01-23 21:50,线缆问题,修补线缆外皮,1.8
ST0019-P15,ST0019,2026-03-10 06:00,2026-03-10 08:53,硬件损坏,返厂维修,2.9
ST0019-P15,ST0019,2026-04-16 10:00,2026-04-16 12:50,通讯故障,检查天线连接,2.8
ST0019-P16,ST0019,2025-08-05 21:00,2025-08-05 22:41,接触不良,更换充电枪头,1.7
ST0019-P16,ST0019,2025-08-16 21:00,2025-08-17 02:11,接触不良,清洁接头,5.2
ST0019-P16,ST0019,2025-10-08 20:00,2025-10-09 02:34,线缆问题,更换充电线缆,6.6
ST0019-P16,ST0019,2026-02-28 17:00,2026-02-28 18:38,通讯故障,检查天线连接,1.6
ST0019-P16,ST0019,2026-05-03 02:00,2026-05-03 09:46,接触不良,紧固接线端子,7.8
ST0019-P16,ST0019,2026-06-08 15:00,2026-06-08 15:52,通讯故障,重启通讯模块,0.9
ST0019-P16,ST0019,2026-06-30 02:00,2026-06-30 06:49,线缆问题,更换连接器,4.8
ST0019-P16,ST0019,2026-07-11 03:00,2026-07-11 06:18,功率异常,更换传感器,3.3
ST0019-P16,ST0019,2026-07-27 15:00,2026-07-28 06:21,接触不良,清洁接头,15.4
ST0019-P17,ST0019,2025-08-05 03:00,2025-08-05 08:18,过温保护,检查风扇,5.3
ST0019-P17,ST0019,2026-02-06 06:00,2026-02-06 07:56,通讯故障,更换4G/5G模块,1.9
ST0019-P17,ST0019,2026-02-15 05:00,2026-02-15 11:10,线缆问题,更换连接器,6.2
ST0019-P18,ST0019,2025-08-11 08:00,2025-08-11 15:18,接触不良,紧固接线端子,7.3
ST0019-P19,ST0019,2026-01-31 06:00,2026-01-31 10:51,功率异常,校准功率表,4.9
ST0019-P20,ST0019,2025-09-26 08:00,2025-09-26 08:47,接触不良,紧固接线端子,0.8
ST0019-P20,ST0019,2025-11-09 20:00,2025-11-10 03:56,硬件损坏,更换控制板,7.9
ST0019-P20,ST0019,2026-04-10 22:00,2026-04-11 00:48,硬件损坏,返厂维修,2.8
ST0019-P20,ST0019,2026-04-14 15:00,2026-04-14 21:26,线缆问题,更换充电线缆,6.4
ST0019-P20,ST0019,2026-05-10 06:00,2026-05-10 09:13,线缆问题,更换连接器,3.2
ST0019-P20,ST0019,2026-05-17 21:00,2026-05-17 23:01,接触不良,紧固接线端子,2.0
ST0019-P20,ST0019,2026-06-07 06:00,2026-06-07 11:04,通讯故障,重启通讯模块,5.1
ST0020-P01,ST0020,2025-09-03 04:00,2025-09-03 05:22,接触不良,清洁接头,1.4
ST0020-P01,ST0020,2026-05-29 04:00,2026-05-29 05:28,通讯故障,检查天线连接,1.5
ST0020-P02,ST0020,2025-08-27 10:00,2025-08-27 11:27,接触不良,清洁接头,1.5
ST0020-P02,ST0020,2025-12-08 21:00,2025-12-08 21:30,硬件损坏,返厂维修,0.5
ST0020-P02,ST0020,2026-02-25 08:00,2026-02-25 09:44,硬件损坏,更换功率模块,1.7
ST0020-P02,ST0020,2026-03-21 00:00,2026-03-21 03:11,硬件损坏,更换控制板,3.2
ST0020-P02,ST0020,2026-04-11 11:00,2026-04-11 12:37,线缆问题,更换连接器,1.6
ST0020-P02,ST0020,2026-06-25 21:00,2026-06-25 22:21,通讯故障,检查天线连接,1.4
ST0020-P02,ST0020,2026-07-14 17:00,2026-07-14 21:29,功率异常,固件升级,4.5
ST0020-P02,ST0020,2026-07-15 16:00,2026-07-15 19:53,接触不良,清洁接头,3.9
ST0020-P03,ST0020,2025-11-23 01:00,2025-11-23 07:07,通讯故障,更换4G/5G模块,6.1
ST0020-P03,ST0020,2026-03-04 17:00,2026-03-04 18:20,硬件损坏,更换控制板,1.3
ST0020-P04,ST0020,2025-09-08 07:00,2025-09-08 11:06,接触不良,更换充电枪头,4.1
ST0020-P04,ST0020,2025-11-24 22:00,2025-11-25 09:33,过温保护,检查风扇,11.6
ST0020-P04,ST0020,2026-05-20 00:00,2026-05-20 01:52,接触不良,紧固接线端子,1.9
ST0020-P05,ST0020,2025-12-07 07:00,2025-12-07 08:17,通讯故障,重启通讯模块,1.3
ST0020-P05,ST0020,2026-03-31 07:00,2026-03-31 09:15,接触不良,清洁接头,2.3
ST0020-P05,ST0020,2026-04-03 13:00,2026-04-03 13:30,接触不良,更换充电枪头,0.5
ST0020-P05,ST0020,2026-05-31 20:00,2026-05-31 21:18,接触不良,清洁接头,1.3
ST0020-P06,ST0020,2025-11-30 02:00,2025-11-30 16:07,硬件损坏,返厂维修,14.1
ST0020-P06,ST0020,2026-06-14 14:00,2026-06-14 14:30,硬件损坏,更换功率模块,0.5
ST0020-P06,ST0020,2026-06-17 14:00,2026-06-17 16:04,过温保护,降低功率运行,2.1
ST0020-P07,ST0020,2025-09-01 14:00,2025-09-01 16:38,线缆问题,更换充电线缆,2.6
ST0020-P07,ST0020,2026-01-02 19:00,2026-01-02 20:15,功率异常,固件升级,1.3
ST0020-P07,ST0020,2026-03-10 02:00,2026-03-10 03:21,过温保护,清理散热片,1.4
ST0020-P07,ST0020,2026-07-13 01:00,2026-07-13 05:16,硬件损坏,返厂维修,4.3
ST0020-P07,ST0020,2026-07-22 02:00,2026-07-22 02:55,接触不良,更换充电枪头,0.9
ST0020-P08,ST0020,2025-08-06 14:00,2025-08-06 14:30,过温保护,检查风扇,0.5
ST0020-P08,ST0020,2026-06-03 21:00,2026-06-03 22:24,硬件损坏,返厂维修,1.4
ST0020-P08,ST0020,2026-06-13 13:00,2026-06-14 01:05,接触不良,更换充电枪头,12.1
ST0020-P09,ST0020,2025-09-22 00:00,2025-09-22 04:54,接触不良,紧固接线端子,4.9
ST0020-P09,ST0020,2026-03-21 16:00,2026-03-21 17:09,过温保护,检查风扇,1.2
ST0020-P09,ST0020,2026-05-28 06:00,2026-05-28 10:30,通讯故障,重启通讯模块,4.5
ST0020-P09,ST0020,2026-06-30 21:00,2026-07-01 10:24,过温保护,清理散热片,13.4
ST0020-P10,ST0020,2025-10-04 20:00,2025-10-05 07:43,通讯故障,检查天线连接,11.7
ST0020-P10,ST0020,2025-12-10 11:00,2025-12-10 11:30,过温保护,检查风扇,0.5
ST0020-P10,ST0020,2026-03-16 05:00,2026-03-16 16:34,功率异常,校准功率表,11.6
ST0020-P10,ST0020,2026-04-04 23:00,2026-04-04 23:40,硬件损坏,返厂维修,0.7
ST0020-P11,ST0020,2025-08-05 16:00,2025-08-06 04:38,过温保护,降低功率运行,12.6
ST0020-P11,ST0020,2026-01-23 09:00,2026-01-23 11:23,过温保护,检查风扇,2.4
ST0020-P11,ST0020,2026-01-31 09:00,2026-01-31 09:30,接触不良,紧固接线端子,0.5
ST0020-P11,ST0020,2026-03-29 09:00,2026-03-29 10:10,接触不良,紧固接线端子,1.2
ST0020-P11,ST0020,2026-05-05 04:00,2026-05-05 07:29,接触不良,更换充电枪头,3.5
ST0020-P11,ST0020,2026-07-03 21:00,2026-07-03 23:02,通讯故障,重启通讯模块,2.0
ST0020-P12,ST0020,2025-09-05 10:00,2025-09-05 10:30,硬件损坏,更换功率模块,0.5
ST0020-P12,ST0020,2025-11-11 20:00,2025-11-11 22:16,过温保护,清理散热片,2.3
ST0020-P12,ST0020,2026-03-05 11:00,2026-03-05 11:30,接触不良,更换充电枪头,0.5
ST0020-P12,ST0020,2026-07-08 15:00,2026-07-08 20:31,硬件损坏,返厂维修,5.5
ST0020-P13,ST0020,2025-09-23 14:00,2025-09-23 18:03,通讯故障,重启通讯模块,4.1
ST0020-P13,ST0020,2026-01-19 19:00,2026-01-19 22:33,通讯故障,更换4G/5G模块,3.6
ST0020-P13,ST0020,2026-03-03 10:00,2026-03-03 13:48,过温保护,清理散热片,3.8
ST0020-P13,ST0020,2026-04-11 07:00,2026-04-11 08:06,硬件损坏,更换功率模块,1.1
ST0020-P13,ST0020,2026-06-24 07:00,2026-06-24 12:00,过温保护,降低功率运行,5.0
ST0020-P14,ST0020,2026-06-16 06:00,2026-06-16 14:23,接触不良,更换充电枪头,8.4
ST0020-P15,ST0020,2026-01-17 23:00,2026-01-18 00:08,过温保护,检查风扇,1.1
ST0020-P16,ST0020,2025-08-04 11:00,2025-08-04 11:30,接触不良,更换充电枪头,0.5
ST0020-P16,ST0020,2025-09-07 11:00,2025-09-07 13:27,接触不良,更换充电枪头,2.5
ST0020-P17,ST0020,2025-08-23 00:00,2025-08-23 07:17,接触不良,更换充电枪头,7.3
ST0020-P17,ST0020,2025-11-10 09:00,2025-11-10 15:32,过温保护,清理散热片,6.5
ST0020-P17,ST0020,2026-06-20 18:00,2026-06-21 06:06,过温保护,检查风扇,12.1
ST0020-P18,ST0020,2025-08-11 21:00,2025-08-11 21:30,接触不良,更换充电枪头,0.5
ST0020-P18,ST0020,2025-10-30 08:00,2025-10-30 10:56,接触不良,更换充电枪头,2.9
ST0020-P18,ST0020,2026-01-21 06:00,2026-01-21 16:08,硬件损坏,更换控制板,10.1
ST0020-P18,ST0020,2026-02-07 21:00,2026-02-08 00:05,接触不良,更换充电枪头,3.1
ST0020-P18,ST0020,2026-02-11 20:00,2026-02-11 21:51,接触不良,更换充电枪头,1.9
ST0020-P18,ST0020,2026-03-22 07:00,2026-03-22 10:30,接触不良,清洁接头,3.5
ST0020-P19,ST0020,2025-09-03 03:00,2025-09-03 06:58,功率异常,校准功率表,4.0
ST0020-P19,ST0020,2025-10-06 06:00,2025-10-06 07:08,线缆问题,更换充电线缆,1.1
ST0020-P19,ST0020,2026-02-08 10:00,2026-02-08 12:13,硬件损坏,返厂维修,2.2
ST0020-P19,ST0020,2026-03-08 20:00,2026-03-08 22:20,硬件损坏,更换功率模块,2.3
ST0020-P19,ST0020,2026-04-30 12:00,2026-04-30 16:53,线缆问题,更换连接器,4.9
ST0020-P20,ST0020,2025-12-05 01:00,2025-12-05 01:30,通讯故障,检查天线连接,0.5
ST0020-P20,ST0020,2025-12-22 04:00,2025-12-22 05:25,过温保护,降低功率运行,1.4
ST0020-P20,ST0020,2025-12-29 04:00,2025-12-29 06:20,功率异常,更换传感器,2.3
ST0020-P20,ST0020,2026-05-27 15:00,2026-05-27 17:47,硬件损坏,更换功率模块,2.8
ST0021-P01,ST0021,2026-03-29 21:00,2026-03-30 07:28,通讯故障,检查天线连接,10.5
ST0021-P02,ST0021,2025-10-31 10:00,2025-10-31 10:41,通讯故障,检查天线连接,0.7
ST0021-P02,ST0021,2026-04-13 16:00,2026-04-13 16:41,过温保护,检查风扇,0.7
ST0021-P02,ST0021,2026-06-27 16:00,2026-06-27 17:12,接触不良,清洁接头,1.2
ST0021-P03,ST0021,2026-07-22 15:00,2026-07-22 19:21,过温保护,降低功率运行,4.4
ST0021-P04,ST0021,2025-11-15 07:00,2025-11-15 08:09,过温保护,清理散热片,1.2
ST0021-P04,ST0021,2025-11-20 09:00,2025-11-20 12:04,通讯故障,更换4G/5G模块,3.1
ST0021-P04,ST0021,2026-03-20 07:00,2026-03-20 09:53,过温保护,检查风扇,2.9
ST0021-P04,ST0021,2026-05-26 20:00,2026-05-26 21:28,线缆问题,更换充电线缆,1.5
ST0021-P05,ST0021,2025-09-13 09:00,2025-09-13 21:12,过温保护,检查风扇,12.2
ST0021-P05,ST0021,2026-04-23 11:00,2026-04-23 12:34,功率异常,校准功率表,1.6
ST0021-P05,ST0021,2026-05-09 02:00,2026-05-09 11:48,硬件损坏,更换功率模块,9.8
ST0021-P05,ST0021,2026-05-26 01:00,2026-05-26 02:45,过温保护,检查风扇,1.8
ST0021-P06,ST0021,2025-10-31 14:00,2025-10-31 14:51,过温保护,清理散热片,0.9
ST0021-P06,ST0021,2025-12-14 20:00,2025-12-15 03:49,过温保护,清理散热片,7.8
ST0021-P06,ST0021,2025-12-18 12:00,2025-12-18 14:47,接触不良,更换充电枪头,2.8
ST0021-P06,ST0021,2026-02-05 15:00,2026-02-05 18:13,过温保护,检查风扇,3.2
ST0021-P07,ST0021,2025-09-06 11:00,2025-09-06 11:47,接触不良,更换充电枪头,0.8
ST0021-P07,ST0021,2025-11-09 21:00,2025-11-09 22:02,过温保护,检查风扇,1.0
ST0021-P07,ST0021,2025-11-25 03:00,2025-11-25 07:28,过温保护,清理散热片,4.5
ST0021-P07,ST0021,2025-12-07 09:00,2025-12-07 09:30,通讯故障,检查天线连接,0.5
ST0021-P07,ST0021,2026-05-07 06:00,2026-05-07 10:44,硬件损坏,更换控制板,4.7
ST0021-P07,ST0021,2026-07-16 08:00,2026-07-16 08:43,通讯故障,重启通讯模块,0.7
ST0021-P08,ST0021,2025-10-10 22:00,2025-10-11 03:04,通讯故障,检查天线连接,5.1
ST0021-P09,ST0021,2025-08-07 15:00,2025-08-07 23:51,通讯故障,检查天线连接,8.9
ST0021-P09,ST0021,2025-12-23 11:00,2025-12-23 11:30,过温保护,检查风扇,0.5
ST0021-P09,ST0021,2026-02-24 18:00,2026-02-24 18:43,接触不良,紧固接线端子,0.7
ST0021-P10,ST0021,2025-10-16 12:00,2025-10-16 13:00,过温保护,清理散热片,1.0
ST0021-P10,ST0021,2025-11-25 23:00,2025-11-26 01:55,通讯故障,检查天线连接,2.9
ST0021-P11,ST0021,2026-03-25 10:00,2026-03-25 11:04,接触不良,更换充电枪头,1.1
ST0021-P11,ST0021,2026-05-28 17:00,2026-05-28 18:59,接触不良,清洁接头,2.0
ST0021-P12,ST0021,2025-10-11 18:00,2025-10-11 22:46,通讯故障,重启通讯模块,4.8
ST0021-P12,ST0021,2025-11-16 14:00,2025-11-16 16:14,接触不良,清洁接头,2.2
ST0021-P12,ST0021,2026-01-04 23:00,2026-01-05 03:50,通讯故障,重启通讯模块,4.8
ST0021-P12,ST0021,2026-05-13 00:00,2026-05-13 03:06,接触不良,清洁接头,3.1
ST0021-P13,ST0021,2026-01-14 18:00,2026-01-14 21:43,过温保护,清理散热片,3.7
ST0021-P13,ST0021,2026-03-06 21:00,2026-03-07 00:02,过温保护,检查风扇,3.0
ST0021-P13,ST0021,2026-05-18 01:00,2026-05-18 01:30,接触不良,更换充电枪头,0.5
ST0021-P13,ST0021,2026-07-20 17:00,2026-07-20 17:30,通讯故障,更换4G/5G模块,0.5
ST0021-P14,ST0021,2025-11-13 12:00,2025-11-13 12:54,接触不良,更换充电枪头,0.9
ST0021-P14,ST0021,2026-05-21 12:00,2026-05-21 21:02,线缆问题,修补线缆外皮,9.0
ST0021-P14,ST0021,2026-06-19 19:00,2026-06-19 20:59,接触不良,紧固接线端子,2.0
ST0021-P15,ST0021,2025-09-25 10:00,2025-09-25 16:17,过温保护,降低功率运行,6.3
ST0021-P15,ST0021,2026-03-20 20:00,2026-03-20 20:30,接触不良,清洁接头,0.5
ST0021-P16,ST0021,2025-08-14 05:00,2025-08-14 10:08,接触不良,更换充电枪头,5.1
ST0021-P16,ST0021,2025-09-05 12:00,2025-09-05 15:04,过温保护,检查风扇,3.1
ST0021-P16,ST0021,2025-11-14 07:00,2025-11-14 14:14,接触不良,清洁接头,7.2
ST0021-P16,ST0021,2026-07-19 19:00,2026-07-19 19:30,接触不良,清洁接头,0.5
ST0021-P17,ST0021,2025-09-05 12:00,2025-09-05 12:30,过温保护,清理散热片,0.5
ST0021-P17,ST0021,2025-09-26 04:00,2025-09-26 12:34,接触不良,紧固接线端子,8.6
ST0021-P17,ST0021,2025-10-06 06:00,2025-10-06 07:57,接触不良,清洁接头,2.0
ST0021-P17,ST0021,2026-02-27 12:00,2026-02-27 19:43,通讯故障,重启通讯模块,7.7
ST0021-P17,ST0021,2026-03-03 15:00,2026-03-03 17:30,接触不良,紧固接线端子,2.5
ST0021-P17,ST0021,2026-03-10 22:00,2026-03-11 04:30,硬件损坏,返厂维修,6.5
ST0021-P18,ST0021,2026-01-06 18:00,2026-01-07 02:23,过温保护,清理散热片,8.4
ST0021-P18,ST0021,2026-04-15 22:00,2026-04-15 23:58,通讯故障,检查天线连接,2.0
ST0021-P19,ST0021,2026-01-16 18:00,2026-01-17 00:30,线缆问题,修补线缆外皮,6.5
ST0021-P19,ST0021,2026-03-17 02:00,2026-03-17 02:30,过温保护,检查风扇,0.5
ST0021-P19,ST0021,2026-06-06 07:00,2026-06-06 08:52,接触不良,紧固接线端子,1.9
ST0021-P20,ST0021,2025-12-06 05:00,2025-12-06 06:50,接触不良,紧固接线端子,1.8
ST0021-P20,ST0021,2026-03-22 11:00,2026-03-22 12:43,过温保护,降低功率运行,1.7
ST0021-P20,ST0021,2026-06-10 05:00,2026-06-10 05:30,通讯故障,更换4G/5G模块,0.5
ST0021-P20,ST0021,2026-07-31 09:00,2026-07-31 10:51,过温保护,检查风扇,1.9
ST0022-P01,ST0022,2025-10-20 08:00,2025-10-20 10:38,功率异常,固件升级,2.6
ST0022-P01,ST0022,2026-05-03 09:00,2026-05-03 09:30,接触不良,紧固接线端子,0.5
ST0022-P01,ST0022,2026-05-19 03:00,2026-05-19 03:58,通讯故障,更换4G/5G模块,1.0
ST0022-P01,ST0022,2026-07-24 01:00,2026-07-24 05:20,过温保护,清理散热片,4.3
ST0022-P02,ST0022,2025-09-09 03:00,2025-09-09 09:05,通讯故障,检查天线连接,6.1
ST0022-P02,ST0022,2025-11-20 15:00,2025-11-20 20:49,功率异常,更换传感器,5.8
ST0022-P02,ST0022,2026-05-11 03:00,2026-05-11 06:30,通讯故障,更换4G/5G模块,3.5
ST0022-P03,ST0022,2025-08-14 02:00,2025-08-14 07:25,接触不良,紧固接线端子,5.4
ST0022-P03,ST0022,2026-03-25 12:00,2026-03-25 12:52,接触不良,清洁接头,0.9
ST0022-P03,ST0022,2026-04-17 01:00,2026-04-17 04:52,通讯故障,更换4G/5G模块,3.9
ST0022-P03,ST0022,2026-07-22 21:00,2026-07-22 21:44,过温保护,降低功率运行,0.7
ST0022-P04,ST0022,2025-08-06 21:00,2025-08-07 06:32,过温保护,检查风扇,9.5
ST0022-P04,ST0022,2025-08-10 19:00,2025-08-10 20:30,接触不良,更换充电枪头,1.5
ST0022-P04,ST0022,2025-09-04 02:00,2025-09-04 04:34,通讯故障,检查天线连接,2.6
ST0022-P04,ST0022,2025-10-26 02:00,2025-10-26 04:12,通讯故障,检查天线连接,2.2
ST0022-P04,ST0022,2025-10-30 09:00,2025-10-30 10:06,功率异常,校准功率表,1.1
ST0022-P04,ST0022,2025-12-21 05:00,2025-12-21 05:54,接触不良,更换充电枪头,0.9
ST0022-P04,ST0022,2026-03-13 04:00,2026-03-13 05:15,过温保护,检查风扇,1.3
ST0022-P04,ST0022,2026-05-01 23:00,2026-05-01 23:58,接触不良,清洁接头,1.0
ST0022-P04,ST0022,2026-07-03 07:00,2026-07-03 12:02,硬件损坏,返厂维修,5.0
ST0022-P05,ST0022,2025-11-19 22:00,2025-11-20 02:45,接触不良,更换充电枪头,4.8
ST0022-P05,ST0022,2026-07-12 17:00,2026-07-12 18:55,过温保护,清理散热片,1.9
ST0022-P06,ST0022,2025-08-25 12:00,2025-08-25 13:15,过温保护,清理散热片,1.3
ST0022-P06,ST0022,2025-08-27 19:00,2025-08-27 20:34,通讯故障,重启通讯模块,1.6
ST0022-P06,ST0022,2025-12-06 11:00,2025-12-06 11:50,通讯故障,重启通讯模块,0.8
ST0022-P06,ST0022,2026-07-04 03:00,2026-07-04 14:11,过温保护,检查风扇,11.2
ST0022-P06,ST0022,2026-07-20 09:00,2026-07-20 13:02,接触不良,清洁接头,4.0
ST0022-P07,ST0022,2025-08-08 10:00,2025-08-08 14:20,接触不良,更换充电枪头,4.3
ST0022-P07,ST0022,2025-11-21 03:00,2025-11-21 09:01,接触不良,紧固接线端子,6.0
ST0022-P07,ST0022,2026-07-15 21:00,2026-07-16 03:44,接触不良,更换充电枪头,6.7
ST0022-P08,ST0022,2026-01-15 10:00,2026-01-15 11:50,接触不良,紧固接线端子,1.8
ST0022-P08,ST0022,2026-03-01 16:00,2026-03-01 20:48,接触不良,更换充电枪头,4.8
ST0022-P09,ST0022,2026-06-16 06:00,2026-06-16 07:12,通讯故障,检查天线连接,1.2
ST0022-P10,ST0022,2026-03-08 03:00,2026-03-08 04:06,过温保护,清理散热片,1.1
ST0022-P11,ST0022,2026-01-30 10:00,2026-01-30 14:23,接触不良,更换充电枪头,4.4
ST0022-P12,ST0022,2025-08-23 02:00,2025-08-23 05:26,接触不良,更换充电枪头,3.4
ST0022-P12,ST0022,2025-10-08 10:00,2025-10-08 17:48,通讯故障,重启通讯模块,7.8
ST0022-P12,ST0022,2025-12-07 03:00,2025-12-07 04:34,接触不良,紧固接线端子,1.6
ST0022-P12,ST0022,2026-01-14 20:00,2026-01-15 01:30,通讯故障,检查天线连接,5.5
ST0022-P12,ST0022,2026-02-15 21:00,2026-02-16 03:34,接触不良,紧固接线端子,6.6
ST0022-P12,ST0022,2026-02-27 09:00,2026-02-27 09:30,通讯故障,检查天线连接,0.5
ST0022-P12,ST0022,2026-04-13 03:00,2026-04-13 03:30,接触不良,紧固接线端子,0.5
ST0022-P12,ST0022,2026-05-02 18:00,2026-05-03 21:13,接触不良,更换充电枪头,27.2
ST0022-P13,ST0022,2025-09-04 10:00,2025-09-04 10:33,硬件损坏,更换功率模块,0.6
ST0022-P13,ST0022,2026-01-10 21:00,2026-01-10 23:07,通讯故障,更换4G/5G模块,2.1
ST0022-P14,ST0022,2026-05-27 14:00,2026-05-27 15:47,通讯故障,更换4G/5G模块,1.8
ST0022-P15,ST0022,2025-08-07 07:00,2025-08-07 07:30,过温保护,清理散热片,0.5
ST0022-P15,ST0022,2025-11-30 23:00,2025-12-01 02:54,过温保护,检查风扇,3.9
ST0022-P15,ST0022,2025-12-03 19:00,2025-12-04 00:44,通讯故障,重启通讯模块,5.7
ST0022-P15,ST0022,2026-06-12 03:00,2026-06-12 08:46,通讯故障,更换4G/5G模块,5.8
ST0022-P16,ST0022,2025-12-30 06:00,2025-12-30 09:18,接触不良,更换充电枪头,3.3
ST0022-P16,ST0022,2026-02-09 06:00,2026-02-09 09:55,过温保护,降低功率运行,3.9
ST0022-P17,ST0022,2025-08-13 07:00,2025-08-13 17:32,过温保护,降低功率运行,10.5
ST0022-P17,ST0022,2025-11-14 17:00,2025-11-14 18:40,通讯故障,重启通讯模块,1.7
ST0022-P17,ST0022,2026-01-17 10:00,2026-01-17 20:35,功率异常,校准功率表,10.6
ST0022-P17,ST0022,2026-03-01 20:00,2026-03-01 23:38,功率异常,更换传感器,3.6
ST0022-P17,ST0022,2026-06-26 01:00,2026-06-26 02:02,接触不良,紧固接线端子,1.0
ST0022-P17,ST0022,2026-07-07 07:00,2026-07-07 10:00,接触不良,紧固接线端子,3.0
ST0022-P17,ST0022,2026-07-23 23:00,2026-07-23 23:57,接触不良,更换充电枪头,1.0
ST0022-P18,ST0022,2025-09-05 06:00,2025-09-05 08:25,通讯故障,重启通讯模块,2.4
ST0022-P18,ST0022,2025-10-04 02:00,2025-10-04 06:31,接触不良,更换充电枪头,4.5
ST0022-P18,ST0022,2025-11-29 16:00,2025-11-30 03:22,接触不良,更换充电枪头,11.4
ST0022-P18,ST0022,2026-03-07 23:00,2026-03-07 23:43,硬件损坏,更换控制板,0.7
ST0022-P18,ST0022,2026-05-31 17:00,2026-05-31 18:52,过温保护,清理散热片,1.9
ST0022-P18,ST0022,2026-06-21 04:00,2026-06-21 08:29,过温保护,清理散热片,4.5
ST0022-P19,ST0022,2025-12-25 18:00,2025-12-25 22:02,接触不良,清洁接头,4.0
ST0022-P19,ST0022,2026-02-20 12:00,2026-02-20 16:53,接触不良,更换充电枪头,4.9
ST0022-P19,ST0022,2026-03-30 14:00,2026-03-30 16:25,接触不良,清洁接头,2.4
ST0022-P19,ST0022,2026-04-04 02:00,2026-04-04 02:47,接触不良,清洁接头,0.8
ST0022-P19,ST0022,2026-06-22 06:00,2026-06-22 09:39,通讯故障,更换4G/5G模块,3.7
ST0022-P20,ST0022,2026-03-07 02:00,2026-03-07 05:45,通讯故障,更换4G/5G模块,3.8
ST0022-P20,ST0022,2026-04-04 00:00,2026-04-04 06:02,过温保护,检查风扇,6.0
ST0022-P20,ST0022,2026-06-01 17:00,2026-06-01 21:48,通讯故障,重启通讯模块,4.8
ST0023-P01,ST0023,2025-08-03 00:00,2025-08-03 03:30,接触不良,紧固接线端子,3.5
ST0023-P01,ST0023,2025-10-09 22:00,2025-10-09 23:17,接触不良,清洁接头,1.3
ST0023-P01,ST0023,2025-11-09 04:00,2025-11-09 14:10,过温保护,清理散热片,10.2
ST0023-P01,ST0023,2026-02-08 15:00,2026-02-08 18:35,接触不良,清洁接头,3.6
ST0023-P01,ST0023,2026-03-01 12:00,2026-03-01 13:45,过温保护,降低功率运行,1.8
ST0023-P01,ST0023,2026-04-04 02:00,2026-04-04 05:24,过温保护,检查风扇,3.4
ST0023-P02,ST0023,2026-04-08 09:00,2026-04-08 11:12,过温保护,降低功率运行,2.2
ST0023-P03,ST0023,2025-10-03 12:00,2025-10-03 12:56,线缆问题,更换连接器,0.9
ST0023-P03,ST0023,2025-10-23 06:00,2025-10-23 13:57,接触不良,清洁接头,8.0
ST0023-P03,ST0023,2025-12-09 23:00,2025-12-10 07:41,硬件损坏,更换控制板,8.7
ST0023-P03,ST0023,2026-04-18 22:00,2026-04-18 22:52,线缆问题,修补线缆外皮,0.9
ST0023-P04,ST0023,2025-12-03 15:00,2025-12-03 18:53,过温保护,清理散热片,3.9
ST0023-P04,ST0023,2026-02-02 20:00,2026-02-03 10:30,接触不良,紧固接线端子,14.5
ST0023-P04,ST0023,2026-03-06 23:00,2026-03-07 08:06,通讯故障,重启通讯模块,9.1
ST0023-P04,ST0023,2026-07-13 00:00,2026-07-13 02:30,过温保护,降低功率运行,2.5
ST0023-P05,ST0023,2025-10-15 08:00,2025-10-15 22:48,接触不良,更换充电枪头,14.8
ST0023-P05,ST0023,2026-06-06 14:00,2026-06-06 14:30,通讯故障,检查天线连接,0.5
ST0023-P06,ST0023,2025-09-17 20:00,2025-09-17 20:30,通讯故障,检查天线连接,0.5
ST0023-P06,ST0023,2025-11-05 13:00,2025-11-05 15:31,接触不良,更换充电枪头,2.5
ST0023-P06,ST0023,2026-02-13 12:00,2026-02-13 12:56,线缆问题,更换连接器,0.9
ST0023-P06,ST0023,2026-05-28 02:00,2026-05-28 03:02,硬件损坏,返厂维修,1.0
ST0023-P07,ST0023,2025-12-08 22:00,2025-12-08 22:43,硬件损坏,更换控制板,0.7
ST0023-P08,ST0023,2025-08-04 05:00,2025-08-04 05:33,通讯故障,更换4G/5G模块,0.6
ST0023-P08,ST0023,2025-09-15 03:00,2025-09-15 09:24,过温保护,降低功率运行,6.4
ST0023-P08,ST0023,2025-12-16 23:00,2025-12-17 00:25,硬件损坏,更换功率模块,1.4
ST0023-P08,ST0023,2026-02-20 22:00,2026-02-20 23:03,过温保护,检查风扇,1.1
ST0023-P08,ST0023,2026-05-21 11:00,2026-05-21 12:34,过温保护,清理散热片,1.6
ST0023-P09,ST0023,2025-10-27 05:00,2025-10-27 05:38,通讯故障,更换4G/5G模块,0.6
ST0023-P09,ST0023,2025-12-26 23:00,2025-12-27 05:37,接触不良,清洁接头,6.6
ST0023-P09,ST0023,2026-04-26 13:00,2026-04-26 13:56,接触不良,紧固接线端子,0.9
ST0023-P10,ST0023,2025-11-11 01:00,2025-11-11 04:18,过温保护,降低功率运行,3.3
ST0023-P10,ST0023,2026-04-15 03:00,2026-04-15 05:39,接触不良,清洁接头,2.7
ST0023-P10,ST0023,2026-05-18 06:00,2026-05-18 07:26,接触不良,更换充电枪头,1.4
ST0023-P11,ST0023,2025-09-13 12:00,2025-09-13 12:30,功率异常,校准功率表,0.5
ST0023-P11,ST0023,2025-10-25 02:00,2025-10-25 04:40,接触不良,清洁接头,2.7
ST0023-P11,ST0023,2026-02-26 14:00,2026-02-26 17:54,接触不良,紧固接线端子,3.9
ST0023-P11,ST0023,2026-06-16 03:00,2026-06-16 04:16,通讯故障,检查天线连接,1.3
ST0023-P12,ST0023,2025-09-21 00:00,2025-09-21 02:27,接触不良,更换充电枪头,2.5
ST0023-P12,ST0023,2025-12-15 00:00,2025-12-15 05:09,过温保护,降低功率运行,5.2
ST0023-P12,ST0023,2026-04-02 15:00,2026-04-02 17:10,接触不良,紧固接线端子,2.2
ST0023-P13,ST0023,2025-08-30 11:00,2025-08-30 18:17,通讯故障,更换4G/5G模块,7.3
ST0023-P13,ST0023,2025-09-21 00:00,2025-09-21 01:47,线缆问题,修补线缆外皮,1.8
ST0023-P13,ST0023,2025-10-11 00:00,2025-10-11 02:05,功率异常,固件升级,2.1
ST0023-P13,ST0023,2025-12-01 11:00,2025-12-01 13:42,过温保护,降低功率运行,2.7
ST0023-P13,ST0023,2026-02-21 12:00,2026-02-21 14:38,接触不良,紧固接线端子,2.6
ST0023-P13,ST0023,2026-03-08 10:00,2026-03-08 12:41,线缆问题,修补线缆外皮,2.7
ST0023-P13,ST0023,2026-03-31 10:00,2026-03-31 10:52,过温保护,降低功率运行,0.9
ST0023-P13,ST0023,2026-07-16 10:00,2026-07-16 15:24,接触不良,清洁接头,5.4
ST0023-P13,ST0023,2026-07-24 12:00,2026-07-24 19:51,通讯故障,检查天线连接,7.9
ST0023-P14,ST0023,2025-12-06 11:00,2025-12-06 11:52,接触不良,清洁接头,0.9
ST0023-P14,ST0023,2026-04-01 16:00,2026-04-01 16:46,线缆问题,修补线缆外皮,0.8
ST0023-P14,ST0023,2026-06-13 21:00,2026-06-14 09:06,过温保护,降低功率运行,12.1
ST0023-P15,ST0023,2025-11-28 19:00,2025-11-28 19:36,功率异常,更换传感器,0.6
ST0023-P15,ST0023,2026-01-12 00:00,2026-01-12 03:13,通讯故障,检查天线连接,3.2
ST0023-P15,ST0023,2026-01-14 21:00,2026-01-15 01:20,通讯故障,更换4G/5G模块,4.3
ST0023-P15,ST0023,2026-02-01 01:00,2026-02-01 02:51,接触不良,紧固接线端子,1.9
ST0023-P16,ST0023,2025-09-11 11:00,2025-09-11 11:59,过温保护,检查风扇,1.0
ST0023-P16,ST0023,2026-04-01 21:00,2026-04-01 21:48,通讯故障,检查天线连接,0.8
ST0023-P17,ST0023,2025-10-26 14:00,2025-10-26 17:15,接触不良,更换充电枪头,3.3
ST0023-P17,ST0023,2026-04-12 02:00,2026-04-12 03:49,接触不良,清洁接头,1.8
ST0023-P17,ST0023,2026-04-16 01:00,2026-04-16 07:23,通讯故障,重启通讯模块,6.4
ST0023-P17,ST0023,2026-04-24 18:00,2026-04-24 19:52,功率异常,固件升级,1.9
ST0023-P17,ST0023,2026-07-11 17:00,2026-07-11 17:30,接触不良,清洁接头,0.5
ST0023-P18,ST0023,2025-08-15 05:00,2025-08-15 06:08,接触不良,清洁接头,1.1
ST0023-P18,ST0023,2025-09-24 13:00,2025-09-24 21:17,过温保护,降低功率运行,8.3
ST0023-P18,ST0023,2026-02-13 08:00,2026-02-13 09:13,接触不良,更换充电枪头,1.2
ST0023-P18,ST0023,2026-07-04 22:00,2026-07-04 22:59,过温保护,清理散热片,1.0
ST0023-P19,ST0023,2026-07-07 15:00,2026-07-07 23:10,通讯故障,检查天线连接,8.2
ST0023-P20,ST0023,2025-09-03 20:00,2025-09-03 22:39,过温保护,检查风扇,2.7
ST0023-P20,ST0023,2025-09-16 22:00,2025-09-16 23:43,接触不良,清洁接头,1.7
ST0023-P20,ST0023,2025-11-23 18:00,2025-11-23 18:30,接触不良,紧固接线端子,0.5
ST0023-P20,ST0023,2026-02-10 22:00,2026-02-11 08:08,通讯故障,检查天线连接,10.1
ST0024-P01,ST0024,2026-02-12 20:00,2026-02-12 20:55,通讯故障,检查天线连接,0.9
ST0024-P02,ST0024,2025-09-15 10:00,2025-09-15 12:14,线缆问题,更换连接器,2.2
ST0024-P02,ST0024,2025-09-29 18:00,2025-10-01 00:53,接触不良,清洁接头,30.9
ST0024-P02,ST0024,2025-10-05 10:00,2025-10-05 15:52,接触不良,清洁接头,5.9
ST0024-P02,ST0024,2025-12-27 02:00,2025-12-27 04:40,通讯故障,重启通讯模块,2.7
ST0024-P02,ST0024,2026-05-31 06:00,2026-05-31 09:38,过温保护,降低功率运行,3.6
ST0024-P03,ST0024,2026-03-05 10:00,2026-03-05 11:39,接触不良,清洁接头,1.7
ST0024-P03,ST0024,2026-05-02 06:00,2026-05-02 06:54,过温保护,检查风扇,0.9
ST0024-P03,ST0024,2026-07-14 04:00,2026-07-14 06:51,接触不良,紧固接线端子,2.9
ST0024-P04,ST0024,2025-12-30 07:00,2025-12-30 10:12,过温保护,检查风扇,3.2
ST0024-P04,ST0024,2026-03-24 10:00,2026-03-24 10:30,通讯故障,重启通讯模块,0.5
ST0024-P04,ST0024,2026-06-04 09:00,2026-06-04 16:18,接触不良,更换充电枪头,7.3
ST0024-P04,ST0024,2026-07-15 14:00,2026-07-15 16:18,接触不良,更换充电枪头,2.3
ST0024-P05,ST0024,2026-07-26 01:00,2026-07-26 03:23,通讯故障,检查天线连接,2.4
ST0024-P06,ST0024,2026-04-15 22:00,2026-04-16 03:09,接触不良,更换充电枪头,5.2
ST0024-P07,ST0024,2025-11-19 15:00,2025-11-19 16:54,硬件损坏,更换控制板,1.9
ST0024-P07,ST0024,2026-05-21 15:00,2026-05-21 15:45,接触不良,紧固接线端子,0.8
ST0024-P08,ST0024,2025-11-16 23:00,2025-11-17 00:04,过温保护,清理散热片,1.1
ST0024-P08,ST0024,2026-01-18 04:00,2026-01-18 09:55,通讯故障,检查天线连接,5.9
ST0024-P08,ST0024,2026-07-25 23:00,2026-07-26 03:31,线缆问题,更换充电线缆,4.5
ST0024-P09,ST0024,2025-10-21 00:00,2025-10-21 07:00,通讯故障,检查天线连接,7.0
ST0024-P09,ST0024,2026-02-17 09:00,2026-02-17 09:30,功率异常,固件升级,0.5
ST0024-P09,ST0024,2026-02-17 10:00,2026-02-17 12:58,硬件损坏,更换控制板,3.0
ST0024-P10,ST0024,2025-11-08 22:00,2025-11-09 08:49,通讯故障,检查天线连接,10.8
ST0024-P10,ST0024,2025-12-23 09:00,2025-12-23 13:24,线缆问题,更换连接器,4.4
ST0024-P10,ST0024,2026-02-17 02:00,2026-02-17 15:01,通讯故障,检查天线连接,13.0
ST0024-P11,ST0024,2025-08-28 22:00,2025-08-29 09:45,过温保护,检查风扇,11.8
ST0024-P11,ST0024,2026-03-23 20:00,2026-03-24 04:38,接触不良,更换充电枪头,8.6
ST0024-P11,ST0024,2026-05-23 04:00,2026-05-23 09:22,通讯故障,更换4G/5G模块,5.4
ST0024-P11,ST0024,2026-07-23 15:00,2026-07-23 16:17,过温保护,检查风扇,1.3
ST0024-P12,ST0024,2025-08-05 11:00,2025-08-05 15:54,接触不良,紧固接线端子,4.9
ST0024-P12,ST0024,2025-11-09 23:00,2025-11-10 04:02,硬件损坏,返厂维修,5.0
ST0024-P13,ST0024,2025-08-27 03:00,2025-08-27 10:11,硬件损坏,返厂维修,7.2
ST0024-P13,ST0024,2025-10-26 01:00,2025-10-26 02:12,接触不良,更换充电枪头,1.2
ST0024-P13,ST0024,2026-01-30 15:00,2026-01-30 16:40,通讯故障,重启通讯模块,1.7
ST0024-P13,ST0024,2026-02-09 13:00,2026-02-09 15:20,硬件损坏,返厂维修,2.3
ST0024-P14,ST0024,2025-09-30 07:00,2025-09-30 07:42,过温保护,检查风扇,0.7
ST0024-P14,ST0024,2026-02-23 07:00,2026-02-23 07:30,通讯故障,重启通讯模块,0.5
ST0024-P14,ST0024,2026-04-08 09:00,2026-04-08 12:37,线缆问题,更换连接器,3.6
ST0024-P14,ST0024,2026-06-02 05:00,2026-06-02 05:39,通讯故障,检查天线连接,0.7
ST0024-P15,ST0024,2025-08-06 03:00,2025-08-06 06:26,通讯故障,重启通讯模块,3.4
ST0024-P15,ST0024,2025-09-15 14:00,2025-09-15 18:20,通讯故障,检查天线连接,4.3
ST0024-P15,ST0024,2026-02-12 08:00,2026-02-12 13:33,通讯故障,检查天线连接,5.6
ST0024-P15,ST0024,2026-07-01 14:00,2026-07-01 19:36,线缆问题,修补线缆外皮,5.6
ST0024-P16,ST0024,2025-08-12 18:00,2025-08-12 18:57,接触不良,紧固接线端子,1.0
ST0024-P16,ST0024,2026-05-21 15:00,2026-05-21 19:21,过温保护,检查风扇,4.4
ST0024-P16,ST0024,2026-05-31 05:00,2026-05-31 07:03,过温保护,检查风扇,2.1
ST0024-P16,ST0024,2026-07-22 23:00,2026-07-23 01:07,通讯故障,重启通讯模块,2.1
ST0024-P17,ST0024,2026-04-08 02:00,2026-04-08 09:06,过温保护,降低功率运行,7.1
ST0024-P17,ST0024,2026-05-03 05:00,2026-05-03 05:48,过温保护,检查风扇,0.8
ST0024-P17,ST0024,2026-05-12 17:00,2026-05-12 19:14,过温保护,降低功率运行,2.2
ST0024-P17,ST0024,2026-05-27 17:00,2026-05-27 17:30,接触不良,紧固接线端子,0.5
ST0024-P17,ST0024,2026-06-30 03:00,2026-06-30 08:18,接触不良,更换充电枪头,5.3
ST0024-P17,ST0024,2026-07-25 00:00,2026-07-25 01:40,通讯故障,更换4G/5G模块,1.7
ST0024-P18,ST0024,2025-08-03 17:00,2025-08-03 19:16,硬件损坏,更换控制板,2.3
ST0024-P18,ST0024,2026-01-08 03:00,2026-01-08 03:43,接触不良,更换充电枪头,0.7
ST0024-P18,ST0024,2026-06-03 22:00,2026-06-04 01:37,线缆问题,更换充电线缆,3.6
ST0024-P19,ST0024,2025-09-13 03:00,2025-09-13 07:17,接触不良,紧固接线端子,4.3
ST0024-P19,ST0024,2025-12-31 11:00,2025-12-31 21:43,接触不良,紧固接线端子,10.7
ST0024-P19,ST0024,2026-05-15 08:00,2026-05-15 13:16,接触不良,更换充电枪头,5.3
ST0024-P20,ST0024,2025-12-29 21:00,2025-12-30 04:00,接触不良,紧固接线端子,7.0
ST0024-P20,ST0024,2026-03-16 04:00,2026-03-16 10:27,线缆问题,更换连接器,6.5
ST0024-P20,ST0024,2026-04-09 22:00,2026-04-09 22:30,通讯故障,更换4G/5G模块,0.5
ST0024-P20,ST0024,2026-04-25 11:00,2026-04-25 14:26,接触不良,紧固接线端子,3.4
ST0024-P20,ST0024,2026-05-03 16:00,2026-05-03 18:29,接触不良,更换充电枪头,2.5
ST0024-P20,ST0024,2026-07-19 03:00,2026-07-19 03:30,功率异常,固件升级,0.5
ST0025-P01,ST0025,2025-11-05 04:00,2025-11-05 07:36,硬件损坏,更换控制板,3.6
ST0025-P01,ST0025,2025-11-19 04:00,2025-11-19 09:22,接触不良,紧固接线端子,5.4
ST0025-P02,ST0025,2026-05-30 11:00,2026-05-30 14:02,过温保护,检查风扇,3.0
ST0025-P03,ST0025,2026-06-15 13:00,2026-06-15 16:21,接触不良,更换充电枪头,3.4
ST0025-P04,ST0025,2025-09-06 20:00,2025-09-06 20:30,通讯故障,检查天线连接,0.5
ST0025-P04,ST0025,2025-10-13 17:00,2025-10-13 17:30,接触不良,更换充电枪头,0.5
ST0025-P04,ST0025,2025-12-16 20:00,2025-12-17 00:42,接触不良,紧固接线端子,4.7
ST0025-P04,ST0025,2026-02-07 18:00,2026-02-07 19:01,功率异常,固件升级,1.0
ST0025-P04,ST0025,2026-06-27 06:00,2026-06-27 08:26,过温保护,降低功率运行,2.4
ST0025-P04,ST0025,2026-07-13 13:00,2026-07-13 14:42,过温保护,降低功率运行,1.7
ST0025-P05,ST0025,2025-08-14 19:00,2025-08-14 21:35,过温保护,清理散热片,2.6
ST0025-P05,ST0025,2025-09-09 08:00,2025-09-09 09:43,接触不良,更换充电枪头,1.7
ST0025-P05,ST0025,2026-01-09 13:00,2026-01-09 19:52,通讯故障,更换4G/5G模块,6.9
ST0025-P05,ST0025,2026-04-30 03:00,2026-04-30 04:48,硬件损坏,返厂维修,1.8
ST0025-P06,ST0025,2025-08-06 03:00,2025-08-06 10:21,通讯故障,更换4G/5G模块,7.4
ST0025-P06,ST0025,2025-10-14 07:00,2025-10-14 09:37,接触不良,清洁接头,2.6
ST0025-P06,ST0025,2026-02-02 10:00,2026-02-02 12:30,过温保护,检查风扇,2.5
ST0025-P07,ST0025,2025-09-18 16:00,2025-09-19 02:47,线缆问题,修补线缆外皮,10.8
ST0025-P07,ST0025,2025-10-03 05:00,2025-10-03 07:27,线缆问题,更换连接器,2.5
ST0025-P07,ST0025,2026-01-04 18:00,2026-01-04 19:26,接触不良,清洁接头,1.4
ST0025-P07,ST0025,2026-07-25 18:00,2026-07-25 18:30,通讯故障,更换4G/5G模块,0.5
ST0025-P08,ST0025,2025-10-27 10:00,2025-10-27 12:34,过温保护,检查风扇,2.6
ST0025-P08,ST0025,2025-11-01 11:00,2025-11-01 13:05,通讯故障,检查天线连接,2.1
ST0025-P08,ST0025,2026-07-14 17:00,2026-07-14 17:42,硬件损坏,返厂维修,0.7
ST0025-P09,ST0025,2025-08-05 21:00,2025-08-05 23:09,过温保护,降低功率运行,2.2
ST0025-P09,ST0025,2025-10-13 12:00,2025-10-13 15:47,过温保护,降低功率运行,3.8
ST0025-P09,ST0025,2025-10-19 21:00,2025-10-19 21:30,硬件损坏,更换功率模块,0.5
ST0025-P09,ST0025,2025-12-15 01:00,2025-12-15 12:09,接触不良,紧固接线端子,11.2
ST0025-P10,ST0025,2025-12-06 21:00,2025-12-07 00:11,通讯故障,检查天线连接,3.2
ST0025-P10,ST0025,2026-03-03 22:00,2026-03-04 00:03,过温保护,检查风扇,2.1
ST0025-P11,ST0025,2025-09-10 02:00,2025-09-10 02:30,接触不良,紧固接线端子,0.5
ST0025-P11,ST0025,2025-09-14 09:00,2025-09-14 13:30,通讯故障,更换4G/5G模块,4.5
ST0025-P11,ST0025,2025-11-26 09:00,2025-11-26 11:07,线缆问题,更换连接器,2.1
ST0025-P11,ST0025,2026-01-08 02:00,2026-01-08 06:17,过温保护,降低功率运行,4.3
ST0025-P11,ST0025,2026-03-08 16:00,2026-03-08 17:45,接触不良,紧固接线端子,1.8
ST0025-P12,ST0025,2025-12-25 17:00,2025-12-25 17:30,接触不良,清洁接头,0.5
ST0025-P12,ST0025,2026-05-22 01:00,2026-05-22 08:01,接触不良,更换充电枪头,7.0
ST0025-P13,ST0025,2025-10-09 15:00,2025-10-09 17:47,硬件损坏,更换控制板,2.8
ST0025-P13,ST0025,2026-02-24 00:00,2026-02-24 00:59,通讯故障,检查天线连接,1.0
ST0025-P13,ST0025,2026-04-21 21:00,2026-04-22 02:15,接触不良,紧固接线端子,5.3
ST0025-P13,ST0025,2026-04-30 22:00,2026-05-01 10:41,功率异常,校准功率表,12.7
ST0025-P14,ST0025,2025-08-22 19:00,2025-08-23 01:57,硬件损坏,更换控制板,7.0
ST0025-P14,ST0025,2025-10-26 21:00,2025-10-26 21:38,接触不良,紧固接线端子,0.6
ST0025-P14,ST0025,2025-11-24 05:00,2025-11-24 12:09,过温保护,清理散热片,7.2
ST0025-P14,ST0025,2026-01-28 01:00,2026-01-28 08:26,接触不良,清洁接头,7.4
ST0025-P14,ST0025,2026-02-04 04:00,2026-02-04 07:06,过温保护,降低功率运行,3.1
ST0025-P14,ST0025,2026-02-08 03:00,2026-02-08 04:54,通讯故障,更换4G/5G模块,1.9
ST0025-P14,ST0025,2026-04-11 12:00,2026-04-11 14:15,线缆问题,更换充电线缆,2.3
ST0025-P14,ST0025,2026-04-28 21:00,2026-04-29 02:15,接触不良,紧固接线端子,5.3
ST0025-P14,ST0025,2026-07-14 07:00,2026-07-14 16:51,功率异常,固件升级,9.9
ST0025-P15,ST0025,2025-11-20 09:00,2025-11-20 09:30,接触不良,紧固接线端子,0.5
ST0025-P15,ST0025,2025-12-14 06:00,2025-12-14 09:24,硬件损坏,更换功率模块,3.4
ST0025-P15,ST0025,2026-04-21 01:00,2026-04-21 02:16,过温保护,检查风扇,1.3
ST0025-P15,ST0025,2026-06-20 18:00,2026-06-20 19:34,硬件损坏,更换控制板,1.6
ST0025-P16,ST0025,2026-04-07 01:00,2026-04-07 16:19,硬件损坏,更换控制板,15.3
ST0025-P17,ST0025,2025-08-04 04:00,2025-08-04 07:42,接触不良,紧固接线端子,3.7
ST0025-P17,ST0025,2025-08-05 03:00,2025-08-05 09:07,接触不良,清洁接头,6.1
ST0025-P17,ST0025,2025-12-07 07:00,2025-12-07 11:18,通讯故障,更换4G/5G模块,4.3
ST0025-P17,ST0025,2026-02-19 11:00,2026-02-19 15:39,过温保护,检查风扇,4.7
ST0025-P17,ST0025,2026-02-27 03:00,2026-02-27 03:30,接触不良,清洁接头,0.5
ST0025-P17,ST0025,2026-04-09 06:00,2026-04-09 07:14,过温保护,清理散热片,1.2
ST0025-P17,ST0025,2026-04-28 16:00,2026-04-29 10:33,接触不良,更换充电枪头,18.6
ST0025-P18,ST0025,2026-03-13 21:00,2026-03-13 22:00,硬件损坏,更换控制板,1.0
ST0025-P18,ST0025,2026-05-02 08:00,2026-05-02 11:53,过温保护,清理散热片,3.9
ST0025-P19,ST0025,2025-08-21 04:00,2025-08-21 09:39,过温保护,检查风扇,5.7
ST0025-P19,ST0025,2025-09-26 06:00,2025-09-26 08:09,过温保护,检查风扇,2.2
ST0025-P19,ST0025,2026-01-31 22:00,2026-01-31 22:44,接触不良,更换充电枪头,0.7
ST0025-P20,ST0025,2025-08-17 05:00,2025-08-17 05:30,过温保护,降低功率运行,0.5
ST0025-P20,ST0025,2025-11-10 15:00,2025-11-10 15:30,接触不良,紧固接线端子,0.5
ST0026-P01,ST0026,2025-10-05 10:00,2025-10-05 17:12,接触不良,清洁接头,7.2
ST0026-P01,ST0026,2026-04-11 21:00,2026-04-11 21:30,线缆问题,更换连接器,0.5
ST0026-P01,ST0026,2026-04-14 23:00,2026-04-15 13:42,过温保护,降低功率运行,14.7
ST0026-P02,ST0026,2025-09-26 03:00,2025-09-26 13:26,硬件损坏,更换功率模块,10.4
ST0026-P02,ST0026,2025-10-04 04:00,2025-10-04 06:10,过温保护,检查风扇,2.2
ST0026-P03,ST0026,2026-07-17 07:00,2026-07-17 10:24,过温保护,清理散热片,3.4
ST0026-P04,ST0026,2026-01-23 13:00,2026-01-23 16:30,通讯故障,检查天线连接,3.5
ST0026-P05,ST0026,2026-03-11 15:00,2026-03-11 21:11,通讯故障,更换4G/5G模块,6.2
ST0026-P06,ST0026,2025-09-12 13:00,2025-09-12 16:33,接触不良,更换充电枪头,3.6
ST0026-P07,ST0026,2025-12-13 22:00,2025-12-14 07:23,通讯故障,重启通讯模块,9.4
ST0026-P07,ST0026,2026-03-31 22:00,2026-04-01 01:11,接触不良,更换充电枪头,3.2
ST0026-P07,ST0026,2026-06-09 05:00,2026-06-09 07:13,接触不良,更换充电枪头,2.2
ST0026-P07,ST0026,2026-07-08 13:00,2026-07-08 14:52,通讯故障,重启通讯模块,1.9
ST0026-P07,ST0026,2026-07-25 23:00,2026-07-25 23:30,接触不良,紧固接线端子,0.5
ST0026-P08,ST0026,2025-10-07 12:00,2025-10-07 22:39,线缆问题,更换充电线缆,10.7
ST0026-P08,ST0026,2025-11-11 02:00,2025-11-11 03:38,接触不良,更换充电枪头,1.6
ST0026-P08,ST0026,2025-12-19 06:00,2025-12-19 06:30,过温保护,清理散热片,0.5
ST0026-P08,ST0026,2026-03-07 00:00,2026-03-07 02:23,通讯故障,检查天线连接,2.4
ST0026-P09,ST0026,2025-11-22 10:00,2025-11-22 10:30,过温保护,检查风扇,0.5
ST0026-P09,ST0026,2026-07-25 20:00,2026-07-26 01:35,过温保护,清理散热片,5.6
ST0026-P10,ST0026,2026-01-03 03:00,2026-01-03 06:01,过温保护,检查风扇,3.0
ST0026-P10,ST0026,2026-02-03 08:00,2026-02-03 08:42,过温保护,检查风扇,0.7
ST0026-P10,ST0026,2026-07-31 13:00,2026-07-31 16:23,通讯故障,重启通讯模块,3.4
ST0026-P11,ST0026,2025-08-27 21:00,2025-08-27 22:14,接触不良,紧固接线端子,1.2
ST0026-P11,ST0026,2026-01-12 06:00,2026-01-12 07:47,接触不良,清洁接头,1.8
ST0026-P11,ST0026,2026-03-30 08:00,2026-03-30 10:06,接触不良,紧固接线端子,2.1
ST0026-P12,ST0026,2026-01-03 03:00,2026-01-03 07:46,接触不良,更换充电枪头,4.8
ST0026-P12,ST0026,2026-04-09 11:00,2026-04-09 12:59,接触不良,清洁接头,2.0
ST0026-P13,ST0026,2025-10-06 10:00,2025-10-06 19:02,通讯故障,更换4G/5G模块,9.0
ST0026-P13,ST0026,2026-02-02 23:00,2026-02-03 00:24,通讯故障,检查天线连接,1.4
ST0026-P13,ST0026,2026-04-28 19:00,2026-04-28 20:02,通讯故障,更换4G/5G模块,1.0
ST0026-P14,ST0026,2025-09-20 02:00,2025-09-20 06:27,接触不良,紧固接线端子,4.5
ST0026-P14,ST0026,2025-11-07 22:00,2025-11-07 23:47,过温保护,检查风扇,1.8
ST0026-P14,ST0026,2026-03-31 06:00,2026-03-31 06:30,通讯故障,检查天线连接,0.5
ST0026-P14,ST0026,2026-05-28 20:00,2026-05-29 01:21,接触不良,更换充电枪头,5.4
ST0026-P14,ST0026,2026-06-05 03:00,2026-06-05 03:40,接触不良,更换充电枪头,0.7
ST0026-P14,ST0026,2026-06-13 10:00,2026-06-13 11:15,接触不良,清洁接头,1.3
ST0026-P15,ST0026,2025-08-12 05:00,2025-08-12 06:36,接触不良,紧固接线端子,1.6
ST0026-P15,ST0026,2025-09-01 22:00,2025-09-01 22:54,功率异常,校准功率表,0.9
ST0026-P15,ST0026,2025-12-19 22:00,2025-12-20 01:19,硬件损坏,更换功率模块,3.3
ST0026-P15,ST0026,2025-12-27 01:00,2025-12-27 08:36,硬件损坏,返厂维修,7.6
ST0026-P15,ST0026,2026-01-25 11:00,2026-01-25 13:31,通讯故障,更换4G/5G模块,2.5
ST0026-P15,ST0026,2026-03-03 16:00,2026-03-03 18:13,过温保护,降低功率运行,2.2
ST0026-P15,ST0026,2026-03-12 02:00,2026-03-12 04:07,接触不良,清洁接头,2.1
ST0026-P15,ST0026,2026-06-19 22:00,2026-06-20 01:51,接触不良,更换充电枪头,3.9
ST0026-P16,ST0026,2025-10-21 18:00,2025-10-21 19:23,线缆问题,更换充电线缆,1.4
ST0026-P16,ST0026,2025-10-24 14:00,2025-10-24 20:49,通讯故障,检查天线连接,6.8
ST0026-P16,ST0026,2025-11-14 05:00,2025-11-15 00:17,硬件损坏,更换功率模块,19.3
ST0026-P16,ST0026,2026-02-13 17:00,2026-02-13 17:30,过温保护,检查风扇,0.5
ST0026-P16,ST0026,2026-02-22 19:00,2026-02-23 03:49,通讯故障,更换4G/5G模块,8.8
ST0026-P17,ST0026,2025-11-21 09:00,2025-11-21 13:28,功率异常,固件升级,4.5
ST0026-P17,ST0026,2025-12-16 17:00,2025-12-17 00:30,过温保护,清理散热片,7.5
ST0026-P17,ST0026,2026-04-15 22:00,2026-04-15 22:32,过温保护,降低功率运行,0.5
ST0026-P17,ST0026,2026-04-26 08:00,2026-04-26 23:28,接触不良,清洁接头,15.5
ST0026-P18,ST0026,2025-09-12 22:00,2025-09-13 01:55,硬件损坏,返厂维修,3.9
ST0026-P18,ST0026,2025-10-08 08:00,2025-10-08 09:17,接触不良,更换充电枪头,1.3
ST0026-P18,ST0026,2026-05-01 03:00,2026-05-01 04:01,接触不良,更换充电枪头,1.0
ST0026-P18,ST0026,2026-06-06 11:00,2026-06-06 12:03,接触不良,清洁接头,1.1
ST0026-P18,ST0026,2026-06-25 07:00,2026-06-25 12:51,接触不良,更换充电枪头,5.9
ST0026-P18,ST0026,2026-06-29 11:00,2026-06-29 15:42,接触不良,紧固接线端子,4.7
ST0026-P19,ST0026,2025-08-30 20:00,2025-08-30 23:43,接触不良,更换充电枪头,3.7
ST0026-P19,ST0026,2026-06-10 09:00,2026-06-10 09:33,接触不良,清洁接头,0.6
ST0026-P20,ST0026,2025-08-09 17:00,2025-08-09 19:36,接触不良,紧固接线端子,2.6
ST0026-P20,ST0026,2025-12-22 05:00,2025-12-22 06:40,硬件损坏,更换控制板,1.7
ST0027-P01,ST0027,2025-09-24 23:00,2025-09-24 23:30,线缆问题,更换连接器,0.5
ST0027-P01,ST0027,2025-12-10 20:00,2025-12-10 20:30,通讯故障,检查天线连接,0.5
ST0027-P01,ST0027,2026-07-19 12:00,2026-07-19 13:11,通讯故障,检查天线连接,1.2
ST0027-P02,ST0027,2025-10-19 14:00,2025-10-20 03:26,过温保护,清理散热片,13.4
ST0027-P02,ST0027,2026-01-14 08:00,2026-01-14 09:24,通讯故障,重启通讯模块,1.4
ST0027-P02,ST0027,2026-05-25 20:00,2026-05-26 00:21,接触不良,清洁接头,4.4
ST0027-P03,ST0027,2025-10-15 15:00,2025-10-15 18:19,通讯故障,重启通讯模块,3.3
ST0027-P03,ST0027,2026-04-11 05:00,2026-04-11 07:46,过温保护,检查风扇,2.8
ST0027-P04,ST0027,2025-10-30 06:00,2025-10-30 09:40,接触不良,紧固接线端子,3.7
ST0027-P05,ST0027,2025-08-11 09:00,2025-08-11 14:01,过温保护,清理散热片,5.0
ST0027-P05,ST0027,2025-10-30 12:00,2025-10-30 13:23,通讯故障,检查天线连接,1.4
ST0027-P05,ST0027,2026-06-08 06:00,2026-06-08 08:58,通讯故障,重启通讯模块,3.0
ST0027-P06,ST0027,2025-08-05 03:00,2025-08-05 08:13,接触不良,紧固接线端子,5.2
ST0027-P06,ST0027,2025-08-07 19:00,2025-08-07 20:16,接触不良,更换充电枪头,1.3
ST0027-P06,ST0027,2025-08-23 04:00,2025-08-23 08:01,通讯故障,重启通讯模块,4.0
ST0027-P06,ST0027,2025-09-12 08:00,2025-09-12 11:36,过温保护,清理散热片,3.6
ST0027-P06,ST0027,2025-09-26 00:00,2025-09-26 04:20,过温保护,降低功率运行,4.3
ST0027-P06,ST0027,2026-02-10 12:00,2026-02-10 12:58,过温保护,清理散热片,1.0
ST0027-P06,ST0027,2026-06-18 19:00,2026-06-18 19:30,通讯故障,重启通讯模块,0.5
ST0027-P07,ST0027,2025-08-29 17:00,2025-08-29 21:11,接触不良,紧固接线端子,4.2
ST0027-P07,ST0027,2025-10-23 09:00,2025-10-23 16:07,接触不良,清洁接头,7.1
ST0027-P07,ST0027,2026-04-03 04:00,2026-04-03 14:01,通讯故障,重启通讯模块,10.0
ST0027-P07,ST0027,2026-04-03 18:00,2026-04-03 18:30,通讯故障,更换4G/5G模块,0.5
ST0027-P08,ST0027,2025-08-23 03:00,2025-08-23 03:30,接触不良,紧固接线端子,0.5
ST0027-P08,ST0027,2025-12-30 03:00,2025-12-30 03:30,过温保护,降低功率运行,0.5
ST0027-P08,ST0027,2026-03-01 04:00,2026-03-01 08:58,接触不良,更换充电枪头,5.0
ST0027-P09,ST0027,2026-01-28 20:00,2026-01-29 03:37,接触不良,清洁接头,7.6
ST0027-P09,ST0027,2026-03-07 12:00,2026-03-07 15:06,功率异常,校准功率表,3.1
ST0027-P10,ST0027,2025-09-26 07:00,2025-09-26 08:54,硬件损坏,更换功率模块,1.9
ST0027-P10,ST0027,2025-09-27 15:00,2025-09-27 18:11,接触不良,更换充电枪头,3.2
ST0027-P10,ST0027,2025-12-23 11:00,2025-12-23 14:44,过温保护,清理散热片,3.7
ST0027-P11,ST0027,2025-09-13 01:00,2025-09-13 02:30,通讯故障,检查天线连接,1.5
ST0027-P11,ST0027,2025-10-17 05:00,2025-10-17 05:30,接触不良,清洁接头,0.5
ST0027-P12,ST0027,2025-09-09 00:00,2025-09-09 02:03,接触不良,更换充电枪头,2.1
ST0027-P12,ST0027,2025-10-15 12:00,2025-10-15 16:35,接触不良,清洁接头,4.6
ST0027-P12,ST0027,2025-12-17 15:00,2025-12-17 16:35,过温保护,降低功率运行,1.6
ST0027-P12,ST0027,2025-12-25 11:00,2025-12-25 17:41,过温保护,清理散热片,6.7
ST0027-P12,ST0027,2026-02-05 08:00,2026-02-05 09:27,通讯故障,检查天线连接,1.5
ST0027-P12,ST0027,2026-07-02 04:00,2026-07-02 08:27,通讯故障,更换4G/5G模块,4.5
ST0027-P13,ST0027,2026-04-02 02:00,2026-04-02 02:32,通讯故障,重启通讯模块,0.5
ST0027-P13,ST0027,2026-05-23 13:00,2026-05-23 16:27,通讯故障,检查天线连接,3.5
ST0027-P14,ST0027,2026-02-13 02:00,2026-02-13 02:32,过温保护,降低功率运行,0.5
ST0027-P14,ST0027,2026-03-03 17:00,2026-03-03 20:50,接触不良,清洁接头,3.8
ST0027-P14,ST0027,2026-04-30 17:00,2026-04-30 17:52,接触不良,更换充电枪头,0.9
ST0027-P14,ST0027,2026-05-03 17:00,2026-05-04 00:35,过温保护,检查风扇,7.6
ST0027-P14,ST0027,2026-06-22 10:00,2026-06-22 11:20,接触不良,更换充电枪头,1.3
ST0027-P14,ST0027,2026-07-01 07:00,2026-07-01 09:20,线缆问题,修补线缆外皮,2.3
ST0027-P14,ST0027,2026-07-22 13:00,2026-07-22 13:30,接触不良,紧固接线端子,0.5
ST0027-P15,ST0027,2025-11-13 00:00,2025-11-13 00:30,通讯故障,更换4G/5G模块,0.5
ST0027-P15,ST0027,2025-11-21 22:00,2025-11-22 01:07,通讯故障,重启通讯模块,3.1
ST0027-P15,ST0027,2025-11-29 11:00,2025-11-29 11:30,过温保护,清理散热片,0.5
ST0027-P16,ST0027,2025-08-31 11:00,2025-08-31 15:03,过温保护,检查风扇,4.1
ST0027-P16,ST0027,2025-10-11 09:00,2025-10-11 15:51,线缆问题,修补线缆外皮,6.9
ST0027-P16,ST0027,2025-10-13 17:00,2025-10-13 17:30,功率异常,更换传感器,0.5
ST0027-P17,ST0027,2025-08-14 22:00,2025-08-15 04:38,接触不良,清洁接头,6.6
ST0027-P17,ST0027,2025-10-10 03:00,2025-10-10 06:48,接触不良,紧固接线端子,3.8
ST0027-P17,ST0027,2026-07-27 04:00,2026-07-27 13:07,硬件损坏,更换控制板,9.1
ST0027-P18,ST0027,2025-10-20 00:00,2025-10-20 04:50,过温保护,清理散热片,4.8
ST0027-P18,ST0027,2025-11-02 15:00,2025-11-02 15:30,硬件损坏,返厂维修,0.5
ST0027-P18,ST0027,2025-12-04 02:00,2025-12-04 03:46,通讯故障,重启通讯模块,1.8
ST0027-P18,ST0027,2026-02-04 04:00,2026-02-04 07:15,通讯故障,重启通讯模块,3.3
ST0027-P18,ST0027,2026-05-19 13:00,2026-05-19 22:41,接触不良,更换充电枪头,9.7
ST0027-P19,ST0027,2026-04-28 22:00,2026-04-29 03:49,接触不良,清洁接头,5.8
ST0027-P20,ST0027,2025-08-06 12:00,2025-08-06 12:30,通讯故障,更换4G/5G模块,0.5
ST0027-P20,ST0027,2025-09-26 04:00,2025-09-26 06:07,过温保护,清理散热片,2.1
ST0027-P20,ST0027,2025-10-28 16:00,2025-10-28 17:09,过温保护,清理散热片,1.2
ST0027-P20,ST0027,2026-06-25 01:00,2026-06-25 11:55,通讯故障,检查天线连接,10.9
ST0027-P20,ST0027,2026-07-15 14:00,2026-07-15 17:30,接触不良,紧固接线端子,3.5
ST0028-P01,ST0028,2026-05-20 16:00,2026-05-20 17:39,通讯故障,更换4G/5G模块,1.7
ST0028-P01,ST0028,2026-07-30 07:00,2026-07-30 09:49,接触不良,清洁接头,2.8
ST0028-P02,ST0028,2025-10-04 23:00,2025-10-05 01:02,功率异常,校准功率表,2.0
ST0028-P02,ST0028,2025-11-21 12:00,2025-11-21 20:35,接触不良,更换充电枪头,8.6
ST0028-P02,ST0028,2026-02-22 19:00,2026-02-22 19:30,接触不良,更换充电枪头,0.5
ST0028-P02,ST0028,2026-05-14 19:00,2026-05-14 21:08,过温保护,清理散热片,2.1
ST0028-P03,ST0028,2025-09-23 02:00,2025-09-23 14:21,通讯故障,更换4G/5G模块,12.4
ST0028-P03,ST0028,2025-11-08 08:00,2025-11-08 12:11,接触不良,更换充电枪头,4.2
ST0028-P03,ST0028,2026-02-07 20:00,2026-02-08 07:17,过温保护,检查风扇,11.3
ST0028-P03,ST0028,2026-02-11 05:00,2026-02-11 11:43,硬件损坏,更换功率模块,6.7
ST0028-P04,ST0028,2025-09-24 02:00,2025-09-24 03:39,硬件损坏,更换功率模块,1.7
ST0028-P04,ST0028,2025-12-23 05:00,2025-12-23 07:03,通讯故障,检查天线连接,2.1
ST0028-P04,ST0028,2026-06-02 00:00,2026-06-02 00:32,接触不良,清洁接头,0.5
ST0028-P05,ST0028,2025-12-02 08:00,2025-12-02 08:30,接触不良,更换充电枪头,0.5
ST0028-P05,ST0028,2026-05-16 15:00,2026-05-16 18:37,功率异常,校准功率表,3.6
ST0028-P05,ST0028,2026-05-19 18:00,2026-05-19 21:12,接触不良,更换充电枪头,3.2
ST0028-P06,ST0028,2026-01-09 12:00,2026-01-09 21:32,接触不良,紧固接线端子,9.5
ST0028-P06,ST0028,2026-01-30 04:00,2026-01-30 06:01,接触不良,紧固接线端子,2.0
ST0028-P06,ST0028,2026-02-20 16:00,2026-02-20 19:20,接触不良,更换充电枪头,3.3
ST0028-P06,ST0028,2026-02-25 23:00,2026-02-25 23:37,通讯故障,检查天线连接,0.6
ST0028-P06,ST0028,2026-07-12 03:00,2026-07-12 04:24,线缆问题,修补线缆外皮,1.4
ST0028-P07,ST0028,2025-10-22 04:00,2025-10-22 07:32,接触不良,紧固接线端子,3.5
ST0028-P07,ST0028,2026-05-28 01:00,2026-05-28 06:37,硬件损坏,更换控制板,5.6
ST0028-P07,ST0028,2026-05-28 12:00,2026-05-28 23:13,接触不良,清洁接头,11.2
ST0028-P08,ST0028,2025-10-22 16:00,2025-10-22 17:17,接触不良,紧固接线端子,1.3
ST0028-P08,ST0028,2025-11-27 06:00,2025-11-27 13:03,过温保护,降低功率运行,7.1
ST0028-P08,ST0028,2026-07-01 04:00,2026-07-01 10:07,硬件损坏,返厂维修,6.1
ST0028-P09,ST0028,2025-12-27 11:00,2025-12-27 11:30,通讯故障,检查天线连接,0.5
ST0028-P09,ST0028,2026-03-09 01:00,2026-03-09 03:04,过温保护,降低功率运行,2.1
ST0028-P09,ST0028,2026-03-18 04:00,2026-03-18 09:07,线缆问题,修补线缆外皮,5.1
ST0028-P09,ST0028,2026-07-16 12:00,2026-07-16 14:54,通讯故障,重启通讯模块,2.9
ST0028-P10,ST0028,2025-08-08 04:00,2025-08-08 20:11,接触不良,清洁接头,16.2
ST0028-P10,ST0028,2025-09-04 08:00,2025-09-04 08:34,通讯故障,检查天线连接,0.6
ST0028-P10,ST0028,2025-09-18 14:00,2025-09-18 20:44,接触不良,清洁接头,6.7
ST0028-P10,ST0028,2025-10-26 09:00,2025-10-26 10:18,接触不良,更换充电枪头,1.3
ST0028-P10,ST0028,2026-02-03 11:00,2026-02-03 13:19,过温保护,清理散热片,2.3
ST0028-P10,ST0028,2026-05-08 02:00,2026-05-08 02:30,通讯故障,更换4G/5G模块,0.5
ST0028-P11,ST0028,2025-12-10 14:00,2025-12-10 23:18,通讯故障,检查天线连接,9.3
ST0028-P11,ST0028,2026-03-24 08:00,2026-03-24 11:39,接触不良,清洁接头,3.7
ST0028-P12,ST0028,2025-12-25 12:00,2025-12-25 19:00,功率异常,更换传感器,7.0
ST0028-P12,ST0028,2026-04-07 01:00,2026-04-07 07:52,功率异常,更换传感器,6.9
ST0028-P12,ST0028,2026-06-14 21:00,2026-06-15 00:32,线缆问题,更换充电线缆,3.5
ST0028-P13,ST0028,2025-08-05 04:00,2025-08-05 04:59,接触不良,更换充电枪头,1.0
ST0028-P13,ST0028,2025-11-23 12:00,2025-11-23 12:49,过温保护,检查风扇,0.8
ST0028-P13,ST0028,2025-12-04 22:00,2025-12-05 01:42,通讯故障,检查天线连接,3.7
ST0028-P13,ST0028,2025-12-27 12:00,2025-12-27 15:55,接触不良,更换充电枪头,3.9
ST0028-P13,ST0028,2026-05-19 12:00,2026-05-19 15:23,过温保护,清理散热片,3.4
ST0028-P13,ST0028,2026-06-26 01:00,2026-06-26 04:06,过温保护,降低功率运行,3.1
ST0028-P13,ST0028,2026-07-16 01:00,2026-07-16 13:40,过温保护,降低功率运行,12.7
ST0028-P14,ST0028,2026-03-27 03:00,2026-03-27 04:01,接触不良,更换充电枪头,1.0
ST0028-P14,ST0028,2026-03-28 20:00,2026-03-28 22:57,通讯故障,检查天线连接,3.0
ST0028-P15,ST0028,2026-02-20 13:00,2026-02-20 13:42,接触不良,更换充电枪头,0.7
ST0028-P15,ST0028,2026-02-22 10:00,2026-02-22 10:48,接触不良,更换充电枪头,0.8
ST0028-P16,ST0028,2026-04-01 03:00,2026-04-01 05:52,线缆问题,修补线缆外皮,2.9
ST0028-P16,ST0028,2026-04-06 06:00,2026-04-06 08:01,接触不良,紧固接线端子,2.0
ST0028-P17,ST0028,2025-10-14 20:00,2025-10-14 22:49,过温保护,清理散热片,2.8
ST0028-P17,ST0028,2026-01-11 18:00,2026-01-11 18:30,过温保护,清理散热片,0.5
ST0028-P17,ST0028,2026-06-04 12:00,2026-06-04 12:30,功率异常,校准功率表,0.5
ST0028-P18,ST0028,2025-08-12 21:00,2025-08-12 21:30,功率异常,更换传感器,0.5
ST0028-P18,ST0028,2025-09-05 08:00,2025-09-05 11:07,过温保护,检查风扇,3.1
ST0028-P18,ST0028,2025-09-11 09:00,2025-09-11 13:08,接触不良,紧固接线端子,4.1
ST0028-P18,ST0028,2025-10-30 02:00,2025-10-30 02:49,过温保护,清理散热片,0.8
ST0028-P18,ST0028,2025-12-17 08:00,2025-12-17 08:30,过温保护,降低功率运行,0.5
ST0028-P19,ST0028,2025-09-17 13:00,2025-09-17 13:44,过温保护,检查风扇,0.7
ST0028-P19,ST0028,2025-12-11 05:00,2025-12-11 05:30,过温保护,清理散热片,0.5
ST0028-P19,ST0028,2025-12-31 05:00,2025-12-31 05:32,接触不良,更换充电枪头,0.5
ST0028-P20,ST0028,2025-10-22 22:00,2025-10-23 16:13,过温保护,检查风扇,18.2
ST0028-P20,ST0028,2026-04-01 17:00,2026-04-01 18:46,接触不良,紧固接线端子,1.8
ST0029-P01,ST0029,2025-10-14 10:00,2025-10-14 14:26,过温保护,降低功率运行,4.4
ST0029-P01,ST0029,2026-01-10 00:00,2026-01-10 04:06,接触不良,更换充电枪头,4.1
ST0029-P01,ST0029,2026-06-02 06:00,2026-06-02 06:30,过温保护,清理散热片,0.5
ST0029-P01,ST0029,2026-07-08 18:00,2026-07-08 18:30,通讯故障,检查天线连接,0.5
ST0029-P02,ST0029,2025-08-02 14:00,2025-08-02 14:30,过温保护,清理散热片,0.5
ST0029-P02,ST0029,2026-01-10 03:00,2026-01-10 04:38,硬件损坏,返厂维修,1.6
ST0029-P02,ST0029,2026-02-25 08:00,2026-02-25 08:46,功率异常,固件升级,0.8
ST0029-P03,ST0029,2025-11-05 13:00,2025-11-05 13:30,通讯故障,检查天线连接,0.5
ST0029-P03,ST0029,2025-11-16 06:00,2025-11-16 10:31,接触不良,紧固接线端子,4.5
ST0029-P03,ST0029,2026-02-10 06:00,2026-02-10 12:23,过温保护,检查风扇,6.4
ST0029-P03,ST0029,2026-05-07 05:00,2026-05-07 05:47,通讯故障,检查天线连接,0.8
ST0029-P03,ST0029,2026-05-23 00:00,2026-05-23 03:10,通讯故障,更换4G/5G模块,3.2
ST0029-P04,ST0029,2026-02-28 13:00,2026-03-01 08:34,硬件损坏,更换控制板,19.6
ST0029-P04,ST0029,2026-04-13 20:00,2026-04-14 02:06,接触不良,清洁接头,6.1
ST0029-P04,ST0029,2026-04-15 03:00,2026-04-15 04:43,硬件损坏,返厂维修,1.7
ST0029-P05,ST0029,2025-09-28 05:00,2025-09-28 07:06,过温保护,检查风扇,2.1
ST0029-P05,ST0029,2026-03-08 11:00,2026-03-09 02:18,过温保护,清理散热片,15.3
ST0029-P05,ST0029,2026-05-05 13:00,2026-05-05 19:25,通讯故障,更换4G/5G模块,6.4
ST0029-P05,ST0029,2026-05-11 19:00,2026-05-11 19:47,过温保护,清理散热片,0.8
ST0029-P06,ST0029,2025-08-17 21:00,2025-08-18 19:39,功率异常,更换传感器,22.7
ST0029-P06,ST0029,2025-09-15 20:00,2025-09-15 20:36,通讯故障,重启通讯模块,0.6
ST0029-P06,ST0029,2025-09-20 02:00,2025-09-20 06:42,接触不良,更换充电枪头,4.7
ST0029-P06,ST0029,2026-03-16 16:00,2026-03-16 18:55,功率异常,固件升级,2.9
ST0029-P06,ST0029,2026-04-12 23:00,2026-04-13 02:10,通讯故障,检查天线连接,3.2
ST0029-P06,ST0029,2026-05-06 03:00,2026-05-06 05:03,通讯故障,检查天线连接,2.1
ST0029-P06,ST0029,2026-06-12 13:00,2026-06-12 15:09,通讯故障,重启通讯模块,2.2
ST0029-P07,ST0029,2025-11-09 15:00,2025-11-10 02:55,接触不良,更换充电枪头,11.9
ST0029-P07,ST0029,2026-01-27 14:00,2026-01-27 22:28,通讯故障,更换4G/5G模块,8.5
ST0029-P07,ST0029,2026-05-10 12:00,2026-05-10 12:41,硬件损坏,更换功率模块,0.7
ST0029-P08,ST0029,2025-08-17 00:00,2025-08-17 00:42,功率异常,校准功率表,0.7
ST0029-P08,ST0029,2025-11-23 16:00,2025-11-23 18:10,功率异常,更换传感器,2.2
ST0029-P08,ST0029,2025-12-02 00:00,2025-12-02 03:25,过温保护,检查风扇,3.4
ST0029-P08,ST0029,2025-12-16 21:00,2025-12-16 22:46,通讯故障,更换4G/5G模块,1.8
ST0029-P08,ST0029,2026-01-05 13:00,2026-01-05 16:36,通讯故障,检查天线连接,3.6
ST0029-P09,ST0029,2025-10-27 18:00,2025-10-27 19:45,过温保护,检查风扇,1.8
ST0029-P09,ST0029,2025-11-07 19:00,2025-11-07 22:19,硬件损坏,返厂维修,3.3
ST0029-P09,ST0029,2025-12-02 17:00,2025-12-02 23:03,硬件损坏,更换控制板,6.1
ST0029-P09,ST0029,2026-06-04 10:00,2026-06-04 10:30,接触不良,清洁接头,0.5
ST0029-P10,ST0029,2025-10-04 16:00,2025-10-04 19:39,过温保护,清理散热片,3.7
ST0029-P10,ST0029,2025-10-28 12:00,2025-10-28 12:34,过温保护,检查风扇,0.6
ST0029-P10,ST0029,2025-11-27 03:00,2025-11-27 05:10,功率异常,固件升级,2.2
ST0029-P10,ST0029,2026-04-22 05:00,2026-04-22 06:12,接触不良,清洁接头,1.2
ST0029-P10,ST0029,2026-06-18 08:00,2026-06-18 09:21,过温保护,降低功率运行,1.4
ST0029-P10,ST0029,2026-06-20 18:00,2026-06-20 20:53,功率异常,更换传感器,2.9
ST0029-P11,ST0029,2026-01-13 06:00,2026-01-13 08:44,接触不良,更换充电枪头,2.7
ST0029-P12,ST0029,2025-08-15 19:00,2025-08-16 06:21,过温保护,降低功率运行,11.4
ST0029-P12,ST0029,2026-06-18 18:00,2026-06-18 21:30,接触不良,更换充电枪头,3.5
ST0029-P13,ST0029,2025-10-06 14:00,2025-10-06 17:11,线缆问题,更换连接器,3.2
ST0029-P13,ST0029,2026-05-20 12:00,2026-05-20 15:55,过温保护,清理散热片,3.9
ST0029-P14,ST0029,2025-12-04 23:00,2025-12-05 02:26,过温保护,检查风扇,3.4
ST0029-P14,ST0029,2025-12-12 21:00,2025-12-13 05:51,接触不良,更换充电枪头,8.9
ST0029-P14,ST0029,2025-12-19 02:00,2025-12-19 05:38,硬件损坏,更换功率模块,3.6
ST0029-P14,ST0029,2025-12-31 06:00,2025-12-31 13:54,通讯故障,检查天线连接,7.9
ST0029-P15,ST0029,2025-10-12 09:00,2025-10-12 09:53,通讯故障,更换4G/5G模块,0.9
ST0029-P15,ST0029,2025-11-01 02:00,2025-11-01 03:08,过温保护,清理散热片,1.1
ST0029-P15,ST0029,2026-02-17 03:00,2026-02-17 06:14,过温保护,检查风扇,3.2
ST0029-P15,ST0029,2026-04-11 11:00,2026-04-11 12:27,接触不良,更换充电枪头,1.5
ST0029-P15,ST0029,2026-06-02 03:00,2026-06-02 04:15,通讯故障,重启通讯模块,1.3
ST0029-P16,ST0029,2026-01-08 20:00,2026-01-08 22:55,过温保护,检查风扇,2.9
ST0029-P16,ST0029,2026-06-17 02:00,2026-06-17 02:30,通讯故障,重启通讯模块,0.5
ST0029-P16,ST0029,2026-07-18 13:00,2026-07-18 13:45,过温保护,检查风扇,0.8
ST0029-P17,ST0029,2025-08-06 05:00,2025-08-06 11:40,硬件损坏,返厂维修,6.7
ST0029-P17,ST0029,2026-05-18 20:00,2026-05-18 20:30,接触不良,紧固接线端子,0.5
ST0029-P18,ST0029,2025-08-03 05:00,2025-08-03 13:41,接触不良,紧固接线端子,8.7
ST0029-P18,ST0029,2025-12-09 03:00,2025-12-09 05:27,接触不良,更换充电枪头,2.5
ST0029-P18,ST0029,2026-06-07 00:00,2026-06-07 03:19,接触不良,紧固接线端子,3.3
ST0029-P18,ST0029,2026-06-11 19:00,2026-06-11 19:40,硬件损坏,返厂维修,0.7
ST0029-P19,ST0029,2025-09-17 11:00,2025-09-17 11:59,硬件损坏,返厂维修,1.0
ST0029-P19,ST0029,2025-11-21 02:00,2025-11-21 03:03,接触不良,紧固接线端子,1.1
ST0029-P19,ST0029,2025-12-19 15:00,2025-12-19 16:11,接触不良,更换充电枪头,1.2
ST0029-P19,ST0029,2026-03-12 16:00,2026-03-12 18:46,接触不良,清洁接头,2.8
ST0029-P19,ST0029,2026-03-28 23:00,2026-03-29 06:50,接触不良,清洁接头,7.8
ST0029-P19,ST0029,2026-05-10 20:00,2026-05-10 20:35,接触不良,清洁接头,0.6
ST0029-P19,ST0029,2026-07-21 04:00,2026-07-21 13:06,过温保护,检查风扇,9.1
ST0029-P20,ST0029,2025-10-24 06:00,2025-10-24 21:00,接触不良,紧固接线端子,15.0
ST0029-P20,ST0029,2025-12-22 12:00,2025-12-22 14:06,功率异常,校准功率表,2.1
ST0029-P20,ST0029,2026-04-07 13:00,2026-04-07 17:08,硬件损坏,更换控制板,4.1
ST0029-P20,ST0029,2026-05-26 18:00,2026-05-26 18:56,接触不良,清洁接头,0.9
ST0030-P01,ST0030,2025-11-01 10:00,2025-11-01 12:13,过温保护,检查风扇,2.2
ST0030-P01,ST0030,2026-02-08 20:00,2026-02-09 00:27,过温保护,清理散热片,4.5
ST0030-P01,ST0030,2026-02-20 00:00,2026-02-20 01:29,过温保护,清理散热片,1.5
ST0030-P01,ST0030,2026-02-26 09:00,2026-02-26 09:55,通讯故障,检查天线连接,0.9
ST0030-P01,ST0030,2026-03-19 05:00,2026-03-19 10:13,通讯故障,重启通讯模块,5.2
ST0030-P01,ST0030,2026-04-19 08:00,2026-04-19 11:25,硬件损坏,返厂维修,3.4
ST0030-P01,ST0030,2026-06-27 16:00,2026-06-27 18:48,通讯故障,更换4G/5G模块,2.8
ST0030-P02,ST0030,2025-10-02 00:00,2025-10-02 06:07,过温保护,检查风扇,6.1
ST0030-P02,ST0030,2026-01-16 06:00,2026-01-16 07:50,通讯故障,更换4G/5G模块,1.8
ST0030-P02,ST0030,2026-02-07 04:00,2026-02-07 04:53,通讯故障,更换4G/5G模块,0.9
ST0030-P02,ST0030,2026-07-19 00:00,2026-07-19 09:35,接触不良,紧固接线端子,9.6
ST0030-P03,ST0030,2025-11-10 06:00,2025-11-10 12:37,接触不良,更换充电枪头,6.6
ST0030-P03,ST0030,2025-11-20 03:00,2025-11-20 03:30,过温保护,降低功率运行,0.5
ST0030-P03,ST0030,2025-12-21 22:00,2025-12-22 00:39,接触不良,紧固接线端子,2.7
ST0030-P03,ST0030,2026-03-11 10:00,2026-03-11 11:31,接触不良,清洁接头,1.5
ST0030-P03,ST0030,2026-06-27 13:00,2026-06-27 14:08,接触不良,紧固接线端子,1.1
ST0030-P03,ST0030,2026-07-10 02:00,2026-07-10 02:30,接触不良,紧固接线端子,0.5
ST0030-P04,ST0030,2025-08-03 14:00,2025-08-03 16:46,接触不良,清洁接头,2.8
ST0030-P04,ST0030,2025-08-10 20:00,2025-08-10 21:36,过温保护,降低功率运行,1.6
ST0030-P04,ST0030,2025-10-27 19:00,2025-10-27 23:41,硬件损坏,更换控制板,4.7
ST0030-P04,ST0030,2026-05-23 00:00,2026-05-23 04:35,线缆问题,修补线缆外皮,4.6
ST0030-P04,ST0030,2026-05-30 12:00,2026-05-30 23:36,过温保护,清理散热片,11.6
ST0030-P05,ST0030,2025-09-05 15:00,2025-09-05 15:35,接触不良,更换充电枪头,0.6
ST0030-P05,ST0030,2026-01-20 20:00,2026-01-21 03:54,线缆问题,更换充电线缆,7.9
ST0030-P05,ST0030,2026-05-01 16:00,2026-05-01 22:29,接触不良,更换充电枪头,6.5
ST0030-P06,ST0030,2025-08-25 12:00,2025-08-25 16:53,硬件损坏,更换控制板,4.9
ST0030-P06,ST0030,2025-10-11 03:00,2025-10-11 03:44,接触不良,清洁接头,0.7
ST0030-P06,ST0030,2025-11-23 01:00,2025-11-23 09:15,接触不良,更换充电枪头,8.3
ST0030-P06,ST0030,2025-11-24 05:00,2025-11-24 10:03,过温保护,清理散热片,5.1
ST0030-P06,ST0030,2026-06-13 03:00,2026-06-13 04:09,接触不良,更换充电枪头,1.2
ST0030-P06,ST0030,2026-06-25 03:00,2026-06-25 07:31,接触不良,清洁接头,4.5
ST0030-P06,ST0030,2026-07-19 23:00,2026-07-19 23:30,通讯故障,更换4G/5G模块,0.5
ST0030-P06,ST0030,2026-07-23 14:00,2026-07-23 19:25,过温保护,检查风扇,5.4
ST0030-P07,ST0030,2025-08-27 08:00,2025-08-27 11:11,功率异常,校准功率表,3.2
ST0030-P07,ST0030,2025-09-26 01:00,2025-09-26 01:50,过温保护,检查风扇,0.8
ST0030-P07,ST0030,2026-05-03 00:00,2026-05-03 07:14,接触不良,紧固接线端子,7.2
ST0030-P08,ST0030,2025-12-22 10:00,2025-12-22 10:30,接触不良,紧固接线端子,0.5
ST0030-P08,ST0030,2026-01-11 04:00,2026-01-11 08:26,接触不良,紧固接线端子,4.4
ST0030-P08,ST0030,2026-02-28 20:00,2026-03-01 00:46,通讯故障,更换4G/5G模块,4.8
ST0030-P08,ST0030,2026-03-24 03:00,2026-03-24 10:18,接触不良,更换充电枪头,7.3
ST0030-P08,ST0030,2026-04-02 21:00,2026-04-03 02:10,接触不良,清洁接头,5.2
ST0030-P08,ST0030,2026-04-28 07:00,2026-04-28 15:27,接触不良,紧固接线端子,8.5
ST0030-P08,ST0030,2026-07-09 03:00,2026-07-09 04:48,硬件损坏,返厂维修,1.8
ST0030-P09,ST0030,2025-12-30 22:00,2025-12-31 11:01,过温保护,清理散热片,13.0
ST0030-P09,ST0030,2026-01-28 17:00,2026-01-28 21:32,接触不良,更换充电枪头,4.5
ST0030-P10,ST0030,2025-08-07 21:00,2025-08-07 22:59,通讯故障,重启通讯模块,2.0
ST0030-P10,ST0030,2026-03-28 12:00,2026-03-28 12:35,接触不良,更换充电枪头,0.6
ST0030-P10,ST0030,2026-04-07 03:00,2026-04-07 03:30,接触不良,清洁接头,0.5
ST0030-P10,ST0030,2026-04-11 01:00,2026-04-11 06:58,通讯故障,重启通讯模块,6.0
ST0030-P11,ST0030,2025-09-24 04:00,2025-09-24 12:28,过温保护,清理散热片,8.5
ST0030-P11,ST0030,2026-01-07 22:00,2026-01-08 00:56,接触不良,清洁接头,2.9
ST0030-P11,ST0030,2026-02-03 12:00,2026-02-03 14:49,硬件损坏,更换控制板,2.8
ST0030-P11,ST0030,2026-07-02 04:00,2026-07-02 06:19,过温保护,降低功率运行,2.3
ST0030-P12,ST0030,2025-11-05 02:00,2025-11-05 02:30,硬件损坏,更换控制板,0.5
ST0030-P12,ST0030,2026-01-05 18:00,2026-01-05 21:37,通讯故障,检查天线连接,3.6
ST0030-P12,ST0030,2026-03-05 05:00,2026-03-05 09:21,过温保护,降低功率运行,4.4
ST0030-P13,ST0030,2025-08-15 15:00,2025-08-15 17:10,接触不良,紧固接线端子,2.2
ST0030-P13,ST0030,2025-09-26 07:00,2025-09-26 13:51,接触不良,更换充电枪头,6.9
ST0030-P13,ST0030,2026-03-24 05:00,2026-03-24 09:11,过温保护,检查风扇,4.2
ST0030-P14,ST0030,2025-08-28 14:00,2025-08-29 00:08,过温保护,检查风扇,10.1
ST0030-P14,ST0030,2025-10-17 12:00,2025-10-18 09:49,过温保护,降低功率运行,21.8
ST0030-P14,ST0030,2026-01-29 13:00,2026-01-29 16:37,过温保护,清理散热片,3.6
ST0030-P14,ST0030,2026-03-09 16:00,2026-03-09 18:17,接触不良,清洁接头,2.3
ST0030-P15,ST0030,2025-08-26 20:00,2025-08-26 20:54,过温保护,检查风扇,0.9
ST0030-P16,ST0030,2025-10-30 19:00,2025-10-31 02:25,过温保护,检查风扇,7.4
ST0030-P16,ST0030,2025-12-29 06:00,2025-12-29 15:51,通讯故障,更换4G/5G模块,9.9
ST0030-P17,ST0030,2025-08-26 20:00,2025-08-27 01:08,过温保护,清理散热片,5.1
ST0030-P17,ST0030,2026-03-10 03:00,2026-03-10 03:30,过温保护,降低功率运行,0.5
ST0030-P18,ST0030,2025-08-19 18:00,2025-08-19 19:42,线缆问题,修补线缆外皮,1.7
ST0030-P18,ST0030,2025-09-21 08:00,2025-09-21 11:53,接触不良,更换充电枪头,3.9
ST0030-P18,ST0030,2025-12-01 02:00,2025-12-01 03:52,接触不良,紧固接线端子,1.9
ST0030-P19,ST0030,2025-09-21 07:00,2025-09-21 08:03,通讯故障,检查天线连接,1.1
ST0030-P19,ST0030,2026-02-24 12:00,2026-02-25 08:41,硬件损坏,更换控制板,20.7
ST0030-P20,ST0030,2026-07-21 08:00,2026-07-21 08:30,硬件损坏,更换控制板,0.5
ST0031-P01,ST0031,2025-08-02 03:00,2025-08-02 10:54,接触不良,更换充电枪头,7.9
ST0031-P01,ST0031,2026-01-09 21:00,2026-01-09 23:28,过温保护,清理散热片,2.5
ST0031-P01,ST0031,2026-04-02 23:00,2026-04-02 23:30,接触不良,清洁接头,0.5
ST0031-P01,ST0031,2026-04-15 22:00,2026-04-16 06:02,通讯故障,检查天线连接,8.0
ST0031-P01,ST0031,2026-07-19 07:00,2026-07-19 13:01,接触不良,更换充电枪头,6.0
ST0031-P02,ST0031,2025-08-05 19:00,2025-08-05 20:41,接触不良,清洁接头,1.7
ST0031-P02,ST0031,2025-09-09 05:00,2025-09-09 09:54,接触不良,紧固接线端子,4.9
ST0031-P02,ST0031,2025-09-26 01:00,2025-09-26 02:04,通讯故障,重启通讯模块,1.1
ST0031-P02,ST0031,2025-10-25 04:00,2025-10-25 11:01,线缆问题,更换充电线缆,7.0
ST0031-P02,ST0031,2025-11-25 16:00,2025-11-25 17:38,接触不良,紧固接线端子,1.6
ST0031-P02,ST0031,2026-03-31 18:00,2026-03-31 18:30,过温保护,清理散热片,0.5
ST0031-P02,ST0031,2026-04-08 07:00,2026-04-08 09:03,线缆问题,修补线缆外皮,2.1
ST0031-P02,ST0031,2026-05-18 21:00,2026-05-19 03:50,过温保护,检查风扇,6.8
ST0031-P03,ST0031,2026-01-19 14:00,2026-01-19 15:28,接触不良,清洁接头,1.5
ST0031-P04,ST0031,2025-12-08 11:00,2025-12-08 14:14,线缆问题,修补线缆外皮,3.2
ST0031-P04,ST0031,2025-12-10 21:00,2025-12-10 21:49,通讯故障,更换4G/5G模块,0.8
ST0031-P05,ST0031,2025-10-12 11:00,2025-10-12 12:24,通讯故障,更换4G/5G模块,1.4
ST0031-P05,ST0031,2025-12-17 21:00,2025-12-17 21:30,过温保护,降低功率运行,0.5
ST0031-P05,ST0031,2026-02-27 07:00,2026-02-27 07:30,硬件损坏,返厂维修,0.5
ST0031-P05,ST0031,2026-06-02 15:00,2026-06-02 16:36,接触不良,更换充电枪头,1.6
ST0031-P05,ST0031,2026-06-24 00:00,2026-06-24 12:15,通讯故障,重启通讯模块,12.3
ST0031-P06,ST0031,2025-11-14 23:00,2025-11-14 23:31,过温保护,清理散热片,0.5
ST0031-P06,ST0031,2026-07-23 13:00,2026-07-23 19:06,接触不良,清洁接头,6.1
ST0031-P07,ST0031,2026-06-17 21:00,2026-06-17 21:50,线缆问题,更换连接器,0.8
ST0031-P07,ST0031,2026-06-24 03:00,2026-06-24 12:36,接触不良,清洁接头,9.6
ST0031-P08,ST0031,2025-11-06 01:00,2025-11-06 01:30,过温保护,降低功率运行,0.5
ST0031-P08,ST0031,2025-12-14 21:00,2025-12-15 04:51,硬件损坏,更换控制板,7.9
ST0031-P08,ST0031,2026-01-17 12:00,2026-01-17 12:44,过温保护,降低功率运行,0.7
ST0031-P08,ST0031,2026-03-02 08:00,2026-03-02 15:41,线缆问题,修补线缆外皮,7.7
ST0031-P09,ST0031,2025-09-03 09:00,2025-09-03 09:44,通讯故障,重启通讯模块,0.7
ST0031-P09,ST0031,2025-12-26 03:00,2025-12-26 04:21,过温保护,清理散热片,1.4
ST0031-P09,ST0031,2026-01-03 15:00,2026-01-03 19:42,线缆问题,修补线缆外皮,4.7
ST0031-P09,ST0031,2026-03-27 21:00,2026-03-27 22:59,通讯故障,重启通讯模块,2.0
ST0031-P09,ST0031,2026-04-13 21:00,2026-04-13 22:53,接触不良,更换充电枪头,1.9
ST0031-P09,ST0031,2026-04-25 09:00,2026-04-25 12:08,过温保护,降低功率运行,3.1
ST0031-P09,ST0031,2026-05-13 21:00,2026-05-13 21:41,过温保护,清理散热片,0.7
ST0031-P10,ST0031,2025-08-03 13:00,2025-08-03 16:10,过温保护,检查风扇,3.2
ST0031-P10,ST0031,2025-12-07 04:00,2025-12-07 05:53,硬件损坏,更换控制板,1.9
ST0031-P10,ST0031,2025-12-24 16:00,2025-12-24 18:08,接触不良,紧固接线端子,2.1
ST0031-P10,ST0031,2026-05-15 04:00,2026-05-15 04:30,过温保护,清理散热片,0.5
ST0031-P10,ST0031,2026-07-05 00:00,2026-07-05 00:30,接触不良,更换充电枪头,0.5
ST0031-P11,ST0031,2025-08-17 15:00,2025-08-17 16:59,接触不良,清洁接头,2.0
ST0031-P11,ST0031,2025-09-11 09:00,2025-09-11 09:47,通讯故障,重启通讯模块,0.8
ST0031-P11,ST0031,2025-12-06 21:00,2025-12-07 08:48,通讯故障,检查天线连接,11.8
ST0031-P11,ST0031,2026-02-14 13:00,2026-02-14 13:36,过温保护,检查风扇,0.6
ST0031-P12,ST0031,2025-11-11 08:00,2025-11-11 08:37,接触不良,更换充电枪头,0.6
ST0031-P12,ST0031,2026-01-07 05:00,2026-01-07 06:40,线缆问题,更换连接器,1.7
ST0031-P12,ST0031,2026-03-12 21:00,2026-03-13 00:57,接触不良,清洁接头,4.0
ST0031-P12,ST0031,2026-05-24 04:00,2026-05-24 04:51,接触不良,紧固接线端子,0.9
ST0031-P13,ST0031,2025-10-10 16:00,2025-10-10 20:02,接触不良,清洁接头,4.0
ST0031-P13,ST0031,2026-02-09 13:00,2026-02-09 14:30,接触不良,更换充电枪头,1.5
ST0031-P13,ST0031,2026-03-25 17:00,2026-03-25 18:37,过温保护,清理散热片,1.6
ST0031-P13,ST0031,2026-07-17 22:00,2026-07-17 22:38,功率异常,更换传感器,0.6
ST0031-P13,ST0031,2026-07-22 10:00,2026-07-22 11:45,接触不良,紧固接线端子,1.8
ST0031-P14,ST0031,2025-09-15 04:00,2025-09-15 05:25,过温保护,降低功率运行,1.4
ST0031-P14,ST0031,2026-02-27 14:00,2026-02-27 14:52,过温保护,清理散热片,0.9
ST0031-P14,ST0031,2026-05-14 00:00,2026-05-14 01:05,过温保护,检查风扇,1.1
ST0031-P15,ST0031,2025-09-13 01:00,2025-09-13 09:36,通讯故障,更换4G/5G模块,8.6
ST0031-P15,ST0031,2026-02-18 04:00,2026-02-18 10:27,通讯故障,更换4G/5G模块,6.5
ST0031-P15,ST0031,2026-04-23 14:00,2026-04-23 14:30,过温保护,清理散热片,0.5
ST0031-P15,ST0031,2026-05-17 09:00,2026-05-17 11:31,功率异常,校准功率表,2.5
ST0031-P15,ST0031,2026-07-10 00:00,2026-07-10 00:47,过温保护,检查风扇,0.8
ST0031-P16,ST0031,2025-12-27 18:00,2025-12-27 19:31,通讯故障,更换4G/5G模块,1.5
ST0031-P16,ST0031,2026-01-18 19:00,2026-01-18 23:41,硬件损坏,更换功率模块,4.7
ST0031-P17,ST0031,2025-10-02 23:00,2025-10-03 00:57,通讯故障,检查天线连接,2.0
ST0031-P17,ST0031,2026-07-12 16:00,2026-07-12 16:30,硬件损坏,返厂维修,0.5
ST0031-P18,ST0031,2026-04-11 04:00,2026-04-11 04:30,通讯故障,重启通讯模块,0.5
ST0031-P18,ST0031,2026-04-22 04:00,2026-04-22 13:40,通讯故障,检查天线连接,9.7
ST0031-P19,ST0031,2025-10-19 09:00,2025-10-19 19:25,硬件损坏,返厂维修,10.4
ST0031-P19,ST0031,2026-01-07 23:00,2026-01-07 23:42,通讯故障,重启通讯模块,0.7
ST0031-P20,ST0031,2025-08-13 16:00,2025-08-14 01:55,接触不良,清洁接头,9.9
ST0031-P20,ST0031,2025-11-03 07:00,2025-11-03 12:42,硬件损坏,返厂维修,5.7
ST0031-P20,ST0031,2025-11-13 03:00,2025-11-13 03:43,通讯故障,更换4G/5G模块,0.7
ST0031-P20,ST0031,2026-01-01 12:00,2026-01-01 13:51,接触不良,清洁接头,1.9
ST0031-P20,ST0031,2026-02-17 01:00,2026-02-17 02:35,接触不良,更换充电枪头,1.6
ST0031-P20,ST0031,2026-04-24 03:00,2026-04-24 03:52,硬件损坏,更换功率模块,0.9
ST0032-P01,ST0032,2025-10-14 20:00,2025-10-14 21:11,接触不良,更换充电枪头,1.2
ST0032-P01,ST0032,2025-11-03 04:00,2025-11-03 06:30,通讯故障,检查天线连接,2.5
ST0032-P01,ST0032,2026-04-19 23:00,2026-04-20 04:26,通讯故障,检查天线连接,5.4
ST0032-P01,ST0032,2026-05-07 06:00,2026-05-07 16:03,接触不良,清洁接头,10.1
ST0032-P01,ST0032,2026-07-03 07:00,2026-07-03 08:01,过温保护,清理散热片,1.0
ST0032-P02,ST0032,2025-08-15 09:00,2025-08-15 15:40,过温保护,检查风扇,6.7
ST0032-P02,ST0032,2025-10-01 18:00,2025-10-01 19:40,过温保护,检查风扇,1.7
ST0032-P02,ST0032,2025-12-19 12:00,2025-12-19 21:36,过温保护,检查风扇,9.6
ST0032-P02,ST0032,2026-03-02 13:00,2026-03-02 18:44,接触不良,更换充电枪头,5.7
ST0032-P02,ST0032,2026-07-24 03:00,2026-07-24 06:21,接触不良,清洁接头,3.4
ST0032-P03,ST0032,2025-10-11 08:00,2025-10-11 13:32,过温保护,降低功率运行,5.5
ST0032-P03,ST0032,2025-10-21 11:00,2025-10-21 13:03,接触不良,紧固接线端子,2.1
ST0032-P03,ST0032,2026-01-21 14:00,2026-01-21 14:49,线缆问题,更换连接器,0.8
ST0032-P03,ST0032,2026-03-23 08:00,2026-03-23 08:30,接触不良,更换充电枪头,0.5
ST0032-P03,ST0032,2026-04-15 06:00,2026-04-15 10:28,通讯故障,更换4G/5G模块,4.5
ST0032-P03,ST0032,2026-04-20 02:00,2026-04-20 07:31,通讯故障,重启通讯模块,5.5
ST0032-P03,ST0032,2026-07-02 04:00,2026-07-02 05:45,接触不良,清洁接头,1.8
ST0032-P03,ST0032,2026-07-02 23:00,2026-07-03 03:01,功率异常,固件升级,4.0
ST0032-P03,ST0032,2026-07-28 16:00,2026-07-28 18:23,硬件损坏,更换控制板,2.4
ST0032-P04,ST0032,2025-11-01 18:00,2025-11-02 07:40,功率异常,固件升级,13.7
ST0032-P04,ST0032,2026-03-30 19:00,2026-03-30 19:58,过温保护,降低功率运行,1.0
ST0032-P04,ST0032,2026-06-27 15:00,2026-06-27 17:38,接触不良,清洁接头,2.6
ST0032-P05,ST0032,2025-08-24 00:00,2025-08-24 00:31,通讯故障,检查天线连接,0.5
ST0032-P05,ST0032,2025-09-23 05:00,2025-09-23 06:06,接触不良,紧固接线端子,1.1
ST0032-P05,ST0032,2025-10-21 07:00,2025-10-21 07:55,过温保护,清理散热片,0.9
ST0032-P05,ST0032,2025-11-27 23:00,2025-11-28 14:08,线缆问题,更换充电线缆,15.1
ST0032-P05,ST0032,2026-06-13 12:00,2026-06-13 14:22,功率异常,校准功率表,2.4
ST0032-P05,ST0032,2026-07-07 03:00,2026-07-07 03:30,接触不良,清洁接头,0.5
ST0032-P05,ST0032,2026-07-14 15:00,2026-07-14 15:30,接触不良,清洁接头,0.5
ST0032-P06,ST0032,2025-09-07 14:00,2025-09-07 19:52,通讯故障,更换4G/5G模块,5.9
ST0032-P06,ST0032,2025-09-28 01:00,2025-09-28 06:15,硬件损坏,返厂维修,5.3
ST0032-P06,ST0032,2025-10-29 10:00,2025-10-29 13:24,接触不良,更换充电枪头,3.4
ST0032-P06,ST0032,2026-06-07 20:00,2026-06-08 10:49,过温保护,清理散热片,14.8
ST0032-P06,ST0032,2026-07-24 14:00,2026-07-24 15:40,通讯故障,更换4G/5G模块,1.7
ST0032-P07,ST0032,2025-11-09 08:00,2025-11-09 09:35,接触不良,清洁接头,1.6
ST0032-P07,ST0032,2025-11-24 06:00,2025-11-24 09:38,过温保护,降低功率运行,3.6
ST0032-P07,ST0032,2026-03-13 21:00,2026-03-14 03:45,通讯故障,更换4G/5G模块,6.8
ST0032-P08,ST0032,2025-08-03 11:00,2025-08-03 11:48,硬件损坏,更换控制板,0.8
ST0032-P08,ST0032,2025-11-13 01:00,2025-11-13 08:31,硬件损坏,更换功率模块,7.5
ST0032-P08,ST0032,2026-01-22 05:00,2026-01-22 05:43,过温保护,降低功率运行,0.7
ST0032-P08,ST0032,2026-05-18 17:00,2026-05-18 19:15,接触不良,更换充电枪头,2.3
ST0032-P08,ST0032,2026-06-19 21:00,2026-06-20 02:59,接触不良,更换充电枪头,6.0
ST0032-P09,ST0032,2025-09-04 14:00,2025-09-04 21:48,过温保护,检查风扇,7.8
ST0032-P09,ST0032,2025-11-15 18:00,2025-11-15 18:30,通讯故障,更换4G/5G模块,0.5
ST0032-P09,ST0032,2026-04-14 11:00,2026-04-14 12:33,功率异常,更换传感器,1.6
ST0032-P09,ST0032,2026-06-13 17:00,2026-06-13 20:16,通讯故障,重启通讯模块,3.3
ST0032-P10,ST0032,2025-08-12 07:00,2025-08-12 07:31,过温保护,检查风扇,0.5
ST0032-P10,ST0032,2025-12-07 12:00,2025-12-07 13:26,接触不良,紧固接线端子,1.4
ST0032-P10,ST0032,2025-12-26 02:00,2025-12-26 05:19,接触不良,紧固接线端子,3.3
ST0032-P10,ST0032,2026-01-31 02:00,2026-01-31 05:02,过温保护,清理散热片,3.0
ST0032-P10,ST0032,2026-04-13 07:00,2026-04-13 07:30,通讯故障,重启通讯模块,0.5
ST0032-P10,ST0032,2026-06-04 17:00,2026-06-04 22:10,硬件损坏,更换控制板,5.2
ST0032-P11,ST0032,2026-04-14 09:00,2026-04-14 23:00,过温保护,检查风扇,14.0
ST0032-P11,ST0032,2026-06-13 01:00,2026-06-13 06:12,硬件损坏,返厂维修,5.2
ST0032-P11,ST0032,2026-07-24 03:00,2026-07-24 13:14,功率异常,固件升级,10.2
ST0032-P12,ST0032,2025-08-31 04:00,2025-08-31 07:00,功率异常,校准功率表,3.0
ST0032-P12,ST0032,2025-12-12 06:00,2025-12-12 08:41,过温保护,检查风扇,2.7
ST0032-P12,ST0032,2026-04-10 02:00,2026-04-10 02:52,接触不良,紧固接线端子,0.9
ST0032-P12,ST0032,2026-05-08 23:00,2026-05-09 00:37,接触不良,清洁接头,1.6
ST0032-P12,ST0032,2026-07-06 01:00,2026-07-06 03:55,接触不良,更换充电枪头,2.9
ST0032-P13,ST0032,2025-08-19 11:00,2025-08-19 13:17,功率异常,校准功率表,2.3
ST0032-P13,ST0032,2026-03-02 19:00,2026-03-02 23:17,通讯故障,检查天线连接,4.3
ST0032-P14,ST0032,2025-08-22 03:00,2025-08-22 13:14,接触不良,更换充电枪头,10.2
ST0032-P14,ST0032,2025-10-06 08:00,2025-10-06 18:48,通讯故障,检查天线连接,10.8
ST0032-P14,ST0032,2026-04-12 16:00,2026-04-12 18:47,过温保护,清理散热片,2.8
ST0032-P15,ST0032,2025-08-29 00:00,2025-08-29 01:38,过温保护,清理散热片,1.6
ST0032-P15,ST0032,2026-01-03 07:00,2026-01-03 09:34,通讯故障,重启通讯模块,2.6
ST0032-P16,ST0032,2026-02-11 21:00,2026-02-12 00:13,过温保护,降低功率运行,3.2
ST0032-P17,ST0032,2026-02-10 22:00,2026-02-11 00:55,通讯故障,重启通讯模块,2.9
ST0032-P17,ST0032,2026-03-09 22:00,2026-03-10 01:48,过温保护,检查风扇,3.8
ST0032-P17,ST0032,2026-05-09 04:00,2026-05-09 05:04,接触不良,更换充电枪头,1.1
ST0032-P18,ST0032,2026-01-23 13:00,2026-01-23 20:16,硬件损坏,更换功率模块,7.3
ST0032-P18,ST0032,2026-02-05 11:00,2026-02-05 11:30,过温保护,清理散热片,0.5
ST0032-P19,ST0032,2025-08-06 07:00,2025-08-06 12:51,接触不良,清洁接头,5.9
ST0032-P19,ST0032,2026-05-02 18:00,2026-05-02 18:30,接触不良,更换充电枪头,0.5
ST0032-P20,ST0032,2025-08-30 04:00,2025-08-30 11:11,接触不良,清洁接头,7.2
ST0032-P20,ST0032,2025-12-06 01:00,2025-12-06 01:30,线缆问题,更换充电线缆,0.5
ST0033-P01,ST0033,2025-08-23 10:00,2025-08-23 12:18,接触不良,清洁接头,2.3
ST0033-P02,ST0033,2025-10-06 19:00,2025-10-06 21:23,通讯故障,更换4G/5G模块,2.4
ST0033-P02,ST0033,2026-04-03 21:00,2026-04-04 00:26,硬件损坏,更换功率模块,3.4
ST0033-P02,ST0033,2026-07-03 02:00,2026-07-03 05:23,线缆问题,更换充电线缆,3.4
ST0033-P03,ST0033,2026-01-30 07:00,2026-01-30 07:30,过温保护,检查风扇,0.5
ST0033-P03,ST0033,2026-04-11 22:00,2026-04-11 23:49,接触不良,紧固接线端子,1.8
ST0033-P04,ST0033,2025-08-19 07:00,2025-08-19 16:45,通讯故障,检查天线连接,9.8
ST0033-P04,ST0033,2025-09-10 06:00,2025-09-10 07:31,接触不良,更换充电枪头,1.5
ST0033-P04,ST0033,2026-01-25 13:00,2026-01-25 18:40,功率异常,固件升级,5.7
ST0033-P04,ST0033,2026-02-07 23:00,2026-02-08 01:39,接触不良,更换充电枪头,2.7
ST0033-P04,ST0033,2026-04-15 03:00,2026-04-15 05:37,通讯故障,重启通讯模块,2.6
ST0033-P04,ST0033,2026-04-24 07:00,2026-04-24 17:20,通讯故障,更换4G/5G模块,10.3
ST0033-P04,ST0033,2026-05-11 06:00,2026-05-11 06:30,过温保护,清理散热片,0.5
ST0033-P04,ST0033,2026-06-15 15:00,2026-06-15 16:19,通讯故障,更换4G/5G模块,1.3
ST0033-P05,ST0033,2025-08-11 15:00,2025-08-11 22:38,过温保护,清理散热片,7.6
ST0033-P05,ST0033,2025-12-17 08:00,2025-12-17 11:16,通讯故障,检查天线连接,3.3
ST0033-P05,ST0033,2026-02-13 09:00,2026-02-13 11:53,线缆问题,更换充电线缆,2.9
ST0033-P06,ST0033,2026-06-09 12:00,2026-06-10 01:15,接触不良,清洁接头,13.3
ST0033-P07,ST0033,2025-11-14 12:00,2025-11-14 22:47,过温保护,清理散热片,10.8
ST0033-P07,ST0033,2026-03-16 01:00,2026-03-16 05:35,接触不良,更换充电枪头,4.6
ST0033-P08,ST0033,2025-11-19 00:00,2025-11-19 09:10,通讯故障,更换4G/5G模块,9.2
ST0033-P08,ST0033,2026-01-20 08:00,2026-01-20 12:11,过温保护,降低功率运行,4.2
ST0033-P08,ST0033,2026-01-26 00:00,2026-01-26 08:28,通讯故障,检查天线连接,8.5
ST0033-P08,ST0033,2026-06-15 13:00,2026-06-15 16:54,接触不良,清洁接头,3.9
ST0033-P09,ST0033,2025-08-30 03:00,2025-08-30 12:34,通讯故障,检查天线连接,9.6
ST0033-P09,ST0033,2026-02-15 23:00,2026-02-16 04:42,功率异常,固件升级,5.7
ST0033-P10,ST0033,2025-10-23 12:00,2025-10-23 15:50,过温保护,检查风扇,3.8
ST0033-P10,ST0033,2026-03-06 18:00,2026-03-06 20:34,接触不良,紧固接线端子,2.6
ST0033-P10,ST0033,2026-05-18 16:00,2026-05-18 17:01,线缆问题,修补线缆外皮,1.0
ST0033-P11,ST0033,2025-11-30 04:00,2025-11-30 06:31,通讯故障,重启通讯模块,2.5
ST0033-P12,ST0033,2025-08-20 19:00,2025-08-20 21:13,接触不良,清洁接头,2.2
ST0033-P12,ST0033,2025-12-06 17:00,2025-12-06 17:54,接触不良,清洁接头,0.9
ST0033-P12,ST0033,2026-01-20 18:00,2026-01-20 23:51,通讯故障,更换4G/5G模块,5.9
ST0033-P13,ST0033,2026-07-04 08:00,2026-07-04 08:30,过温保护,降低功率运行,0.5
ST0033-P14,ST0033,2025-12-14 05:00,2025-12-14 14:46,通讯故障,更换4G/5G模块,9.8
ST0033-P14,ST0033,2026-03-25 00:00,2026-03-25 01:57,接触不良,清洁接头,2.0
ST0033-P14,ST0033,2026-05-19 21:00,2026-05-20 00:05,硬件损坏,更换控制板,3.1
ST0033-P15,ST0033,2025-09-02 14:00,2025-09-02 15:36,过温保护,清理散热片,1.6
ST0033-P15,ST0033,2025-12-11 08:00,2025-12-11 12:49,通讯故障,更换4G/5G模块,4.8
ST0033-P15,ST0033,2026-04-11 04:00,2026-04-11 09:47,过温保护,清理散热片,5.8
ST0033-P15,ST0033,2026-05-24 02:00,2026-05-24 13:08,接触不良,清洁接头,11.1
ST0033-P15,ST0033,2026-06-09 17:00,2026-06-09 18:17,接触不良,清洁接头,1.3
ST0033-P15,ST0033,2026-06-19 05:00,2026-06-19 15:36,过温保护,清理散热片,10.6
ST0033-P16,ST0033,2026-05-24 10:00,2026-05-24 11:27,接触不良,更换充电枪头,1.5
ST0033-P16,ST0033,2026-07-02 01:00,2026-07-02 02:57,硬件损坏,更换功率模块,2.0
ST0033-P16,ST0033,2026-07-17 16:00,2026-07-17 17:19,通讯故障,更换4G/5G模块,1.3
ST0033-P17,ST0033,2025-09-09 07:00,2025-09-09 09:00,线缆问题,更换充电线缆,2.0
ST0033-P17,ST0033,2025-09-25 02:00,2025-09-25 03:34,线缆问题,更换连接器,1.6
ST0033-P17,ST0033,2026-01-14 18:00,2026-01-14 21:44,接触不良,清洁接头,3.7
ST0033-P17,ST0033,2026-03-16 03:00,2026-03-16 08:38,线缆问题,更换连接器,5.6
ST0033-P17,ST0033,2026-05-04 22:00,2026-05-05 09:48,过温保护,清理散热片,11.8
ST0033-P17,ST0033,2026-06-04 07:00,2026-06-04 07:59,接触不良,清洁接头,1.0
ST0033-P17,ST0033,2026-06-25 13:00,2026-06-25 18:25,硬件损坏,更换控制板,5.4
ST0033-P17,ST0033,2026-07-15 13:00,2026-07-15 15:21,硬件损坏,更换功率模块,2.4
ST0033-P18,ST0033,2026-01-15 19:00,2026-01-15 20:25,接触不良,清洁接头,1.4
ST0033-P19,ST0033,2025-12-29 19:00,2025-12-29 19:30,过温保护,清理散热片,0.5
ST0033-P19,ST0033,2026-06-30 11:00,2026-06-30 13:02,接触不良,清洁接头,2.0
ST0033-P20,ST0033,2026-01-24 06:00,2026-01-24 06:30,功率异常,更换传感器,0.5
ST0033-P20,ST0033,2026-04-18 18:00,2026-04-18 20:48,功率异常,固件升级,2.8
ST0033-P20,ST0033,2026-04-19 22:00,2026-04-20 00:06,接触不良,紧固接线端子,2.1
ST0033-P20,ST0033,2026-05-26 01:00,2026-05-26 05:42,接触不良,紧固接线端子,4.7
ST0033-P20,ST0033,2026-06-08 06:00,2026-06-08 10:49,接触不良,清洁接头,4.8
ST0034-P01,ST0034,2026-02-12 20:00,2026-02-12 21:50,通讯故障,重启通讯模块,1.8
ST0034-P02,ST0034,2025-09-29 22:00,2025-09-29 22:30,过温保护,清理散热片,0.5
ST0034-P02,ST0034,2025-10-02 16:00,2025-10-02 18:34,线缆问题,更换充电线缆,2.6
ST0034-P02,ST0034,2025-11-27 14:00,2025-11-27 16:37,通讯故障,更换4G/5G模块,2.6
ST0034-P02,ST0034,2026-01-10 08:00,2026-01-10 12:46,过温保护,清理散热片,4.8
ST0034-P02,ST0034,2026-01-16 07:00,2026-01-16 14:56,通讯故障,更换4G/5G模块,7.9
ST0034-P02,ST0034,2026-04-26 16:00,2026-04-27 05:36,线缆问题,修补线缆外皮,13.6
ST0034-P02,ST0034,2026-05-22 09:00,2026-05-22 09:30,线缆问题,更换充电线缆,0.5
ST0034-P02,ST0034,2026-06-07 15:00,2026-06-07 16:57,线缆问题,更换连接器,2.0
ST0034-P03,ST0034,2025-09-09 11:00,2025-09-09 11:30,过温保护,降低功率运行,0.5
ST0034-P03,ST0034,2025-12-04 13:00,2025-12-04 15:32,过温保护,降低功率运行,2.5
ST0034-P03,ST0034,2026-03-18 13:00,2026-03-18 15:52,过温保护,清理散热片,2.9
ST0034-P03,ST0034,2026-04-05 19:00,2026-04-06 09:16,线缆问题,更换充电线缆,14.3
ST0034-P03,ST0034,2026-05-19 04:00,2026-05-19 05:22,接触不良,紧固接线端子,1.4
ST0034-P04,ST0034,2025-09-30 02:00,2025-09-30 08:03,接触不良,清洁接头,6.1
ST0034-P04,ST0034,2025-12-25 10:00,2025-12-25 11:24,过温保护,检查风扇,1.4
ST0034-P04,ST0034,2026-03-04 16:00,2026-03-04 18:33,接触不良,更换充电枪头,2.6
ST0034-P05,ST0034,2025-08-08 05:00,2025-08-08 06:40,通讯故障,重启通讯模块,1.7
ST0034-P05,ST0034,2025-11-10 05:00,2025-11-10 16:14,过温保护,检查风扇,11.2
ST0034-P06,ST0034,2025-08-18 13:00,2025-08-19 05:28,过温保护,清理散热片,16.5
ST0034-P06,ST0034,2025-10-05 12:00,2025-10-05 13:19,接触不良,紧固接线端子,1.3
ST0034-P06,ST0034,2025-10-07 16:00,2025-10-07 16:30,通讯故障,检查天线连接,0.5
ST0034-P06,ST0034,2026-02-15 13:00,2026-02-15 18:05,过温保护,检查风扇,5.1
ST0034-P06,ST0034,2026-07-20 05:00,2026-07-20 05:30,通讯故障,重启通讯模块,0.5
ST0034-P07,ST0034,2026-07-31 09:00,2026-07-31 09:30,过温保护,清理散热片,0.5
ST0034-P08,ST0034,2025-08-24 02:00,2025-08-24 02:30,硬件损坏,返厂维修,0.5
ST0034-P08,ST0034,2026-01-29 14:00,2026-01-29 20:07,接触不良,清洁接头,6.1
ST0034-P08,ST0034,2026-06-08 19:00,2026-06-08 21:14,接触不良,更换充电枪头,2.2
ST0034-P09,ST0034,2026-03-12 09:00,2026-03-12 14:44,通讯故障,更换4G/5G模块,5.7
ST0034-P10,ST0034,2025-08-04 18:00,2025-08-04 21:49,通讯故障,检查天线连接,3.8
ST0034-P10,ST0034,2025-11-27 09:00,2025-11-27 10:18,过温保护,检查风扇,1.3
ST0034-P10,ST0034,2026-01-22 01:00,2026-01-22 13:45,接触不良,紧固接线端子,12.8
ST0034-P10,ST0034,2026-02-06 21:00,2026-02-07 07:27,通讯故障,检查天线连接,10.5
ST0034-P10,ST0034,2026-03-13 05:00,2026-03-13 07:50,过温保护,降低功率运行,2.8
ST0034-P10,ST0034,2026-03-21 12:00,2026-03-22 01:05,通讯故障,更换4G/5G模块,13.1
ST0034-P10,ST0034,2026-05-29 08:00,2026-05-29 10:24,硬件损坏,更换功率模块,2.4
ST0034-P11,ST0034,2026-01-13 12:00,2026-01-13 14:04,过温保护,检查风扇,2.1
ST0034-P11,ST0034,2026-04-18 13:00,2026-04-18 14:18,过温保护,检查风扇,1.3
ST0034-P12,ST0034,2025-11-16 13:00,2025-11-16 13:40,通讯故障,检查天线连接,0.7
ST0034-P12,ST0034,2025-12-21 18:00,2025-12-21 20:18,线缆问题,更换连接器,2.3
ST0034-P12,ST0034,2026-01-08 03:00,2026-01-08 05:51,接触不良,清洁接头,2.9
ST0034-P13,ST0034,2025-11-23 05:00,2025-11-23 18:35,接触不良,清洁接头,13.6
ST0034-P13,ST0034,2025-12-19 15:00,2025-12-19 16:26,接触不良,清洁接头,1.4
ST0034-P14,ST0034,2025-08-15 19:00,2025-08-15 19:42,接触不良,更换充电枪头,0.7
ST0034-P14,ST0034,2025-10-12 03:00,2025-10-12 14:51,接触不良,更换充电枪头,11.9
ST0034-P14,ST0034,2025-11-27 21:00,2025-11-28 03:39,功率异常,更换传感器,6.7
ST0034-P14,ST0034,2026-05-10 16:00,2026-05-10 16:30,通讯故障,重启通讯模块,0.5
ST0034-P15,ST0034,2025-08-14 11:00,2025-08-14 13:23,过温保护,清理散热片,2.4
ST0034-P15,ST0034,2025-11-08 00:00,2025-11-08 01:11,线缆问题,修补线缆外皮,1.2
ST0034-P16,ST0034,2025-09-10 23:00,2025-09-11 00:01,过温保护,清理散热片,1.0
ST0034-P16,ST0034,2025-09-26 22:00,2025-09-26 22:44,接触不良,紧固接线端子,0.7
ST0034-P16,ST0034,2025-10-01 14:00,2025-10-02 05:10,功率异常,更换传感器,15.2
ST0034-P16,ST0034,2025-10-10 08:00,2025-10-10 10:45,过温保护,降低功率运行,2.8
ST0034-P16,ST0034,2026-04-10 08:00,2026-04-10 15:40,过温保护,清理散热片,7.7
ST0034-P16,ST0034,2026-07-09 03:00,2026-07-09 06:41,接触不良,清洁接头,3.7
ST0034-P17,ST0034,2025-08-20 13:00,2025-08-20 14:42,接触不良,更换充电枪头,1.7
ST0034-P17,ST0034,2025-10-10 18:00,2025-10-10 21:26,通讯故障,更换4G/5G模块,3.4
ST0034-P17,ST0034,2025-11-06 17:00,2025-11-06 23:05,接触不良,紧固接线端子,6.1
ST0034-P17,ST0034,2026-06-17 01:00,2026-06-17 03:38,通讯故障,检查天线连接,2.6
ST0034-P17,ST0034,2026-06-18 00:00,2026-06-18 06:19,过温保护,清理散热片,6.3
ST0034-P17,ST0034,2026-07-28 16:00,2026-07-28 18:15,过温保护,检查风扇,2.3
ST0034-P17,ST0034,2026-07-28 22:00,2026-07-28 23:56,通讯故障,更换4G/5G模块,1.9
ST0034-P18,ST0034,2025-11-04 23:00,2025-11-05 00:12,接触不良,清洁接头,1.2
ST0034-P18,ST0034,2025-12-23 04:00,2025-12-23 04:30,接触不良,更换充电枪头,0.5
ST0034-P18,ST0034,2026-03-29 04:00,2026-03-29 06:48,硬件损坏,更换控制板,2.8
ST0034-P19,ST0034,2025-08-20 13:00,2025-08-20 16:29,过温保护,降低功率运行,3.5
ST0034-P19,ST0034,2025-11-15 22:00,2025-11-16 06:05,接触不良,更换充电枪头,8.1
ST0034-P19,ST0034,2025-12-13 19:00,2025-12-14 00:03,通讯故障,更换4G/5G模块,5.1
ST0034-P19,ST0034,2026-04-09 17:00,2026-04-09 20:22,通讯故障,检查天线连接,3.4
ST0034-P19,ST0034,2026-06-20 18:00,2026-06-20 19:51,接触不良,更换充电枪头,1.9
ST0034-P19,ST0034,2026-06-23 11:00,2026-06-23 11:30,过温保护,检查风扇,0.5
ST0034-P20,ST0034,2025-11-21 03:00,2025-11-21 05:20,硬件损坏,更换控制板,2.3
ST0034-P20,ST0034,2025-12-05 21:00,2025-12-05 23:59,通讯故障,更换4G/5G模块,3.0
ST0034-P20,ST0034,2026-03-03 14:00,2026-03-03 15:32,硬件损坏,更换控制板,1.5
ST0034-P20,ST0034,2026-04-04 09:00,2026-04-04 22:35,硬件损坏,更换功率模块,13.6
ST0034-P20,ST0034,2026-04-08 20:00,2026-04-08 21:42,过温保护,检查风扇,1.7
ST0034-P20,ST0034,2026-06-03 11:00,2026-06-03 20:02,线缆问题,更换连接器,9.0
ST0035-P01,ST0035,2025-09-28 11:00,2025-09-28 11:30,接触不良,紧固接线端子,0.5
ST0035-P01,ST0035,2026-02-20 22:00,2026-02-20 23:57,过温保护,清理散热片,2.0
ST0035-P01,ST0035,2026-04-05 15:00,2026-04-05 16:44,接触不良,紧固接线端子,1.7
ST0035-P02,ST0035,2025-09-01 17:00,2025-09-02 07:44,接触不良,清洁接头,14.7
ST0035-P02,ST0035,2025-12-12 21:00,2025-12-12 23:07,接触不良,清洁接头,2.1
ST0035-P02,ST0035,2026-04-17 06:00,2026-04-17 07:28,过温保护,检查风扇,1.5
ST0035-P03,ST0035,2025-11-22 18:00,2025-11-22 18:30,接触不良,更换充电枪头,0.5
ST0035-P03,ST0035,2026-01-05 14:00,2026-01-05 18:31,过温保护,检查风扇,4.5
ST0035-P03,ST0035,2026-01-21 20:00,2026-01-21 20:30,硬件损坏,更换功率模块,0.5
ST0035-P03,ST0035,2026-04-06 23:00,2026-04-07 02:44,过温保护,清理散热片,3.7
ST0035-P03,ST0035,2026-05-02 06:00,2026-05-02 09:37,接触不良,紧固接线端子,3.6
ST0035-P04,ST0035,2025-08-11 23:00,2025-08-12 01:28,线缆问题,更换充电线缆,2.5
ST0035-P04,ST0035,2025-10-06 19:00,2025-10-07 02:25,接触不良,紧固接线端子,7.4
ST0035-P04,ST0035,2026-02-11 02:00,2026-02-11 02:58,通讯故障,检查天线连接,1.0
ST0035-P05,ST0035,2025-08-26 16:00,2025-08-26 17:42,过温保护,清理散热片,1.7
ST0035-P05,ST0035,2026-05-11 02:00,2026-05-11 02:53,接触不良,紧固接线端子,0.9
ST0035-P06,ST0035,2025-11-26 09:00,2025-11-26 09:57,接触不良,更换充电枪头,1.0
ST0035-P06,ST0035,2026-02-08 10:00,2026-02-08 12:07,接触不良,清洁接头,2.1
ST0035-P06,ST0035,2026-05-02 12:00,2026-05-02 13:05,过温保护,降低功率运行,1.1
ST0035-P07,ST0035,2025-08-19 00:00,2025-08-19 14:59,接触不良,紧固接线端子,15.0
ST0035-P07,ST0035,2025-09-22 16:00,2025-09-23 04:22,通讯故障,更换4G/5G模块,12.4
ST0035-P07,ST0035,2026-04-06 01:00,2026-04-06 07:26,功率异常,校准功率表,6.4
ST0035-P08,ST0035,2025-08-13 07:00,2025-08-13 08:31,接触不良,紧固接线端子,1.5
ST0035-P09,ST0035,2025-08-11 00:00,2025-08-11 00:30,通讯故障,检查天线连接,0.5
ST0035-P09,ST0035,2025-09-07 16:00,2025-09-07 16:30,接触不良,紧固接线端子,0.5
ST0035-P09,ST0035,2025-12-17 02:00,2025-12-17 03:30,接触不良,更换充电枪头,1.5
ST0035-P09,ST0035,2026-07-02 12:00,2026-07-02 16:38,通讯故障,重启通讯模块,4.6
ST0035-P09,ST0035,2026-07-27 23:00,2026-07-28 03:50,接触不良,清洁接头,4.8
ST0035-P10,ST0035,2026-01-02 08:00,2026-01-02 13:11,通讯故障,更换4G/5G模块,5.2
ST0035-P10,ST0035,2026-01-07 10:00,2026-01-07 11:23,通讯故障,更换4G/5G模块,1.4
ST0035-P10,ST0035,2026-02-17 06:00,2026-02-17 12:40,硬件损坏,返厂维修,6.7
ST0035-P10,ST0035,2026-04-20 23:00,2026-04-21 01:21,接触不良,更换充电枪头,2.4
ST0035-P11,ST0035,2025-09-25 14:00,2025-09-25 17:27,接触不良,更换充电枪头,3.5
ST0035-P11,ST0035,2026-02-12 00:00,2026-02-12 02:34,过温保护,检查风扇,2.6
ST0035-P11,ST0035,2026-02-18 11:00,2026-02-18 12:37,接触不良,紧固接线端子,1.6
ST0035-P11,ST0035,2026-02-25 17:00,2026-02-25 22:34,接触不良,清洁接头,5.6
ST0035-P11,ST0035,2026-04-05 09:00,2026-04-05 12:21,接触不良,紧固接线端子,3.4
ST0035-P11,ST0035,2026-05-01 16:00,2026-05-01 17:17,通讯故障,重启通讯模块,1.3
ST0035-P12,ST0035,2025-09-18 17:00,2025-09-18 17:48,过温保护,清理散热片,0.8
ST0035-P12,ST0035,2025-10-13 20:00,2025-10-13 21:29,通讯故障,重启通讯模块,1.5
ST0035-P12,ST0035,2026-04-02 18:00,2026-04-02 19:03,过温保护,清理散热片,1.1
ST0035-P12,ST0035,2026-06-26 09:00,2026-06-26 11:42,接触不良,清洁接头,2.7
ST0035-P13,ST0035,2025-09-12 04:00,2025-09-12 04:34,接触不良,清洁接头,0.6
ST0035-P13,ST0035,2026-05-18 07:00,2026-05-18 15:05,过温保护,清理散热片,8.1
ST0035-P13,ST0035,2026-06-12 15:00,2026-06-13 01:30,功率异常,固件升级,10.5
ST0035-P14,ST0035,2025-12-16 22:00,2025-12-17 01:26,接触不良,更换充电枪头,3.4
ST0035-P14,ST0035,2026-01-12 22:00,2026-01-13 02:07,通讯故障,检查天线连接,4.1
ST0035-P14,ST0035,2026-04-13 10:00,2026-04-13 12:27,接触不良,紧固接线端子,2.5
ST0035-P14,ST0035,2026-05-15 15:00,2026-05-15 19:09,接触不良,紧固接线端子,4.2
ST0035-P14,ST0035,2026-06-03 13:00,2026-06-03 20:11,接触不良,更换充电枪头,7.2
ST0035-P15,ST0035,2026-03-25 22:00,2026-03-26 02:04,接触不良,清洁接头,4.1
ST0035-P16,ST0035,2025-09-11 03:00,2025-09-11 06:09,过温保护,检查风扇,3.2
ST0035-P16,ST0035,2026-07-25 02:00,2026-07-25 02:34,硬件损坏,更换控制板,0.6
ST0035-P17,ST0035,2025-10-02 05:00,2025-10-02 05:37,接触不良,更换充电枪头,0.6
ST0035-P17,ST0035,2026-03-06 15:00,2026-03-06 18:00,过温保护,清理散热片,3.0
ST0035-P17,ST0035,2026-03-13 03:00,2026-03-13 11:23,接触不良,更换充电枪头,8.4
ST0035-P18,ST0035,2025-08-05 09:00,2025-08-05 12:56,过温保护,清理散热片,3.9
ST0035-P18,ST0035,2026-03-11 09:00,2026-03-11 09:30,接触不良,紧固接线端子,0.5
ST0035-P18,ST0035,2026-05-08 13:00,2026-05-08 20:02,通讯故障,更换4G/5G模块,7.0
ST0035-P19,ST0035,2026-07-13 08:00,2026-07-13 09:11,功率异常,固件升级,1.2
ST0035-P20,ST0035,2025-10-12 09:00,2025-10-12 12:46,硬件损坏,返厂维修,3.8
ST0035-P20,ST0035,2026-05-16 20:00,2026-05-17 07:27,接触不良,更换充电枪头,11.5
ST0036-P01,ST0036,2025-10-09 05:00,2025-10-10 05:15,线缆问题,更换连接器,24.3
ST0036-P01,ST0036,2026-03-25 06:00,2026-03-25 07:40,硬件损坏,更换控制板,1.7
ST0036-P01,ST0036,2026-03-31 00:00,2026-03-31 01:13,过温保护,检查风扇,1.2
ST0036-P01,ST0036,2026-06-06 08:00,2026-06-06 12:04,通讯故障,更换4G/5G模块,4.1
ST0036-P02,ST0036,2025-09-04 00:00,2025-09-04 04:46,过温保护,检查风扇,4.8
ST0036-P02,ST0036,2026-07-26 06:00,2026-07-26 11:10,接触不良,更换充电枪头,5.2
ST0036-P03,ST0036,2025-10-20 02:00,2025-10-20 06:10,通讯故障,更换4G/5G模块,4.2
ST0036-P03,ST0036,2025-11-07 08:00,2025-11-08 00:10,接触不良,清洁接头,16.2
ST0036-P03,ST0036,2026-01-24 20:00,2026-01-25 00:12,接触不良,更换充电枪头,4.2
ST0036-P03,ST0036,2026-03-07 18:00,2026-03-08 03:42,过温保护,降低功率运行,9.7
ST0036-P03,ST0036,2026-06-22 17:00,2026-06-22 17:32,过温保护,清理散热片,0.5
ST0036-P04,ST0036,2026-06-16 12:00,2026-06-16 13:47,接触不良,清洁接头,1.8
ST0036-P05,ST0036,2025-11-19 08:00,2025-11-19 10:31,通讯故障,重启通讯模块,2.5
ST0036-P05,ST0036,2025-12-13 18:00,2025-12-14 04:33,接触不良,更换充电枪头,10.6
ST0036-P05,ST0036,2026-05-31 04:00,2026-05-31 06:13,过温保护,清理散热片,2.2
ST0036-P06,ST0036,2026-02-13 10:00,2026-02-14 00:23,接触不良,紧固接线端子,14.4
ST0036-P06,ST0036,2026-05-31 19:00,2026-05-31 20:47,过温保护,检查风扇,1.8
ST0036-P06,ST0036,2026-06-12 21:00,2026-06-12 23:35,通讯故障,更换4G/5G模块,2.6
ST0036-P07,ST0036,2025-10-10 16:00,2025-10-10 19:38,接触不良,清洁接头,3.6
ST0036-P07,ST0036,2025-10-24 15:00,2025-10-24 19:15,接触不良,更换充电枪头,4.3
ST0036-P07,ST0036,2026-01-13 02:00,2026-01-13 02:30,接触不良,更换充电枪头,0.5
ST0036-P07,ST0036,2026-03-06 21:00,2026-03-07 05:09,功率异常,更换传感器,8.2
ST0036-P07,ST0036,2026-06-11 04:00,2026-06-11 04:32,接触不良,更换充电枪头,0.5
ST0036-P08,ST0036,2026-01-29 09:00,2026-01-29 10:07,接触不良,紧固接线端子,1.1
ST0036-P08,ST0036,2026-02-14 22:00,2026-02-15 04:53,过温保护,检查风扇,6.9
ST0036-P08,ST0036,2026-05-14 12:00,2026-05-14 16:26,接触不良,清洁接头,4.4
ST0036-P09,ST0036,2025-10-13 13:00,2025-10-13 22:40,接触不良,紧固接线端子,9.7
ST0036-P09,ST0036,2025-12-07 21:00,2025-12-08 02:42,接触不良,更换充电枪头,5.7
ST0036-P09,ST0036,2026-03-15 15:00,2026-03-15 21:52,通讯故障,检查天线连接,6.9
ST0036-P09,ST0036,2026-05-13 13:00,2026-05-13 13:30,接触不良,紧固接线端子,0.5
ST0036-P09,ST0036,2026-06-21 08:00,2026-06-21 08:30,接触不良,紧固接线端子,0.5
ST0036-P10,ST0036,2026-02-08 05:00,2026-02-08 05:50,过温保护,降低功率运行,0.8
ST0036-P10,ST0036,2026-03-06 06:00,2026-03-06 09:29,接触不良,紧固接线端子,3.5
ST0036-P10,ST0036,2026-05-14 06:00,2026-05-14 06:49,过温保护,检查风扇,0.8
ST0036-P10,ST0036,2026-07-10 11:00,2026-07-10 16:39,接触不良,紧固接线端子,5.7
ST0036-P11,ST0036,2025-11-09 14:00,2025-11-09 17:32,线缆问题,修补线缆外皮,3.5
ST0036-P12,ST0036,2025-08-03 18:00,2025-08-03 18:30,过温保护,检查风扇,0.5
ST0036-P13,ST0036,2025-12-18 01:00,2025-12-18 01:30,接触不良,紧固接线端子,0.5
ST0036-P13,ST0036,2025-12-19 20:00,2025-12-20 01:18,功率异常,更换传感器,5.3
ST0036-P13,ST0036,2026-02-20 01:00,2026-02-20 04:55,功率异常,固件升级,3.9
ST0036-P13,ST0036,2026-06-17 01:00,2026-06-17 06:24,接触不良,紧固接线端子,5.4
ST0036-P13,ST0036,2026-07-27 08:00,2026-07-27 11:28,过温保护,检查风扇,3.5
ST0036-P14,ST0036,2026-04-09 05:00,2026-04-09 09:30,硬件损坏,更换控制板,4.5
ST0036-P14,ST0036,2026-06-08 20:00,2026-06-08 20:33,硬件损坏,更换控制板,0.6
ST0036-P14,ST0036,2026-06-28 17:00,2026-06-29 00:49,功率异常,校准功率表,7.8
ST0036-P15,ST0036,2025-10-18 22:00,2025-10-19 04:42,接触不良,紧固接线端子,6.7
ST0036-P15,ST0036,2025-10-30 04:00,2025-10-30 07:27,接触不良,更换充电枪头,3.5
ST0036-P15,ST0036,2026-03-03 03:00,2026-03-03 06:51,硬件损坏,更换功率模块,3.9
ST0036-P16,ST0036,2025-08-09 10:00,2025-08-09 11:20,接触不良,紧固接线端子,1.3
ST0036-P16,ST0036,2026-05-06 08:00,2026-05-06 13:30,过温保护,清理散热片,5.5
ST0036-P16,ST0036,2026-07-02 19:00,2026-07-03 02:36,通讯故障,检查天线连接,7.6
ST0036-P17,ST0036,2026-02-23 13:00,2026-02-23 17:58,通讯故障,检查天线连接,5.0
ST0036-P17,ST0036,2026-04-22 00:00,2026-04-22 00:43,接触不良,紧固接线端子,0.7
ST0036-P17,ST0036,2026-05-28 23:00,2026-05-29 02:28,硬件损坏,更换控制板,3.5
ST0036-P18,ST0036,2025-12-15 02:00,2025-12-15 02:57,接触不良,更换充电枪头,1.0
ST0036-P18,ST0036,2026-04-14 04:00,2026-04-14 13:51,通讯故障,检查天线连接,9.9
ST0036-P19,ST0036,2025-08-02 09:00,2025-08-02 10:03,接触不良,清洁接头,1.1
ST0036-P19,ST0036,2025-10-28 20:00,2025-10-29 00:09,过温保护,降低功率运行,4.2
ST0036-P19,ST0036,2026-01-22 14:00,2026-01-22 18:36,过温保护,降低功率运行,4.6
ST0036-P19,ST0036,2026-05-15 11:00,2026-05-15 11:40,接触不良,更换充电枪头,0.7
ST0036-P20,ST0036,2025-09-14 05:00,2025-09-14 06:22,接触不良,清洁接头,1.4
ST0036-P20,ST0036,2025-09-16 05:00,2025-09-16 21:33,硬件损坏,返厂维修,16.6
ST0036-P20,ST0036,2025-10-26 00:00,2025-10-26 01:45,接触不良,更换充电枪头,1.8
ST0036-P20,ST0036,2026-05-30 20:00,2026-05-30 21:23,功率异常,校准功率表,1.4
ST0037-P01,ST0037,2025-10-07 09:00,2025-10-07 18:30,过温保护,清理散热片,9.5
ST0037-P01,ST0037,2025-10-31 08:00,2025-10-31 21:48,功率异常,校准功率表,13.8
ST0037-P01,ST0037,2026-02-11 22:00,2026-02-11 22:44,硬件损坏,更换控制板,0.7
ST0037-P01,ST0037,2026-05-17 10:00,2026-05-17 12:24,接触不良,清洁接头,2.4
ST0037-P01,ST0037,2026-07-15 20:00,2026-07-16 00:16,通讯故障,重启通讯模块,4.3
ST0037-P02,ST0037,2025-12-30 08:00,2025-12-30 08:30,接触不良,紧固接线端子,0.5
ST0037-P02,ST0037,2026-02-03 11:00,2026-02-03 13:11,接触不良,紧固接线端子,2.2
ST0037-P02,ST0037,2026-03-14 08:00,2026-03-14 08:37,接触不良,更换充电枪头,0.6
ST0037-P02,ST0037,2026-04-08 11:00,2026-04-08 11:30,硬件损坏,返厂维修,0.5
ST0037-P03,ST0037,2026-05-27 12:00,2026-05-27 12:52,硬件损坏,更换功率模块,0.9
ST0037-P03,ST0037,2026-07-18 05:00,2026-07-18 09:07,过温保护,清理散热片,4.1
ST0037-P04,ST0037,2025-11-16 22:00,2025-11-17 08:17,过温保护,检查风扇,10.3
ST0037-P05,ST0037,2025-09-29 16:00,2025-09-30 00:51,接触不良,紧固接线端子,8.9
ST0037-P05,ST0037,2025-10-11 14:00,2025-10-11 21:08,过温保护,降低功率运行,7.1
ST0037-P05,ST0037,2025-11-16 08:00,2025-11-16 08:30,硬件损坏,更换功率模块,0.5
ST0037-P05,ST0037,2025-12-16 02:00,2025-12-16 03:14,接触不良,紧固接线端子,1.2
ST0037-P05,ST0037,2026-03-28 08:00,2026-03-28 10:25,通讯故障,重启通讯模块,2.4
ST0037-P05,ST0037,2026-06-20 05:00,2026-06-20 08:22,通讯故障,更换4G/5G模块,3.4
ST0037-P06,ST0037,2025-08-05 05:00,2025-08-05 11:24,接触不良,清洁接头,6.4
ST0037-P06,ST0037,2025-08-12 14:00,2025-08-12 17:59,接触不良,紧固接线端子,4.0
ST0037-P06,ST0037,2026-01-31 09:00,2026-01-31 18:38,功率异常,校准功率表,9.6
ST0037-P06,ST0037,2026-03-22 18:00,2026-03-22 20:14,过温保护,降低功率运行,2.2
ST0037-P06,ST0037,2026-03-28 17:00,2026-03-28 18:55,接触不良,更换充电枪头,1.9
ST0037-P06,ST0037,2026-04-01 10:00,2026-04-01 10:30,过温保护,检查风扇,0.5
ST0037-P06,ST0037,2026-06-28 03:00,2026-06-28 09:04,通讯故障,重启通讯模块,6.1
ST0037-P07,ST0037,2025-08-21 07:00,2025-08-21 08:09,过温保护,降低功率运行,1.2
ST0037-P07,ST0037,2025-09-25 13:00,2025-09-25 13:30,接触不良,清洁接头,0.5
ST0037-P07,ST0037,2025-12-16 18:00,2025-12-16 19:14,通讯故障,更换4G/5G模块,1.2
ST0037-P07,ST0037,2026-06-04 10:00,2026-06-04 18:18,通讯故障,更换4G/5G模块,8.3
ST0037-P07,ST0037,2026-07-14 12:00,2026-07-14 17:20,通讯故障,更换4G/5G模块,5.3
ST0037-P08,ST0037,2025-09-16 09:00,2025-09-16 15:55,接触不良,更换充电枪头,6.9
ST0037-P08,ST0037,2026-01-25 14:00,2026-01-25 15:04,过温保护,检查风扇,1.1
ST0037-P08,ST0037,2026-05-18 04:00,2026-05-18 07:56,接触不良,更换充电枪头,3.9
ST0037-P08,ST0037,2026-07-06 10:00,2026-07-06 10:37,接触不良,更换充电枪头,0.6
ST0037-P08,ST0037,2026-07-24 16:00,2026-07-24 17:52,过温保护,清理散热片,1.9
ST0037-P09,ST0037,2025-09-11 05:00,2025-09-11 14:36,接触不良,更换充电枪头,9.6
ST0037-P09,ST0037,2025-10-28 09:00,2025-10-28 09:30,接触不良,清洁接头,0.5
ST0037-P09,ST0037,2025-11-13 13:00,2025-11-13 14:15,接触不良,更换充电枪头,1.3
ST0037-P10,ST0037,2025-10-21 11:00,2025-10-21 20:53,通讯故障,重启通讯模块,9.9
ST0037-P10,ST0037,2026-02-18 22:00,2026-02-19 04:20,过温保护,清理散热片,6.3
ST0037-P10,ST0037,2026-03-26 22:00,2026-03-27 13:09,接触不良,更换充电枪头,15.2
ST0037-P10,ST0037,2026-03-30 17:00,2026-03-30 19:47,接触不良,紧固接线端子,2.8
ST0037-P10,ST0037,2026-03-30 21:00,2026-03-30 21:35,通讯故障,更换4G/5G模块,0.6
ST0037-P11,ST0037,2025-10-08 12:00,2025-10-08 13:16,通讯故障,更换4G/5G模块,1.3
ST0037-P11,ST0037,2025-12-23 21:00,2025-12-24 03:46,接触不良,紧固接线端子,6.8
ST0037-P11,ST0037,2026-03-06 19:00,2026-03-06 20:54,接触不良,清洁接头,1.9
ST0037-P12,ST0037,2025-08-14 07:00,2025-08-14 09:09,接触不良,紧固接线端子,2.2
ST0037-P12,ST0037,2026-07-09 23:00,2026-07-10 02:58,过温保护,降低功率运行,4.0
ST0037-P13,ST0037,2025-08-01 19:00,2025-08-01 19:30,接触不良,紧固接线端子,0.5
ST0037-P13,ST0037,2025-11-05 01:00,2025-11-05 11:34,过温保护,清理散热片,10.6
ST0037-P13,ST0037,2025-11-26 04:00,2025-11-26 07:28,过温保护,检查风扇,3.5
ST0037-P13,ST0037,2026-02-20 02:00,2026-02-20 02:30,接触不良,紧固接线端子,0.5
ST0037-P14,ST0037,2025-09-24 14:00,2025-09-24 17:03,接触不良,更换充电枪头,3.1
ST0037-P14,ST0037,2026-01-07 12:00,2026-01-07 13:47,接触不良,紧固接线端子,1.8
ST0037-P14,ST0037,2026-02-20 21:00,2026-02-20 22:47,接触不良,紧固接线端子,1.8
ST0037-P14,ST0037,2026-03-04 05:00,2026-03-04 05:30,过温保护,清理散热片,0.5
ST0037-P14,ST0037,2026-04-04 01:00,2026-04-04 05:03,接触不良,清洁接头,4.1
ST0037-P15,ST0037,2026-03-05 01:00,2026-03-05 01:37,过温保护,检查风扇,0.6
ST0037-P15,ST0037,2026-03-06 08:00,2026-03-06 08:30,硬件损坏,返厂维修,0.5
ST0037-P15,ST0037,2026-03-19 16:00,2026-03-20 00:16,接触不良,清洁接头,8.3
ST0037-P15,ST0037,2026-03-21 00:00,2026-03-21 03:58,通讯故障,更换4G/5G模块,4.0
ST0037-P15,ST0037,2026-04-17 12:00,2026-04-17 15:42,接触不良,紧固接线端子,3.7
ST0037-P15,ST0037,2026-06-21 03:00,2026-06-21 03:30,接触不良,紧固接线端子,0.5
ST0037-P15,ST0037,2026-07-01 21:00,2026-07-01 23:09,通讯故障,更换4G/5G模块,2.2
ST0037-P16,ST0037,2026-02-03 03:00,2026-02-03 05:49,通讯故障,重启通讯模块,2.8
ST0037-P16,ST0037,2026-03-06 17:00,2026-03-06 17:42,通讯故障,更换4G/5G模块,0.7
ST0037-P16,ST0037,2026-07-12 02:00,2026-07-12 14:51,硬件损坏,更换功率模块,12.9
ST0037-P17,ST0037,2025-08-26 19:00,2025-08-26 19:30,过温保护,降低功率运行,0.5
ST0037-P17,ST0037,2025-12-23 01:00,2025-12-23 03:25,通讯故障,重启通讯模块,2.4
ST0037-P17,ST0037,2026-03-11 01:00,2026-03-11 04:32,功率异常,更换传感器,3.5
ST0037-P17,ST0037,2026-04-08 14:00,2026-04-08 16:55,接触不良,清洁接头,2.9
ST0037-P17,ST0037,2026-06-11 23:00,2026-06-11 23:30,接触不良,清洁接头,0.5
ST0037-P18,ST0037,2025-08-13 17:00,2025-08-13 23:42,过温保护,检查风扇,6.7
ST0037-P18,ST0037,2025-10-31 09:00,2025-10-31 12:33,过温保护,检查风扇,3.6
ST0037-P18,ST0037,2026-01-14 09:00,2026-01-14 10:04,通讯故障,检查天线连接,1.1
ST0037-P18,ST0037,2026-03-02 00:00,2026-03-02 00:56,通讯故障,更换4G/5G模块,0.9
ST0037-P19,ST0037,2025-10-14 20:00,2025-10-14 20:54,接触不良,清洁接头,0.9
ST0037-P19,ST0037,2025-12-03 23:00,2025-12-04 20:44,过温保护,降低功率运行,21.7
ST0037-P19,ST0037,2026-03-09 08:00,2026-03-09 11:56,通讯故障,更换4G/5G模块,3.9
ST0037-P19,ST0037,2026-03-23 22:00,2026-03-23 23:46,过温保护,降低功率运行,1.8
ST0037-P19,ST0037,2026-05-01 03:00,2026-05-01 05:40,接触不良,更换充电枪头,2.7
ST0037-P19,ST0037,2026-05-19 14:00,2026-05-19 16:37,接触不良,更换充电枪头,2.6
ST0037-P20,ST0037,2025-08-12 05:00,2025-08-12 06:07,接触不良,紧固接线端子,1.1
ST0037-P20,ST0037,2025-09-10 10:00,2025-09-10 10:51,接触不良,紧固接线端子,0.9
ST0037-P20,ST0037,2025-09-10 13:00,2025-09-10 14:38,通讯故障,重启通讯模块,1.6
ST0037-P20,ST0037,2025-11-07 18:00,2025-11-08 06:10,硬件损坏,更换控制板,12.2
ST0037-P20,ST0037,2025-12-10 23:00,2025-12-11 08:51,线缆问题,更换连接器,9.9
ST0037-P20,ST0037,2026-01-02 13:00,2026-01-02 15:29,过温保护,检查风扇,2.5
ST0037-P20,ST0037,2026-01-03 19:00,2026-01-03 22:02,过温保护,降低功率运行,3.0
ST0038-P01,ST0038,2025-08-26 11:00,2025-08-26 11:30,过温保护,降低功率运行,0.5
ST0038-P01,ST0038,2025-12-19 23:00,2025-12-20 01:22,通讯故障,检查天线连接,2.4
ST0038-P01,ST0038,2026-03-31 06:00,2026-03-31 09:54,通讯故障,更换4G/5G模块,3.9
ST0038-P02,ST0038,2026-02-21 05:00,2026-02-21 15:26,接触不良,紧固接线端子,10.4
ST0038-P02,ST0038,2026-07-10 01:00,2026-07-10 03:05,通讯故障,检查天线连接,2.1
ST0038-P03,ST0038,2025-12-19 08:00,2025-12-19 12:23,接触不良,清洁接头,4.4
ST0038-P03,ST0038,2026-03-01 21:00,2026-03-02 13:41,接触不良,更换充电枪头,16.7
ST0038-P03,ST0038,2026-06-03 20:00,2026-06-03 21:20,接触不良,清洁接头,1.3
ST0038-P04,ST0038,2025-11-22 02:00,2025-11-22 06:10,接触不良,紧固接线端子,4.2
ST0038-P04,ST0038,2025-12-26 23:00,2025-12-27 00:07,接触不良,紧固接线端子,1.1
ST0038-P04,ST0038,2026-06-08 14:00,2026-06-08 19:03,通讯故障,检查天线连接,5.1
ST0038-P05,ST0038,2026-01-22 10:00,2026-01-22 11:08,过温保护,检查风扇,1.1
ST0038-P05,ST0038,2026-03-16 04:00,2026-03-16 21:41,过温保护,检查风扇,17.7
ST0038-P05,ST0038,2026-04-13 06:00,2026-04-13 07:58,过温保护,降低功率运行,2.0
ST0038-P05,ST0038,2026-05-13 00:00,2026-05-13 01:36,过温保护,检查风扇,1.6
ST0038-P06,ST0038,2025-08-17 21:00,2025-08-17 22:19,通讯故障,检查天线连接,1.3
ST0038-P06,ST0038,2025-09-10 20:00,2025-09-10 22:07,通讯故障,更换4G/5G模块,2.1
ST0038-P06,ST0038,2026-05-15 11:00,2026-05-15 12:04,接触不良,更换充电枪头,1.1
ST0038-P07,ST0038,2026-04-29 11:00,2026-04-29 19:27,接触不良,清洁接头,8.5
ST0038-P08,ST0038,2025-08-16 04:00,2025-08-16 08:33,接触不良,紧固接线端子,4.6
ST0038-P08,ST0038,2026-01-28 18:00,2026-01-28 18:38,通讯故障,更换4G/5G模块,0.6
ST0038-P08,ST0038,2026-05-27 05:00,2026-05-27 11:58,接触不良,紧固接线端子,7.0
ST0038-P09,ST0038,2025-12-24 17:00,2025-12-24 20:53,过温保护,降低功率运行,3.9
ST0038-P09,ST0038,2026-04-09 07:00,2026-04-09 08:28,通讯故障,更换4G/5G模块,1.5
ST0038-P09,ST0038,2026-05-03 04:00,2026-05-03 05:50,通讯故障,更换4G/5G模块,1.8
ST0038-P10,ST0038,2025-11-24 12:00,2025-11-24 13:21,接触不良,清洁接头,1.4
ST0038-P10,ST0038,2026-01-28 06:00,2026-01-28 17:01,硬件损坏,更换控制板,11.0
ST0038-P10,ST0038,2026-02-02 20:00,2026-02-03 02:16,接触不良,更换充电枪头,6.3
ST0038-P10,ST0038,2026-02-22 17:00,2026-02-22 17:30,通讯故障,更换4G/5G模块,0.5
ST0038-P10,ST0038,2026-05-02 17:00,2026-05-03 00:35,接触不良,清洁接头,7.6
ST0038-P10,ST0038,2026-06-03 08:00,2026-06-03 14:59,接触不良,清洁接头,7.0
ST0038-P10,ST0038,2026-06-22 10:00,2026-06-22 16:32,过温保护,降低功率运行,6.5
ST0038-P10,ST0038,2026-07-07 21:00,2026-07-07 21:53,线缆问题,更换连接器,0.9
ST0038-P11,ST0038,2026-02-21 09:00,2026-02-21 12:25,接触不良,更换充电枪头,3.4
ST0038-P11,ST0038,2026-03-19 05:00,2026-03-19 08:05,通讯故障,重启通讯模块,3.1
ST0038-P12,ST0038,2026-01-19 14:00,2026-01-20 02:54,过温保护,降低功率运行,12.9
ST0038-P13,ST0038,2025-09-20 12:00,2025-09-20 12:30,接触不良,紧固接线端子,0.5
ST0038-P14,ST0038,2025-09-11 19:00,2025-09-11 21:45,过温保护,降低功率运行,2.8
ST0038-P14,ST0038,2026-02-26 00:00,2026-02-26 00:30,通讯故障,更换4G/5G模块,0.5
ST0038-P14,ST0038,2026-06-09 19:00,2026-06-09 21:27,线缆问题,更换连接器,2.5
ST0038-P14,ST0038,2026-06-13 07:00,2026-06-13 10:07,通讯故障,重启通讯模块,3.1
ST0038-P15,ST0038,2025-10-22 14:00,2025-10-22 17:47,通讯故障,更换4G/5G模块,3.8
ST0038-P15,ST0038,2026-02-06 00:00,2026-02-06 04:10,通讯故障,检查天线连接,4.2
ST0038-P15,ST0038,2026-05-10 16:00,2026-05-11 00:14,通讯故障,重启通讯模块,8.2
ST0038-P15,ST0038,2026-06-04 20:00,2026-06-04 20:45,接触不良,清洁接头,0.8
ST0038-P16,ST0038,2025-08-16 06:00,2025-08-16 12:30,过温保护,降低功率运行,6.5
ST0038-P16,ST0038,2025-10-07 09:00,2025-10-07 10:10,接触不良,更换充电枪头,1.2
ST0038-P16,ST0038,2026-07-31 06:00,2026-07-31 09:56,通讯故障,更换4G/5G模块,3.9
ST0038-P17,ST0038,2025-08-17 21:00,2025-08-18 04:40,通讯故障,检查天线连接,7.7
ST0038-P17,ST0038,2025-09-05 00:00,2025-09-05 02:09,线缆问题,更换连接器,2.2
ST0038-P17,ST0038,2025-09-26 19:00,2025-09-26 22:09,接触不良,清洁接头,3.2
ST0038-P17,ST0038,2025-10-21 07:00,2025-10-21 07:30,通讯故障,更换4G/5G模块,0.5
ST0038-P17,ST0038,2026-03-25 16:00,2026-03-25 19:10,过温保护,降低功率运行,3.2
ST0038-P18,ST0038,2026-03-02 08:00,2026-03-02 16:18,过温保护,降低功率运行,8.3
ST0038-P18,ST0038,2026-03-29 12:00,2026-03-29 13:13,过温保护,清理散热片,1.2
ST0038-P19,ST0038,2025-08-13 14:00,2025-08-13 15:45,通讯故障,更换4G/5G模块,1.8
ST0038-P19,ST0038,2026-06-07 20:00,2026-06-07 23:54,过温保护,降低功率运行,3.9
ST0038-P20,ST0038,2025-08-21 11:00,2025-08-21 16:00,硬件损坏,更换控制板,5.0
ST0038-P20,ST0038,2026-03-14 13:00,2026-03-14 13:32,硬件损坏,更换功率模块,0.5
ST0038-P20,ST0038,2026-04-19 20:00,2026-04-20 04:16,接触不良,紧固接线端子,8.3
ST0039-P01,ST0039,2025-10-26 11:00,2025-10-26 15:49,硬件损坏,更换控制板,4.8
ST0039-P01,ST0039,2026-05-24 03:00,2026-05-24 03:42,接触不良,紧固接线端子,0.7
ST0039-P01,ST0039,2026-07-03 10:00,2026-07-03 15:41,通讯故障,重启通讯模块,5.7
ST0039-P02,ST0039,2025-12-04 08:00,2025-12-04 10:00,接触不良,清洁接头,2.0
ST0039-P02,ST0039,2025-12-30 22:00,2025-12-31 05:32,接触不良,清洁接头,7.5
ST0039-P02,ST0039,2026-03-23 22:00,2026-03-24 01:04,通讯故障,更换4G/5G模块,3.1
ST0039-P02,ST0039,2026-06-25 22:00,2026-06-26 10:00,功率异常,校准功率表,12.0
ST0039-P03,ST0039,2025-11-22 11:00,2025-11-22 14:24,过温保护,降低功率运行,3.4
ST0039-P03,ST0039,2026-01-05 22:00,2026-01-06 04:19,接触不良,更换充电枪头,6.3
ST0039-P03,ST0039,2026-02-02 22:00,2026-02-02 23:05,接触不良,清洁接头,1.1
ST0039-P03,ST0039,2026-04-01 22:00,2026-04-01 23:37,接触不良,清洁接头,1.6
ST0039-P03,ST0039,2026-04-25 09:00,2026-04-25 11:42,接触不良,更换充电枪头,2.7
ST0039-P03,ST0039,2026-05-18 20:00,2026-05-18 22:39,接触不良,清洁接头,2.7
ST0039-P04,ST0039,2025-10-19 23:00,2025-10-20 10:55,通讯故障,检查天线连接,11.9
ST0039-P05,ST0039,2025-11-25 00:00,2025-11-25 00:30,通讯故障,重启通讯模块,0.5
ST0039-P05,ST0039,2026-02-13 08:00,2026-02-13 09:28,接触不良,紧固接线端子,1.5
ST0039-P06,ST0039,2025-10-19 18:00,2025-10-19 19:06,过温保护,降低功率运行,1.1
ST0039-P06,ST0039,2025-10-27 11:00,2025-10-27 12:11,接触不良,紧固接线端子,1.2
ST0039-P06,ST0039,2026-02-24 15:00,2026-02-24 16:53,接触不良,紧固接线端子,1.9
ST0039-P06,ST0039,2026-04-18 23:00,2026-04-19 12:28,过温保护,降低功率运行,13.5
ST0039-P07,ST0039,2025-08-08 21:00,2025-08-08 22:39,硬件损坏,更换功率模块,1.7
ST0039-P07,ST0039,2025-10-26 16:00,2025-10-26 18:10,接触不良,清洁接头,2.2
ST0039-P07,ST0039,2025-10-29 15:00,2025-10-29 20:58,过温保护,检查风扇,6.0
ST0039-P07,ST0039,2026-01-23 07:00,2026-01-23 10:19,过温保护,检查风扇,3.3
ST0039-P08,ST0039,2026-06-08 23:00,2026-06-09 06:39,接触不良,更换充电枪头,7.7
ST0039-P08,ST0039,2026-06-29 06:00,2026-06-29 06:53,接触不良,清洁接头,0.9
ST0039-P09,ST0039,2025-08-17 12:00,2025-08-17 12:30,通讯故障,检查天线连接,0.5
ST0039-P09,ST0039,2025-09-04 08:00,2025-09-04 19:30,通讯故障,检查天线连接,11.5
ST0039-P09,ST0039,2025-09-20 10:00,2025-09-20 10:52,接触不良,紧固接线端子,0.9
ST0039-P09,ST0039,2025-11-12 11:00,2025-11-12 13:43,过温保护,降低功率运行,2.7
ST0039-P09,ST0039,2026-04-26 07:00,2026-04-26 07:47,过温保护,降低功率运行,0.8
ST0039-P10,ST0039,2025-11-25 22:00,2025-11-25 22:30,接触不良,紧固接线端子,0.5
ST0039-P10,ST0039,2025-12-10 23:00,2025-12-11 00:13,硬件损坏,更换功率模块,1.2
ST0039-P10,ST0039,2026-03-22 05:00,2026-03-22 05:30,通讯故障,重启通讯模块,0.5
ST0039-P10,ST0039,2026-04-25 07:00,2026-04-26 01:05,线缆问题,更换充电线缆,18.1
ST0039-P10,ST0039,2026-06-08 08:00,2026-06-08 08:30,过温保护,降低功率运行,0.5
ST0039-P10,ST0039,2026-07-20 20:00,2026-07-21 00:27,过温保护,清理散热片,4.5
ST0039-P11,ST0039,2025-09-01 06:00,2025-09-01 07:53,通讯故障,重启通讯模块,1.9
ST0039-P11,ST0039,2025-10-07 16:00,2025-10-07 17:20,接触不良,清洁接头,1.3
ST0039-P11,ST0039,2025-12-03 18:00,2025-12-03 23:38,通讯故障,检查天线连接,5.6
ST0039-P11,ST0039,2026-04-02 14:00,2026-04-02 17:06,功率异常,校准功率表,3.1
ST0039-P11,ST0039,2026-05-02 01:00,2026-05-02 01:30,功率异常,更换传感器,0.5
ST0039-P12,ST0039,2025-09-07 06:00,2025-09-07 06:30,通讯故障,更换4G/5G模块,0.5
ST0039-P13,ST0039,2026-02-25 19:00,2026-02-25 22:55,过温保护,检查风扇,3.9
ST0039-P13,ST0039,2026-03-09 03:00,2026-03-09 09:06,接触不良,紧固接线端子,6.1
ST0039-P13,ST0039,2026-03-15 20:00,2026-03-15 20:44,接触不良,更换充电枪头,0.7
ST0039-P13,ST0039,2026-03-22 00:00,2026-03-22 02:40,接触不良,清洁接头,2.7
ST0039-P13,ST0039,2026-05-19 00:00,2026-05-19 08:20,接触不良,紧固接线端子,8.3
ST0039-P13,ST0039,2026-05-29 20:00,2026-05-29 22:52,过温保护,降低功率运行,2.9
ST0039-P14,ST0039,2025-12-06 10:00,2025-12-06 10:30,过温保护,检查风扇,0.5
ST0039-P14,ST0039,2026-01-01 08:00,2026-01-01 08:49,接触不良,紧固接线端子,0.8
ST0039-P14,ST0039,2026-04-21 09:00,2026-04-21 09:30,过温保护,降低功率运行,0.5
ST0039-P15,ST0039,2025-09-03 13:00,2025-09-03 14:10,接触不良,紧固接线端子,1.2
ST0039-P15,ST0039,2025-11-02 15:00,2025-11-02 16:26,通讯故障,重启通讯模块,1.4
ST0039-P15,ST0039,2026-01-11 16:00,2026-01-11 17:08,过温保护,检查风扇,1.1
ST0039-P15,ST0039,2026-04-11 05:00,2026-04-11 06:51,通讯故障,重启通讯模块,1.9
ST0039-P16,ST0039,2025-11-02 06:00,2025-11-02 06:30,功率异常,校准功率表,0.5
ST0039-P16,ST0039,2025-11-27 06:00,2025-11-27 09:55,过温保护,检查风扇,3.9
ST0039-P16,ST0039,2026-06-23 21:00,2026-06-23 21:36,接触不良,紧固接线端子,0.6
ST0039-P17,ST0039,2026-04-29 15:00,2026-04-29 17:59,过温保护,清理散热片,3.0
ST0039-P17,ST0039,2026-07-17 09:00,2026-07-17 12:17,接触不良,紧固接线端子,3.3
ST0039-P18,ST0039,2026-01-13 05:00,2026-01-13 08:36,接触不良,更换充电枪头,3.6
ST0039-P18,ST0039,2026-02-19 05:00,2026-02-19 05:56,通讯故障,重启通讯模块,0.9
ST0039-P19,ST0039,2026-04-22 15:00,2026-04-22 21:29,通讯故障,检查天线连接,6.5
ST0039-P19,ST0039,2026-06-01 13:00,2026-06-01 19:12,接触不良,紧固接线端子,6.2
ST0039-P20,ST0039,2025-10-14 09:00,2025-10-14 13:07,功率异常,更换传感器,4.1
ST0039-P20,ST0039,2026-03-30 09:00,2026-03-30 13:46,接触不良,清洁接头,4.8
ST0040-P01,ST0040,2025-08-03 12:00,2025-08-03 12:56,硬件损坏,更换功率模块,0.9
ST0040-P01,ST0040,2025-10-11 14:00,2025-10-11 18:51,接触不良,清洁接头,4.9
ST0040-P01,ST0040,2026-02-26 11:00,2026-02-26 11:30,接触不良,紧固接线端子,0.5
ST0040-P01,ST0040,2026-05-16 12:00,2026-05-16 19:23,通讯故障,更换4G/5G模块,7.4
ST0040-P02,ST0040,2025-08-13 10:00,2025-08-13 11:11,通讯故障,更换4G/5G模块,1.2
ST0040-P02,ST0040,2025-12-10 09:00,2025-12-10 20:48,接触不良,清洁接头,11.8
ST0040-P02,ST0040,2026-02-12 10:00,2026-02-12 11:38,接触不良,紧固接线端子,1.6
ST0040-P03,ST0040,2025-11-11 06:00,2025-11-11 08:44,过温保护,降低功率运行,2.7
ST0040-P04,ST0040,2025-09-24 02:00,2025-09-24 07:55,过温保护,清理散热片,5.9
ST0040-P04,ST0040,2025-10-22 10:00,2025-10-22 16:30,硬件损坏,返厂维修,6.5
ST0040-P05,ST0040,2026-02-16 22:00,2026-02-17 04:24,通讯故障,检查天线连接,6.4
ST0040-P05,ST0040,2026-03-29 01:00,2026-03-29 01:39,过温保护,降低功率运行,0.7
ST0040-P06,ST0040,2025-08-29 20:00,2025-08-29 20:31,接触不良,清洁接头,0.5
ST0040-P06,ST0040,2025-12-20 17:00,2025-12-21 10:03,通讯故障,更换4G/5G模块,17.1
ST0040-P06,ST0040,2026-02-09 01:00,2026-02-09 04:57,过温保护,清理散热片,4.0
ST0040-P07,ST0040,2025-11-11 17:00,2025-11-11 21:08,过温保护,清理散热片,4.1
ST0040-P07,ST0040,2026-02-28 04:00,2026-02-28 05:54,过温保护,清理散热片,1.9
ST0040-P07,ST0040,2026-03-13 07:00,2026-03-13 11:12,硬件损坏,更换控制板,4.2
ST0040-P07,ST0040,2026-05-21 17:00,2026-05-22 01:03,接触不良,紧固接线端子,8.1
ST0040-P07,ST0040,2026-05-29 09:00,2026-05-29 16:24,接触不良,紧固接线端子,7.4
ST0040-P08,ST0040,2025-09-04 22:00,2025-09-05 01:43,接触不良,紧固接线端子,3.7
ST0040-P08,ST0040,2025-11-18 05:00,2025-11-18 11:23,接触不良,清洁接头,6.4
ST0040-P08,ST0040,2026-01-08 11:00,2026-01-08 11:43,过温保护,检查风扇,0.7
ST0040-P08,ST0040,2026-02-02 10:00,2026-02-02 10:30,通讯故障,重启通讯模块,0.5
ST0040-P08,ST0040,2026-03-28 07:00,2026-03-28 12:05,接触不良,清洁接头,5.1
ST0040-P09,ST0040,2025-08-12 04:00,2025-08-12 06:02,通讯故障,重启通讯模块,2.0
ST0040-P09,ST0040,2025-12-09 19:00,2025-12-09 19:30,通讯故障,检查天线连接,0.5
ST0040-P10,ST0040,2025-08-09 18:00,2025-08-09 18:40,过温保护,检查风扇,0.7
ST0040-P10,ST0040,2025-08-17 16:00,2025-08-18 06:43,硬件损坏,更换控制板,14.7
ST0040-P10,ST0040,2025-08-31 16:00,2025-08-31 23:37,通讯故障,更换4G/5G模块,7.6
ST0040-P10,ST0040,2026-05-03 15:00,2026-05-03 22:23,通讯故障,更换4G/5G模块,7.4
ST0040-P10,ST0040,2026-05-22 10:00,2026-05-22 12:46,硬件损坏,返厂维修,2.8
ST0040-P11,ST0040,2025-09-17 17:00,2025-09-17 21:04,接触不良,更换充电枪头,4.1
ST0040-P11,ST0040,2026-04-30 05:00,2026-04-30 06:43,接触不良,紧固接线端子,1.7
ST0040-P12,ST0040,2025-09-07 21:00,2025-09-07 22:10,接触不良,清洁接头,1.2
ST0040-P12,ST0040,2025-12-20 14:00,2025-12-20 15:48,功率异常,更换传感器,1.8
ST0040-P12,ST0040,2026-06-09 20:00,2026-06-10 00:13,硬件损坏,更换功率模块,4.2
ST0040-P13,ST0040,2025-08-05 07:00,2025-08-05 09:24,接触不良,清洁接头,2.4
ST0040-P13,ST0040,2026-03-07 04:00,2026-03-07 04:36,过温保护,检查风扇,0.6
ST0040-P13,ST0040,2026-03-10 00:00,2026-03-10 08:05,线缆问题,修补线缆外皮,8.1
ST0040-P13,ST0040,2026-03-21 16:00,2026-03-21 19:21,硬件损坏,返厂维修,3.4
ST0040-P13,ST0040,2026-05-22 09:00,2026-05-22 11:15,接触不良,更换充电枪头,2.3
ST0040-P13,ST0040,2026-06-16 12:00,2026-06-17 01:35,接触不良,更换充电枪头,13.6
ST0040-P14,ST0040,2025-10-05 17:00,2025-10-05 23:01,接触不良,清洁接头,6.0
ST0040-P14,ST0040,2025-10-15 06:00,2025-10-15 12:06,通讯故障,更换4G/5G模块,6.1
ST0040-P14,ST0040,2025-11-01 03:00,2025-11-01 05:20,过温保护,清理散热片,2.3
ST0040-P14,ST0040,2026-05-01 19:00,2026-05-01 21:39,通讯故障,重启通讯模块,2.7
ST0040-P14,ST0040,2026-05-22 11:00,2026-05-22 16:09,硬件损坏,返厂维修,5.2
ST0040-P14,ST0040,2026-05-23 04:00,2026-05-23 05:29,过温保护,清理散热片,1.5
ST0040-P15,ST0040,2025-11-12 09:00,2025-11-12 15:37,接触不良,更换充电枪头,6.6
ST0040-P15,ST0040,2025-11-26 21:00,2025-11-26 23:59,线缆问题,更换充电线缆,3.0
ST0040-P15,ST0040,2026-03-06 08:00,2026-03-06 09:47,接触不良,更换充电枪头,1.8
ST0040-P16,ST0040,2025-10-10 14:00,2025-10-11 00:50,功率异常,校准功率表,10.8
ST0040-P16,ST0040,2025-11-15 12:00,2025-11-15 15:26,过温保护,清理散热片,3.4
ST0040-P16,ST0040,2026-02-09 00:00,2026-02-09 05:08,接触不良,清洁接头,5.1
ST0040-P17,ST0040,2026-02-21 06:00,2026-02-21 09:51,过温保护,清理散热片,3.9
ST0040-P18,ST0040,2025-10-29 16:00,2025-10-29 16:51,通讯故障,检查天线连接,0.9
ST0040-P18,ST0040,2025-11-16 03:00,2025-11-16 05:06,接触不良,清洁接头,2.1
ST0040-P18,ST0040,2026-04-22 03:00,2026-04-22 15:02,过温保护,清理散热片,12.0
ST0040-P19,ST0040,2026-01-31 23:00,2026-01-31 23:30,通讯故障,更换4G/5G模块,0.5
ST0040-P20,ST0040,2025-08-09 00:00,2025-08-09 02:28,接触不良,清洁接头,2.5
ST0040-P20,ST0040,2025-09-03 13:00,2025-09-03 17:08,过温保护,降低功率运行,4.1
ST0040-P20,ST0040,2026-01-29 11:00,2026-01-29 12:08,过温保护,检查风扇,1.1
ST0040-P20,ST0040,2026-03-04 12:00,2026-03-04 13:20,接触不良,更换充电枪头,1.3
ST0040-P20,ST0040,2026-04-18 03:00,2026-04-18 03:50,过温保护,检查风扇,0.8
ST0041-P01,ST0041,2025-08-09 08:00,2025-08-09 23:38,线缆问题,更换连接器,15.6
ST0041-P01,ST0041,2026-06-26 12:00,2026-06-26 13:16,接触不良,清洁接头,1.3
ST0041-P01,ST0041,2026-06-28 10:00,2026-06-28 13:37,接触不良,更换充电枪头,3.6
ST0041-P02,ST0041,2025-12-06 05:00,2025-12-06 07:55,接触不良,紧固接线端子,2.9
ST0041-P03,ST0041,2026-04-23 04:00,2026-04-23 14:08,接触不良,更换充电枪头,10.1
ST0041-P04,ST0041,2026-03-03 05:00,2026-03-03 07:32,接触不良,更换充电枪头,2.5
ST0041-P04,ST0041,2026-04-23 04:00,2026-04-23 06:25,硬件损坏,返厂维修,2.4
ST0041-P04,ST0041,2026-06-13 13:00,2026-06-13 14:05,通讯故障,重启通讯模块,1.1
ST0041-P04,ST0041,2026-07-05 09:00,2026-07-05 11:30,通讯故障,更换4G/5G模块,2.5
ST0041-P04,ST0041,2026-07-09 05:00,2026-07-09 08:29,硬件损坏,更换控制板,3.5
ST0041-P05,ST0041,2025-10-23 00:00,2025-10-23 07:05,硬件损坏,更换控制板,7.1
ST0041-P05,ST0041,2025-11-13 09:00,2025-11-13 13:21,接触不良,清洁接头,4.4
ST0041-P06,ST0041,2025-08-14 10:00,2025-08-14 15:24,通讯故障,重启通讯模块,5.4
ST0041-P06,ST0041,2025-10-13 13:00,2025-10-14 02:45,接触不良,更换充电枪头,13.8
ST0041-P06,ST0041,2026-03-29 01:00,2026-03-29 08:01,功率异常,固件升级,7.0
ST0041-P06,ST0041,2026-05-04 12:00,2026-05-04 20:49,接触不良,紧固接线端子,8.8
ST0041-P07,ST0041,2025-09-21 00:00,2025-09-21 01:07,通讯故障,更换4G/5G模块,1.1
ST0041-P07,ST0041,2025-11-23 02:00,2025-11-23 04:27,接触不良,清洁接头,2.5
ST0041-P08,ST0041,2025-12-10 04:00,2025-12-10 22:41,线缆问题,修补线缆外皮,18.7
ST0041-P08,ST0041,2026-01-07 15:00,2026-01-07 19:43,过温保护,检查风扇,4.7
ST0041-P08,ST0041,2026-05-02 14:00,2026-05-02 16:08,线缆问题,更换充电线缆,2.1
ST0041-P08,ST0041,2026-06-05 20:00,2026-06-06 01:32,接触不良,更换充电枪头,5.5
ST0041-P08,ST0041,2026-07-03 17:00,2026-07-03 18:18,硬件损坏,更换控制板,1.3
ST0041-P09,ST0041,2025-09-18 22:00,2025-09-18 23:35,过温保护,检查风扇,1.6
ST0041-P09,ST0041,2025-10-04 07:00,2025-10-04 15:15,线缆问题,更换连接器,8.3
ST0041-P09,ST0041,2025-10-06 04:00,2025-10-06 04:30,通讯故障,重启通讯模块,0.5
ST0041-P09,ST0041,2025-12-06 07:00,2025-12-06 09:52,过温保护,检查风扇,2.9
ST0041-P09,ST0041,2025-12-23 19:00,2025-12-23 20:30,硬件损坏,更换功率模块,1.5
ST0041-P09,ST0041,2026-07-04 02:00,2026-07-04 10:46,接触不良,紧固接线端子,8.8
ST0041-P10,ST0041,2026-01-16 22:00,2026-01-17 05:46,接触不良,清洁接头,7.8
ST0041-P10,ST0041,2026-07-09 18:00,2026-07-09 20:01,通讯故障,检查天线连接,2.0
ST0041-P11,ST0041,2025-10-07 10:00,2025-10-07 15:44,过温保护,检查风扇,5.7
ST0041-P11,ST0041,2026-02-08 21:00,2026-02-08 23:48,线缆问题,更换充电线缆,2.8
ST0041-P11,ST0041,2026-05-24 23:00,2026-05-25 16:49,接触不良,更换充电枪头,17.8
ST0041-P12,ST0041,2026-02-14 20:00,2026-02-14 21:13,通讯故障,重启通讯模块,1.2
ST0041-P13,ST0041,2025-11-05 20:00,2025-11-06 04:32,通讯故障,检查天线连接,8.5
ST0041-P13,ST0041,2025-11-30 05:00,2025-11-30 08:34,通讯故障,更换4G/5G模块,3.6
ST0041-P13,ST0041,2026-01-13 00:00,2026-01-13 05:06,线缆问题,更换连接器,5.1
ST0041-P13,ST0041,2026-04-04 15:00,2026-04-05 02:20,接触不良,清洁接头,11.3
ST0041-P14,ST0041,2025-12-09 10:00,2025-12-09 10:30,接触不良,清洁接头,0.5
ST0041-P14,ST0041,2025-12-22 20:00,2025-12-22 23:00,线缆问题,更换连接器,3.0
ST0041-P14,ST0041,2026-01-20 10:00,2026-01-20 11:15,过温保护,清理散热片,1.3
ST0041-P14,ST0041,2026-03-14 03:00,2026-03-14 03:32,过温保护,降低功率运行,0.5
ST0041-P15,ST0041,2026-03-22 21:00,2026-03-23 00:37,通讯故障,重启通讯模块,3.6
ST0041-P16,ST0041,2025-09-02 11:00,2025-09-02 14:12,通讯故障,更换4G/5G模块,3.2
ST0041-P16,ST0041,2025-10-04 03:00,2025-10-05 02:02,过温保护,清理散热片,23.0
ST0041-P16,ST0041,2026-06-25 00:00,2026-06-25 07:21,接触不良,紧固接线端子,7.4
ST0041-P17,ST0041,2026-01-25 09:00,2026-01-25 11:04,硬件损坏,更换控制板,2.1
ST0041-P17,ST0041,2026-03-12 17:00,2026-03-12 17:30,接触不良,更换充电枪头,0.5
ST0041-P17,ST0041,2026-07-31 09:00,2026-07-31 12:49,线缆问题,更换充电线缆,3.8
ST0041-P18,ST0041,2025-11-10 23:00,2025-11-11 02:05,接触不良,紧固接线端子,3.1
ST0041-P18,ST0041,2026-01-29 16:00,2026-01-29 16:30,硬件损坏,返厂维修,0.5
ST0041-P18,ST0041,2026-04-19 06:00,2026-04-19 12:40,线缆问题,更换充电线缆,6.7
ST0041-P18,ST0041,2026-07-15 07:00,2026-07-15 07:30,线缆问题,更换充电线缆,0.5
ST0041-P19,ST0041,2025-08-26 12:00,2025-08-26 12:30,过温保护,检查风扇,0.5
ST0041-P19,ST0041,2025-10-09 23:00,2025-10-10 11:01,接触不良,清洁接头,12.0
ST0041-P19,ST0041,2025-10-17 17:00,2025-10-17 19:38,接触不良,紧固接线端子,2.6
ST0041-P19,ST0041,2025-10-21 03:00,2025-10-21 06:00,通讯故障,检查天线连接,3.0
ST0041-P19,ST0041,2025-10-24 20:00,2025-10-24 20:32,过温保护,降低功率运行,0.5
ST0041-P19,ST0041,2026-02-16 16:00,2026-02-16 16:52,通讯故障,更换4G/5G模块,0.9
ST0041-P19,ST0041,2026-03-06 06:00,2026-03-06 09:53,过温保护,检查风扇,3.9
ST0041-P19,ST0041,2026-04-01 14:00,2026-04-01 16:42,线缆问题,修补线缆外皮,2.7
ST0041-P19,ST0041,2026-06-13 07:00,2026-06-13 10:35,过温保护,降低功率运行,3.6
ST0041-P20,ST0041,2025-08-31 13:00,2025-08-31 13:58,接触不良,更换充电枪头,1.0
ST0041-P20,ST0041,2025-10-13 15:00,2025-10-14 04:31,过温保护,清理散热片,13.5
ST0041-P20,ST0041,2025-12-03 12:00,2025-12-03 12:33,接触不良,更换充电枪头,0.6
ST0041-P20,ST0041,2026-06-10 19:00,2026-06-10 21:06,接触不良,更换充电枪头,2.1
ST0042-P01,ST0042,2026-02-17 18:00,2026-02-17 19:00,通讯故障,重启通讯模块,1.0
ST0042-P02,ST0042,2025-11-24 08:00,2025-11-24 10:34,接触不良,更换充电枪头,2.6
ST0042-P02,ST0042,2026-02-22 03:00,2026-02-22 03:30,过温保护,降低功率运行,0.5
ST0042-P03,ST0042,2025-09-30 16:00,2025-09-30 22:06,功率异常,更换传感器,6.1
ST0042-P03,ST0042,2026-01-15 00:00,2026-01-15 00:30,通讯故障,检查天线连接,0.5
ST0042-P03,ST0042,2026-04-26 03:00,2026-04-26 10:28,接触不良,紧固接线端子,7.5
ST0042-P03,ST0042,2026-06-03 15:00,2026-06-03 21:25,过温保护,清理散热片,6.4
ST0042-P03,ST0042,2026-07-05 14:00,2026-07-05 16:50,通讯故障,更换4G/5G模块,2.8
ST0042-P04,ST0042,2026-01-22 08:00,2026-01-22 09:01,硬件损坏,更换功率模块,1.0
ST0042-P04,ST0042,2026-02-12 08:00,2026-02-12 08:57,过温保护,清理散热片,1.0
ST0042-P04,ST0042,2026-05-27 05:00,2026-05-27 05:49,接触不良,紧固接线端子,0.8
ST0042-P04,ST0042,2026-06-17 14:00,2026-06-17 20:17,通讯故障,更换4G/5G模块,6.3
ST0042-P05,ST0042,2025-09-22 02:00,2025-09-22 03:49,通讯故障,检查天线连接,1.8
ST0042-P05,ST0042,2025-12-28 07:00,2025-12-28 14:12,通讯故障,检查天线连接,7.2
ST0042-P06,ST0042,2025-12-20 08:00,2025-12-20 16:46,硬件损坏,返厂维修,8.8
ST0042-P06,ST0042,2026-03-10 13:00,2026-03-10 14:09,过温保护,清理散热片,1.2
ST0042-P06,ST0042,2026-06-23 03:00,2026-06-23 07:25,过温保护,检查风扇,4.4
ST0042-P06,ST0042,2026-07-07 15:00,2026-07-07 15:30,通讯故障,检查天线连接,0.5
ST0042-P07,ST0042,2025-09-21 22:00,2025-09-22 00:43,过温保护,检查风扇,2.7
ST0042-P07,ST0042,2025-11-22 18:00,2025-11-22 21:16,硬件损坏,更换控制板,3.3
ST0042-P07,ST0042,2025-12-03 18:00,2025-12-03 18:30,过温保护,检查风扇,0.5
ST0042-P07,ST0042,2026-07-07 08:00,2026-07-07 10:47,线缆问题,更换充电线缆,2.8
ST0042-P07,ST0042,2026-07-29 15:00,2026-07-29 15:37,接触不良,紧固接线端子,0.6
ST0042-P08,ST0042,2025-09-18 03:00,2025-09-18 03:30,硬件损坏,更换功率模块,0.5
ST0042-P08,ST0042,2026-06-05 03:00,2026-06-05 07:59,过温保护,降低功率运行,5.0
ST0042-P08,ST0042,2026-06-26 03:00,2026-06-26 04:49,通讯故障,检查天线连接,1.8
ST0042-P08,ST0042,2026-07-08 12:00,2026-07-08 17:43,通讯故障,重启通讯模块,5.7
ST0042-P09,ST0042,2025-08-21 11:00,2025-08-21 11:40,通讯故障,检查天线连接,0.7
ST0042-P09,ST0042,2026-02-18 22:00,2026-02-19 01:26,过温保护,降低功率运行,3.4
ST0042-P09,ST0042,2026-03-14 14:00,2026-03-14 15:45,功率异常,固件升级,1.8
ST0042-P09,ST0042,2026-04-25 01:00,2026-04-25 05:46,过温保护,检查风扇,4.8
ST0042-P10,ST0042,2025-08-14 06:00,2025-08-14 06:30,硬件损坏,返厂维修,0.5
ST0042-P10,ST0042,2025-11-01 00:00,2025-11-01 08:31,通讯故障,检查天线连接,8.5
ST0042-P10,ST0042,2026-01-16 03:00,2026-01-16 03:30,通讯故障,更换4G/5G模块,0.5
ST0042-P10,ST0042,2026-02-28 00:00,2026-02-28 04:54,通讯故障,检查天线连接,4.9
ST0042-P11,ST0042,2025-08-25 10:00,2025-08-25 14:25,过温保护,检查风扇,4.4
ST0042-P11,ST0042,2025-10-22 06:00,2025-10-22 08:32,过温保护,降低功率运行,2.5
ST0042-P11,ST0042,2026-01-28 19:00,2026-01-28 21:25,接触不良,紧固接线端子,2.4
ST0042-P11,ST0042,2026-02-22 11:00,2026-02-22 11:50,过温保护,清理散热片,0.8
ST0042-P11,ST0042,2026-04-13 02:00,2026-04-13 08:15,线缆问题,修补线缆外皮,6.3
ST0042-P11,ST0042,2026-05-08 20:00,2026-05-08 20:30,通讯故障,更换4G/5G模块,0.5
ST0042-P11,ST0042,2026-07-24 20:00,2026-07-24 22:06,硬件损坏,更换控制板,2.1
ST0042-P12,ST0042,2025-09-21 23:00,2025-09-21 23:30,通讯故障,重启通讯模块,0.5
ST0042-P12,ST0042,2025-11-04 12:00,2025-11-04 15:29,硬件损坏,更换功率模块,3.5
ST0042-P12,ST0042,2026-06-15 15:00,2026-06-16 01:08,接触不良,紧固接线端子,10.1
ST0042-P12,ST0042,2026-06-24 12:00,2026-06-24 13:09,硬件损坏,更换控制板,1.2
ST0042-P13,ST0042,2025-08-09 03:00,2025-08-09 06:04,通讯故障,重启通讯模块,3.1
ST0042-P13,ST0042,2025-10-21 05:00,2025-10-21 05:33,接触不良,清洁接头,0.6
ST0042-P13,ST0042,2025-12-30 17:00,2025-12-31 01:08,硬件损坏,返厂维修,8.1
ST0042-P13,ST0042,2026-05-25 09:00,2026-05-25 20:01,过温保护,降低功率运行,11.0
ST0042-P13,ST0042,2026-07-25 20:00,2026-07-25 21:28,硬件损坏,返厂维修,1.5
ST0042-P14,ST0042,2025-09-08 06:00,2025-09-08 06:30,接触不良,更换充电枪头,0.5
ST0042-P14,ST0042,2025-09-16 22:00,2025-09-17 03:12,通讯故障,检查天线连接,5.2
ST0042-P15,ST0042,2025-10-08 12:00,2025-10-08 14:39,硬件损坏,更换功率模块,2.7
ST0042-P15,ST0042,2025-10-14 22:00,2025-10-14 22:30,功率异常,更换传感器,0.5
ST0042-P15,ST0042,2026-04-30 11:00,2026-04-30 13:05,通讯故障,更换4G/5G模块,2.1
ST0042-P16,ST0042,2025-09-12 10:00,2025-09-12 14:48,硬件损坏,更换功率模块,4.8
ST0042-P16,ST0042,2025-11-23 22:00,2025-11-24 00:58,通讯故障,重启通讯模块,3.0
ST0042-P16,ST0042,2025-12-19 00:00,2025-12-19 04:23,通讯故障,更换4G/5G模块,4.4
ST0042-P16,ST0042,2026-03-15 01:00,2026-03-15 03:07,通讯故障,重启通讯模块,2.1
ST0042-P16,ST0042,2026-05-08 04:00,2026-05-08 04:35,硬件损坏,返厂维修,0.6
ST0042-P17,ST0042,2025-08-07 09:00,2025-08-07 11:23,接触不良,更换充电枪头,2.4
ST0042-P17,ST0042,2025-08-11 19:00,2025-08-12 00:38,接触不良,清洁接头,5.6
ST0042-P17,ST0042,2026-03-13 13:00,2026-03-13 19:19,通讯故障,检查天线连接,6.3
ST0042-P17,ST0042,2026-05-10 18:00,2026-05-10 20:43,接触不良,更换充电枪头,2.7
ST0042-P18,ST0042,2025-10-05 03:00,2025-10-05 04:32,通讯故障,检查天线连接,1.5
ST0042-P18,ST0042,2025-10-08 10:00,2025-10-08 12:09,硬件损坏,返厂维修,2.2
ST0042-P18,ST0042,2025-11-29 10:00,2025-11-29 10:47,过温保护,降低功率运行,0.8
ST0042-P18,ST0042,2025-12-05 17:00,2025-12-05 18:09,线缆问题,更换连接器,1.2
ST0042-P18,ST0042,2026-01-30 02:00,2026-01-30 03:05,通讯故障,检查天线连接,1.1
ST0042-P18,ST0042,2026-03-09 11:00,2026-03-09 12:32,硬件损坏,更换控制板,1.5
ST0042-P18,ST0042,2026-07-28 11:00,2026-07-28 19:00,过温保护,检查风扇,8.0
ST0042-P19,ST0042,2025-09-23 19:00,2025-09-23 21:19,通讯故障,重启通讯模块,2.3
ST0042-P19,ST0042,2026-01-26 22:00,2026-01-26 23:42,过温保护,降低功率运行,1.7
ST0042-P20,ST0042,2025-08-12 17:00,2025-08-12 18:07,过温保护,检查风扇,1.1
ST0042-P20,ST0042,2025-08-28 14:00,2025-08-28 14:33,通讯故障,检查天线连接,0.6
ST0042-P20,ST0042,2026-03-12 02:00,2026-03-12 08:35,线缆问题,更换充电线缆,6.6
ST0042-P20,ST0042,2026-03-13 15:00,2026-03-13 16:41,过温保护,降低功率运行,1.7
ST0042-P20,ST0042,2026-05-14 20:00,2026-05-14 20:30,过温保护,清理散热片,0.5
ST0043-P01,ST0043,2025-09-02 21:00,2025-09-03 00:14,硬件损坏,更换控制板,3.2
ST0043-P01,ST0043,2025-09-03 23:00,2025-09-04 01:59,过温保护,检查风扇,3.0
ST0043-P01,ST0043,2026-05-19 08:00,2026-05-19 12:15,通讯故障,检查天线连接,4.3
ST0043-P02,ST0043,2025-10-08 12:00,2025-10-08 13:51,接触不良,更换充电枪头,1.9
ST0043-P02,ST0043,2026-01-03 10:00,2026-01-03 10:30,通讯故障,重启通讯模块,0.5
ST0043-P02,ST0043,2026-05-03 22:00,2026-05-04 01:08,过温保护,降低功率运行,3.1
ST0043-P02,ST0043,2026-07-05 14:00,2026-07-05 15:44,过温保护,检查风扇,1.7
ST0043-P03,ST0043,2025-08-28 22:00,2025-08-29 04:37,硬件损坏,更换控制板,6.6
ST0043-P03,ST0043,2025-11-08 07:00,2025-11-08 08:54,通讯故障,检查天线连接,1.9
ST0043-P03,ST0043,2026-01-09 00:00,2026-01-09 01:45,过温保护,降低功率运行,1.8
ST0043-P03,ST0043,2026-02-28 23:00,2026-03-01 04:28,过温保护,清理散热片,5.5
ST0043-P03,ST0043,2026-05-28 03:00,2026-05-28 04:23,功率异常,校准功率表,1.4
ST0043-P03,ST0043,2026-06-11 02:00,2026-06-11 05:23,接触不良,紧固接线端子,3.4
ST0043-P04,ST0043,2025-09-18 12:00,2025-09-18 13:03,通讯故障,检查天线连接,1.1
ST0043-P04,ST0043,2025-11-02 03:00,2025-11-02 05:08,功率异常,更换传感器,2.1
ST0043-P04,ST0043,2026-01-29 05:00,2026-01-29 05:30,通讯故障,检查天线连接,0.5
ST0043-P04,ST0043,2026-02-25 12:00,2026-02-25 18:56,硬件损坏,返厂维修,6.9
ST0043-P04,ST0043,2026-03-09 08:00,2026-03-09 10:18,接触不良,清洁接头,2.3
ST0043-P04,ST0043,2026-03-31 04:00,2026-03-31 11:46,接触不良,清洁接头,7.8
ST0043-P04,ST0043,2026-07-25 21:00,2026-07-26 01:56,线缆问题,修补线缆外皮,4.9
ST0043-P05,ST0043,2025-09-11 10:00,2025-09-11 12:13,接触不良,清洁接头,2.2
ST0043-P05,ST0043,2025-09-18 16:00,2025-09-18 19:37,接触不良,清洁接头,3.6
ST0043-P05,ST0043,2026-01-27 20:00,2026-01-28 03:01,接触不良,紧固接线端子,7.0
ST0043-P06,ST0043,2026-02-08 03:00,2026-02-08 09:35,通讯故障,重启通讯模块,6.6
ST0043-P06,ST0043,2026-05-13 01:00,2026-05-13 14:01,接触不良,紧固接线端子,13.0
ST0043-P07,ST0043,2025-10-28 06:00,2025-10-28 06:30,接触不良,紧固接线端子,0.5
ST0043-P07,ST0043,2026-01-04 00:00,2026-01-04 03:18,接触不良,紧固接线端子,3.3
ST0043-P07,ST0043,2026-05-16 11:00,2026-05-16 22:30,线缆问题,更换充电线缆,11.5
ST0043-P07,ST0043,2026-06-14 15:00,2026-06-14 16:05,接触不良,更换充电枪头,1.1
ST0043-P08,ST0043,2025-09-19 21:00,2025-09-20 00:22,过温保护,清理散热片,3.4
ST0043-P08,ST0043,2026-06-04 11:00,2026-06-04 18:55,线缆问题,更换连接器,7.9
ST0043-P09,ST0043,2025-08-20 17:00,2025-08-20 18:21,硬件损坏,更换功率模块,1.4
ST0043-P09,ST0043,2025-10-30 16:00,2025-10-31 11:45,接触不良,更换充电枪头,19.8
ST0043-P09,ST0043,2026-03-16 00:00,2026-03-16 02:05,过温保护,降低功率运行,2.1
ST0043-P10,ST0043,2025-12-28 03:00,2025-12-28 03:30,硬件损坏,更换控制板,0.5
ST0043-P10,ST0043,2026-07-16 05:00,2026-07-16 07:23,接触不良,紧固接线端子,2.4
ST0043-P11,ST0043,2025-09-03 10:00,2025-09-03 19:26,通讯故障,重启通讯模块,9.4
ST0043-P11,ST0043,2025-09-29 21:00,2025-09-30 03:17,过温保护,降低功率运行,6.3
ST0043-P11,ST0043,2026-01-20 14:00,2026-01-20 14:43,过温保护,降低功率运行,0.7
ST0043-P11,ST0043,2026-02-04 04:00,2026-02-04 18:46,线缆问题,更换充电线缆,14.8
ST0043-P11,ST0043,2026-05-08 12:00,2026-05-08 13:20,功率异常,更换传感器,1.3
ST0043-P12,ST0043,2025-08-22 11:00,2025-08-22 19:09,线缆问题,更换充电线缆,8.2
ST0043-P12,ST0043,2026-04-03 21:00,2026-04-04 01:02,过温保护,降低功率运行,4.0
ST0043-P12,ST0043,2026-05-30 03:00,2026-05-30 03:43,通讯故障,检查天线连接,0.7
ST0043-P13,ST0043,2025-11-10 09:00,2025-11-10 10:31,过温保护,降低功率运行,1.5
ST0043-P13,ST0043,2026-01-12 04:00,2026-01-12 06:47,功率异常,更换传感器,2.8
ST0043-P13,ST0043,2026-03-07 12:00,2026-03-07 17:13,通讯故障,更换4G/5G模块,5.2
ST0043-P13,ST0043,2026-04-25 12:00,2026-04-25 13:45,接触不良,紧固接线端子,1.8
ST0043-P13,ST0043,2026-06-26 06:00,2026-06-26 08:37,通讯故障,更换4G/5G模块,2.6
ST0043-P14,ST0043,2025-08-29 16:00,2025-08-29 17:20,过温保护,清理散热片,1.3
ST0043-P14,ST0043,2025-11-05 02:00,2025-11-05 15:02,过温保护,检查风扇,13.0
ST0043-P14,ST0043,2025-12-26 21:00,2025-12-26 23:31,过温保护,降低功率运行,2.5
ST0043-P14,ST0043,2026-01-03 12:00,2026-01-03 12:30,通讯故障,重启通讯模块,0.5
ST0043-P14,ST0043,2026-01-08 23:00,2026-01-09 01:59,过温保护,清理散热片,3.0
ST0043-P14,ST0043,2026-05-01 00:00,2026-05-01 00:30,过温保护,清理散热片,0.5
ST0043-P14,ST0043,2026-05-05 05:00,2026-05-05 05:30,过温保护,降低功率运行,0.5
ST0043-P14,ST0043,2026-05-28 23:00,2026-05-29 00:30,接触不良,紧固接线端子,1.5
ST0043-P15,ST0043,2025-08-23 06:00,2025-08-23 11:56,通讯故障,重启通讯模块,5.9
ST0043-P15,ST0043,2026-02-06 21:00,2026-02-06 22:31,硬件损坏,返厂维修,1.5
ST0043-P15,ST0043,2026-03-11 23:00,2026-03-12 01:13,过温保护,降低功率运行,2.2
ST0043-P15,ST0043,2026-04-26 05:00,2026-04-26 06:37,过温保护,降低功率运行,1.6
ST0043-P16,ST0043,2025-11-04 07:00,2025-11-04 13:20,过温保护,降低功率运行,6.3
ST0043-P17,ST0043,2026-04-11 06:00,2026-04-11 16:46,接触不良,紧固接线端子,10.8
ST0043-P17,ST0043,2026-06-24 19:00,2026-06-25 02:51,通讯故障,重启通讯模块,7.9
ST0043-P18,ST0043,2025-10-12 19:00,2025-10-12 21:04,接触不良,更换充电枪头,2.1
ST0043-P18,ST0043,2026-02-16 07:00,2026-02-16 07:57,过温保护,检查风扇,1.0
ST0043-P18,ST0043,2026-02-22 01:00,2026-02-22 05:30,功率异常,校准功率表,4.5
ST0043-P18,ST0043,2026-03-05 21:00,2026-03-05 21:30,功率异常,固件升级,0.5
ST0043-P18,ST0043,2026-06-15 21:00,2026-06-16 07:43,接触不良,清洁接头,10.7
ST0043-P18,ST0043,2026-07-04 10:00,2026-07-04 10:52,接触不良,更换充电枪头,0.9
ST0043-P19,ST0043,2025-12-21 06:00,2025-12-21 15:50,功率异常,更换传感器,9.8
ST0043-P19,ST0043,2026-02-26 22:00,2026-02-26 22:41,功率异常,校准功率表,0.7
ST0043-P19,ST0043,2026-03-01 13:00,2026-03-02 02:46,接触不良,清洁接头,13.8
ST0043-P19,ST0043,2026-07-01 23:00,2026-07-02 02:51,通讯故障,更换4G/5G模块,3.9
ST0043-P20,ST0043,2025-08-06 20:00,2025-08-06 20:30,接触不良,紧固接线端子,0.5
ST0044-P01,ST0044,2025-09-28 03:00,2025-09-28 04:01,通讯故障,重启通讯模块,1.0
ST0044-P01,ST0044,2025-11-23 02:00,2025-11-23 02:30,过温保护,降低功率运行,0.5
ST0044-P01,ST0044,2026-04-08 02:00,2026-04-08 12:43,过温保护,清理散热片,10.7
ST0044-P01,ST0044,2026-05-02 10:00,2026-05-02 19:33,通讯故障,重启通讯模块,9.6
ST0044-P02,ST0044,2025-12-10 21:00,2025-12-10 22:35,功率异常,固件升级,1.6
ST0044-P03,ST0044,2025-09-14 17:00,2025-09-14 17:30,过温保护,检查风扇,0.5
ST0044-P03,ST0044,2025-10-01 12:00,2025-10-02 00:39,过温保护,清理散热片,12.7
ST0044-P03,ST0044,2025-11-11 04:00,2025-11-11 07:02,接触不良,紧固接线端子,3.0
ST0044-P03,ST0044,2026-05-19 08:00,2026-05-19 17:35,功率异常,校准功率表,9.6
ST0044-P04,ST0044,2025-08-20 12:00,2025-08-21 00:40,过温保护,清理散热片,12.7
ST0044-P04,ST0044,2025-09-25 03:00,2025-09-25 06:27,线缆问题,更换充电线缆,3.5
ST0044-P05,ST0044,2025-09-04 07:00,2025-09-04 08:39,接触不良,清洁接头,1.7
ST0044-P05,ST0044,2026-06-12 11:00,2026-06-12 18:44,通讯故障,更换4G/5G模块,7.7
ST0044-P06,ST0044,2025-08-22 21:00,2025-08-23 02:51,通讯故障,检查天线连接,5.9
ST0044-P06,ST0044,2025-11-05 06:00,2025-11-05 07:14,过温保护,降低功率运行,1.2
ST0044-P07,ST0044,2026-01-22 08:00,2026-01-22 19:28,接触不良,更换充电枪头,11.5
ST0044-P07,ST0044,2026-01-27 14:00,2026-01-28 00:44,过温保护,清理散热片,10.7
ST0044-P07,ST0044,2026-06-26 01:00,2026-06-26 01:55,功率异常,更换传感器,0.9
ST0044-P08,ST0044,2025-11-03 20:00,2025-11-04 05:14,功率异常,校准功率表,9.2
ST0044-P08,ST0044,2026-04-16 02:00,2026-04-16 04:28,过温保护,清理散热片,2.5
ST0044-P09,ST0044,2025-09-27 21:00,2025-09-27 21:53,过温保护,清理散热片,0.9
ST0044-P09,ST0044,2026-02-26 16:00,2026-02-26 16:30,硬件损坏,返厂维修,0.5
ST0044-P09,ST0044,2026-05-08 10:00,2026-05-08 11:02,接触不良,更换充电枪头,1.0
ST0044-P09,ST0044,2026-05-13 05:00,2026-05-13 07:11,通讯故障,重启通讯模块,2.2
ST0044-P09,ST0044,2026-06-05 16:00,2026-06-05 17:32,接触不良,清洁接头,1.5
ST0044-P10,ST0044,2025-10-13 03:00,2025-10-13 09:28,通讯故障,检查天线连接,6.5
ST0044-P10,ST0044,2026-01-12 11:00,2026-01-12 12:03,接触不良,更换充电枪头,1.1
ST0044-P11,ST0044,2025-08-19 18:00,2025-08-19 18:45,过温保护,降低功率运行,0.8
ST0044-P11,ST0044,2025-09-07 00:00,2025-09-07 01:54,过温保护,降低功率运行,1.9
ST0044-P11,ST0044,2025-10-01 07:00,2025-10-01 08:22,接触不良,紧固接线端子,1.4
ST0044-P11,ST0044,2026-02-14 09:00,2026-02-14 12:49,通讯故障,检查天线连接,3.8
ST0044-P11,ST0044,2026-04-01 18:00,2026-04-02 03:40,硬件损坏,返厂维修,9.7
ST0044-P12,ST0044,2025-11-30 21:00,2025-11-30 21:56,通讯故障,更换4G/5G模块,0.9
ST0044-P12,ST0044,2026-06-10 08:00,2026-06-10 11:20,过温保护,检查风扇,3.3
ST0044-P13,ST0044,2026-06-22 14:00,2026-06-22 16:03,线缆问题,修补线缆外皮,2.1
ST0044-P14,ST0044,2025-08-11 13:00,2025-08-11 15:34,过温保护,检查风扇,2.6
ST0044-P14,ST0044,2025-10-13 09:00,2025-10-13 11:13,功率异常,固件升级,2.2
ST0044-P14,ST0044,2025-10-22 11:00,2025-10-22 22:47,过温保护,降低功率运行,11.8
ST0044-P14,ST0044,2025-10-29 12:00,2025-10-29 12:33,接触不良,清洁接头,0.6
ST0044-P15,ST0044,2026-01-28 06:00,2026-01-28 06:30,过温保护,检查风扇,0.5
ST0044-P15,ST0044,2026-02-22 04:00,2026-02-22 08:28,接触不良,紧固接线端子,4.5
ST0044-P15,ST0044,2026-03-04 13:00,2026-03-04 16:20,通讯故障,更换4G/5G模块,3.3
ST0044-P15,ST0044,2026-03-20 14:00,2026-03-20 19:45,过温保护,检查风扇,5.8
ST0044-P15,ST0044,2026-03-26 11:00,2026-03-26 11:35,接触不良,清洁接头,0.6
ST0044-P16,ST0044,2025-11-20 22:00,2025-11-21 00:34,过温保护,清理散热片,2.6
ST0044-P16,ST0044,2026-04-29 06:00,2026-04-29 11:35,接触不良,更换充电枪头,5.6
ST0044-P17,ST0044,2026-07-04 19:00,2026-07-05 01:50,过温保护,检查风扇,6.8
ST0044-P18,ST0044,2025-08-27 06:00,2025-08-27 06:32,过温保护,清理散热片,0.5
ST0044-P18,ST0044,2025-10-12 15:00,2025-10-13 03:17,功率异常,校准功率表,12.3
ST0044-P18,ST0044,2026-01-01 19:00,2026-01-01 20:24,通讯故障,更换4G/5G模块,1.4
ST0044-P18,ST0044,2026-01-20 17:00,2026-01-21 00:23,通讯故障,重启通讯模块,7.4
ST0044-P18,ST0044,2026-05-05 20:00,2026-05-06 00:06,过温保护,检查风扇,4.1
ST0044-P18,ST0044,2026-07-04 12:00,2026-07-04 13:47,接触不良,紧固接线端子,1.8
ST0044-P19,ST0044,2025-12-18 23:00,2025-12-19 02:09,功率异常,固件升级,3.2
ST0044-P19,ST0044,2026-02-22 18:00,2026-02-22 23:31,接触不良,更换充电枪头,5.5
ST0044-P19,ST0044,2026-05-16 04:00,2026-05-16 06:17,接触不良,紧固接线端子,2.3
ST0044-P19,ST0044,2026-05-18 21:00,2026-05-18 23:07,过温保护,清理散热片,2.1
ST0044-P20,ST0044,2025-12-04 23:00,2025-12-04 23:51,接触不良,更换充电枪头,0.9
ST0044-P20,ST0044,2026-04-07 10:00,2026-04-07 13:04,接触不良,紧固接线端子,3.1
ST0045-P01,ST0045,2025-08-28 10:00,2025-08-28 21:44,通讯故障,重启通讯模块,11.7
ST0045-P01,ST0045,2025-09-03 11:00,2025-09-03 11:30,通讯故障,检查天线连接,0.5
ST0045-P01,ST0045,2025-09-13 00:00,2025-09-13 00:30,功率异常,校准功率表,0.5
ST0045-P01,ST0045,2025-10-17 06:00,2025-10-17 07:05,硬件损坏,更换控制板,1.1
ST0045-P01,ST0045,2026-01-08 11:00,2026-01-08 12:06,通讯故障,重启通讯模块,1.1
ST0045-P01,ST0045,2026-01-09 18:00,2026-01-10 04:33,通讯故障,更换4G/5G模块,10.6
ST0045-P02,ST0045,2025-09-30 17:00,2025-10-01 00:07,通讯故障,检查天线连接,7.1
ST0045-P02,ST0045,2025-10-17 05:00,2025-10-17 05:49,过温保护,检查风扇,0.8
ST0045-P02,ST0045,2026-02-26 05:00,2026-02-26 10:49,接触不良,紧固接线端子,5.8
ST0045-P02,ST0045,2026-05-10 20:00,2026-05-10 21:43,接触不良,清洁接头,1.7
ST0045-P02,ST0045,2026-07-25 08:00,2026-07-25 09:53,过温保护,降低功率运行,1.9
ST0045-P03,ST0045,2025-12-06 03:00,2025-12-06 04:06,硬件损坏,返厂维修,1.1
ST0045-P04,ST0045,2025-08-21 04:00,2025-08-21 04:51,功率异常,更换传感器,0.9
ST0045-P04,ST0045,2025-10-27 00:00,2025-10-27 08:01,接触不良,紧固接线端子,8.0
ST0045-P04,ST0045,2026-03-31 12:00,2026-03-31 14:48,功率异常,更换传感器,2.8
ST0045-P05,ST0045,2026-02-02 14:00,2026-02-02 15:45,通讯故障,检查天线连接,1.8
ST0045-P06,ST0045,2025-09-13 11:00,2025-09-14 03:37,过温保护,清理散热片,16.6
ST0045-P06,ST0045,2025-10-16 03:00,2025-10-16 07:23,过温保护,降低功率运行,4.4
ST0045-P06,ST0045,2025-10-30 04:00,2025-10-30 05:56,过温保护,降低功率运行,1.9
ST0045-P06,ST0045,2025-11-09 20:00,2025-11-09 21:20,通讯故障,更换4G/5G模块,1.3
ST0045-P06,ST0045,2025-12-28 22:00,2025-12-29 01:31,接触不良,更换充电枪头,3.5
ST0045-P06,ST0045,2026-01-01 21:00,2026-01-01 21:39,接触不良,清洁接头,0.7
ST0045-P06,ST0045,2026-01-29 19:00,2026-01-29 22:32,接触不良,清洁接头,3.5
ST0045-P07,ST0045,2025-08-27 20:00,2025-08-28 00:09,接触不良,更换充电枪头,4.2
ST0045-P07,ST0045,2025-12-08 06:00,2025-12-08 10:21,接触不良,紧固接线端子,4.4
ST0045-P07,ST0045,2025-12-22 16:00,2025-12-22 22:07,硬件损坏,更换功率模块,6.1
ST0045-P07,ST0045,2026-04-08 10:00,2026-04-08 12:00,过温保护,清理散热片,2.0
ST0045-P08,ST0045,2025-10-06 19:00,2025-10-06 21:59,接触不良,更换充电枪头,3.0
ST0045-P08,ST0045,2025-12-18 23:00,2025-12-18 23:55,通讯故障,检查天线连接,0.9
ST0045-P08,ST0045,2026-01-18 17:00,2026-01-19 01:25,线缆问题,更换充电线缆,8.4
ST0045-P08,ST0045,2026-03-23 21:00,2026-03-23 23:40,接触不良,更换充电枪头,2.7
ST0045-P09,ST0045,2025-08-19 22:00,2025-08-19 23:08,接触不良,紧固接线端子,1.1
ST0045-P09,ST0045,2025-12-17 22:00,2025-12-18 07:11,过温保护,检查风扇,9.2
ST0045-P09,ST0045,2026-03-29 12:00,2026-03-29 18:29,通讯故障,更换4G/5G模块,6.5
ST0045-P10,ST0045,2025-09-28 00:00,2025-09-28 02:15,接触不良,更换充电枪头,2.3
ST0045-P10,ST0045,2025-12-23 08:00,2025-12-23 08:40,硬件损坏,更换功率模块,0.7
ST0045-P10,ST0045,2026-01-25 23:00,2026-01-25 23:30,接触不良,清洁接头,0.5
ST0045-P10,ST0045,2026-03-19 21:00,2026-03-19 21:48,通讯故障,重启通讯模块,0.8
ST0045-P10,ST0045,2026-05-10 06:00,2026-05-10 08:45,硬件损坏,更换控制板,2.8
ST0045-P10,ST0045,2026-07-08 10:00,2026-07-08 11:49,过温保护,降低功率运行,1.8
ST0045-P11,ST0045,2025-09-03 04:00,2025-09-03 07:24,接触不良,紧固接线端子,3.4
ST0045-P11,ST0045,2025-09-08 05:00,2025-09-08 05:48,硬件损坏,更换控制板,0.8
ST0045-P12,ST0045,2025-10-02 01:00,2025-10-02 04:51,接触不良,紧固接线端子,3.9
ST0045-P12,ST0045,2025-10-19 18:00,2025-10-19 22:10,通讯故障,检查天线连接,4.2
ST0045-P12,ST0045,2026-01-22 19:00,2026-01-22 21:38,硬件损坏,更换功率模块,2.6
ST0045-P12,ST0045,2026-03-24 20:00,2026-03-24 20:30,硬件损坏,更换控制板,0.5
ST0045-P12,ST0045,2026-07-07 03:00,2026-07-07 07:14,接触不良,紧固接线端子,4.2
ST0045-P13,ST0045,2025-09-11 05:00,2025-09-11 05:30,接触不良,更换充电枪头,0.5
ST0045-P14,ST0045,2025-08-26 22:00,2025-08-27 05:13,接触不良,更换充电枪头,7.2
ST0045-P14,ST0045,2026-02-15 10:00,2026-02-15 10:30,过温保护,降低功率运行,0.5
ST0045-P14,ST0045,2026-07-18 07:00,2026-07-18 10:35,通讯故障,重启通讯模块,3.6
ST0045-P15,ST0045,2025-11-10 22:00,2025-11-10 22:53,过温保护,检查风扇,0.9
ST0045-P15,ST0045,2026-06-06 22:00,2026-06-07 10:46,过温保护,清理散热片,12.8
ST0045-P16,ST0045,2025-11-03 16:00,2025-11-03 17:07,通讯故障,重启通讯模块,1.1
ST0045-P16,ST0045,2026-05-31 01:00,2026-05-31 01:30,过温保护,检查风扇,0.5
ST0045-P17,ST0045,2025-10-23 12:00,2025-10-23 12:30,硬件损坏,返厂维修,0.5
ST0045-P17,ST0045,2025-11-04 10:00,2025-11-04 16:31,接触不良,更换充电枪头,6.5
ST0045-P17,ST0045,2025-11-05 22:00,2025-11-06 00:54,接触不良,更换充电枪头,2.9
ST0045-P17,ST0045,2026-05-31 09:00,2026-05-31 13:43,过温保护,降低功率运行,4.7
ST0045-P17,ST0045,2026-07-26 02:00,2026-07-26 11:32,线缆问题,更换充电线缆,9.5
ST0045-P18,ST0045,2025-10-22 02:00,2025-10-22 03:18,接触不良,更换充电枪头,1.3
ST0045-P18,ST0045,2026-01-24 23:00,2026-01-25 01:06,过温保护,清理散热片,2.1
ST0045-P18,ST0045,2026-04-29 00:00,2026-04-29 02:37,通讯故障,检查天线连接,2.6
ST0045-P18,ST0045,2026-07-16 08:00,2026-07-16 08:30,接触不良,清洁接头,0.5
ST0045-P19,ST0045,2026-03-09 02:00,2026-03-09 02:42,接触不良,紧固接线端子,0.7
ST0045-P19,ST0045,2026-03-17 00:00,2026-03-17 02:39,接触不良,紧固接线端子,2.7
ST0045-P19,ST0045,2026-05-29 11:00,2026-05-29 19:03,通讯故障,检查天线连接,8.1
ST0045-P19,ST0045,2026-07-12 02:00,2026-07-12 07:21,通讯故障,更换4G/5G模块,5.4
ST0045-P20,ST0045,2026-01-01 15:00,2026-01-02 01:50,接触不良,清洁接头,10.8
ST0045-P20,ST0045,2026-01-11 14:00,2026-01-11 19:57,通讯故障,更换4G/5G模块,6.0
ST0045-P20,ST0045,2026-04-03 11:00,2026-04-03 12:13,通讯故障,更换4G/5G模块,1.2
ST0045-P20,ST0045,2026-05-07 23:00,2026-05-08 04:05,接触不良,更换充电枪头,5.1
ST0046-P01,ST0046,2025-10-12 23:00,2025-10-13 00:15,通讯故障,更换4G/5G模块,1.3
ST0046-P01,ST0046,2026-01-10 12:00,2026-01-10 14:55,硬件损坏,返厂维修,2.9
ST0046-P01,ST0046,2026-01-14 12:00,2026-01-15 01:07,接触不良,清洁接头,13.1
ST0046-P01,ST0046,2026-03-03 00:00,2026-03-03 06:55,过温保护,清理散热片,6.9
ST0046-P01,ST0046,2026-03-26 14:00,2026-03-26 22:50,接触不良,更换充电枪头,8.8
ST0046-P02,ST0046,2025-08-09 12:00,2025-08-09 16:58,过温保护,检查风扇,5.0
ST0046-P02,ST0046,2025-10-16 08:00,2025-10-16 08:30,硬件损坏,更换控制板,0.5
ST0046-P02,ST0046,2025-10-28 04:00,2025-10-28 07:58,接触不良,紧固接线端子,4.0
ST0046-P02,ST0046,2025-11-03 06:00,2025-11-03 10:48,过温保护,清理散热片,4.8
ST0046-P03,ST0046,2025-11-06 15:00,2025-11-06 23:42,过温保护,降低功率运行,8.7
ST0046-P03,ST0046,2026-04-13 13:00,2026-04-13 14:54,接触不良,清洁接头,1.9
ST0046-P03,ST0046,2026-05-09 08:00,2026-05-09 10:38,接触不良,更换充电枪头,2.6
ST0046-P04,ST0046,2025-09-24 02:00,2025-09-24 02:56,功率异常,更换传感器,0.9
ST0046-P04,ST0046,2025-12-27 04:00,2025-12-27 05:03,线缆问题,更换充电线缆,1.1
ST0046-P04,ST0046,2026-04-23 15:00,2026-04-23 17:06,接触不良,更换充电枪头,2.1
ST0046-P04,ST0046,2026-07-28 15:00,2026-07-28 17:47,接触不良,紧固接线端子,2.8
ST0046-P05,ST0046,2025-10-06 16:00,2025-10-06 19:16,接触不良,清洁接头,3.3
ST0046-P05,ST0046,2026-01-22 23:00,2026-01-23 01:39,接触不良,清洁接头,2.7
ST0046-P05,ST0046,2026-06-10 03:00,2026-06-10 06:42,接触不良,紧固接线端子,3.7
ST0046-P05,ST0046,2026-07-17 19:00,2026-07-17 21:47,过温保护,检查风扇,2.8
ST0046-P05,ST0046,2026-07-19 04:00,2026-07-19 06:48,通讯故障,更换4G/5G模块,2.8
ST0046-P06,ST0046,2025-11-16 10:00,2025-11-16 20:46,过温保护,降低功率运行,10.8
ST0046-P06,ST0046,2025-11-28 10:00,2025-11-28 21:46,接触不良,紧固接线端子,11.8
ST0046-P06,ST0046,2026-02-06 13:00,2026-02-06 18:48,过温保护,清理散热片,5.8
ST0046-P07,ST0046,2025-12-22 17:00,2025-12-22 17:30,功率异常,更换传感器,0.5
ST0046-P07,ST0046,2026-05-23 10:00,2026-05-23 20:52,线缆问题,更换连接器,10.9
ST0046-P08,ST0046,2025-11-26 22:00,2025-11-27 04:19,接触不良,紧固接线端子,6.3
ST0046-P08,ST0046,2026-01-12 20:00,2026-01-12 21:55,接触不良,紧固接线端子,1.9
ST0046-P09,ST0046,2025-12-06 15:00,2025-12-06 17:50,通讯故障,检查天线连接,2.8
ST0046-P09,ST0046,2026-03-29 00:00,2026-03-29 00:38,硬件损坏,更换控制板,0.6
ST0046-P10,ST0046,2025-08-31 15:00,2025-08-31 22:50,通讯故障,重启通讯模块,7.8
ST0046-P10,ST0046,2025-11-23 20:00,2025-11-23 20:30,接触不良,更换充电枪头,0.5
ST0046-P10,ST0046,2025-12-15 02:00,2025-12-15 03:26,过温保护,检查风扇,1.4
ST0046-P10,ST0046,2026-01-15 11:00,2026-01-15 22:46,过温保护,降低功率运行,11.8
ST0046-P10,ST0046,2026-02-16 06:00,2026-02-16 15:01,接触不良,清洁接头,9.0
ST0046-P10,ST0046,2026-04-05 17:00,2026-04-05 19:12,通讯故障,重启通讯模块,2.2
ST0046-P10,ST0046,2026-07-31 04:00,2026-07-31 18:18,通讯故障,更换4G/5G模块,14.3
ST0046-P11,ST0046,2026-01-11 15:00,2026-01-11 17:20,通讯故障,更换4G/5G模块,2.3
ST0046-P12,ST0046,2026-05-02 06:00,2026-05-02 07:39,通讯故障,检查天线连接,1.7
ST0046-P13,ST0046,2025-08-06 09:00,2025-08-06 09:30,通讯故障,更换4G/5G模块,0.5
ST0046-P13,ST0046,2025-08-13 00:00,2025-08-13 07:56,接触不良,紧固接线端子,7.9
ST0046-P13,ST0046,2025-11-13 04:00,2025-11-13 08:25,接触不良,清洁接头,4.4
ST0046-P13,ST0046,2026-02-05 14:00,2026-02-05 20:41,过温保护,清理散热片,6.7
ST0046-P13,ST0046,2026-02-09 13:00,2026-02-09 14:20,功率异常,固件升级,1.3
ST0046-P13,ST0046,2026-04-16 09:00,2026-04-16 12:02,接触不良,更换充电枪头,3.0
ST0046-P13,ST0046,2026-06-26 13:00,2026-06-26 13:42,硬件损坏,更换功率模块,0.7
ST0046-P14,ST0046,2025-10-03 01:00,2025-10-03 01:50,接触不良,清洁接头,0.8
ST0046-P14,ST0046,2025-10-05 10:00,2025-10-05 11:11,过温保护,清理散热片,1.2
ST0046-P14,ST0046,2025-12-24 05:00,2025-12-24 07:21,接触不良,紧固接线端子,2.4
ST0046-P14,ST0046,2026-03-22 08:00,2026-03-22 08:30,过温保护,清理散热片,0.5
ST0046-P14,ST0046,2026-05-10 15:00,2026-05-10 19:26,功率异常,更换传感器,4.4
ST0046-P14,ST0046,2026-07-28 19:00,2026-07-29 00:05,过温保护,检查风扇,5.1
ST0046-P15,ST0046,2026-02-09 17:00,2026-02-09 23:33,接触不良,更换充电枪头,6.6
ST0046-P16,ST0046,2026-06-27 10:00,2026-06-27 11:57,通讯故障,更换4G/5G模块,2.0
ST0046-P17,ST0046,2025-08-29 23:00,2025-08-30 07:19,通讯故障,检查天线连接,8.3
ST0046-P17,ST0046,2025-09-04 04:00,2025-09-04 04:30,通讯故障,重启通讯模块,0.5
ST0046-P17,ST0046,2025-09-22 16:00,2025-09-22 21:40,接触不良,更换充电枪头,5.7
ST0046-P17,ST0046,2025-10-07 15:00,2025-10-07 16:26,通讯故障,重启通讯模块,1.4
ST0046-P17,ST0046,2026-05-19 01:00,2026-05-19 03:14,接触不良,紧固接线端子,2.2
ST0046-P18,ST0046,2025-09-11 13:00,2025-09-11 16:53,接触不良,清洁接头,3.9
ST0046-P18,ST0046,2026-02-01 11:00,2026-02-01 11:36,功率异常,更换传感器,0.6
ST0046-P19,ST0046,2026-02-19 22:00,2026-02-20 05:23,过温保护,清理散热片,7.4
ST0046-P19,ST0046,2026-04-26 13:00,2026-04-27 00:51,通讯故障,检查天线连接,11.9
ST0046-P19,ST0046,2026-05-08 02:00,2026-05-08 07:07,过温保护,清理散热片,5.1
ST0046-P20,ST0046,2025-09-29 08:00,2025-09-29 10:42,过温保护,清理散热片,2.7
ST0047-P01,ST0047,2026-05-13 00:00,2026-05-13 02:40,接触不良,更换充电枪头,2.7
ST0047-P01,ST0047,2026-06-26 22:00,2026-06-26 23:48,通讯故障,重启通讯模块,1.8
ST0047-P02,ST0047,2025-10-18 04:00,2025-10-18 12:44,过温保护,降低功率运行,8.7
ST0047-P02,ST0047,2026-01-11 10:00,2026-01-11 10:30,接触不良,清洁接头,0.5
ST0047-P02,ST0047,2026-06-21 21:00,2026-06-22 06:48,通讯故障,更换4G/5G模块,9.8
ST0047-P03,ST0047,2025-08-21 06:00,2025-08-21 07:26,过温保护,降低功率运行,1.4
ST0047-P03,ST0047,2026-03-01 17:00,2026-03-01 19:59,通讯故障,重启通讯模块,3.0
ST0047-P03,ST0047,2026-07-09 22:00,2026-07-10 11:37,接触不良,紧固接线端子,13.6
ST0047-P04,ST0047,2025-11-26 18:00,2025-11-27 12:10,接触不良,清洁接头,18.2
ST0047-P05,ST0047,2026-07-26 02:00,2026-07-26 04:20,接触不良,紧固接线端子,2.3
ST0047-P06,ST0047,2025-08-04 20:00,2025-08-04 20:51,硬件损坏,返厂维修,0.9
ST0047-P06,ST0047,2026-02-15 05:00,2026-02-15 05:50,过温保护,清理散热片,0.8
ST0047-P06,ST0047,2026-05-12 11:00,2026-05-12 16:21,硬件损坏,返厂维修,5.4
ST0047-P06,ST0047,2026-06-08 08:00,2026-06-08 11:24,接触不良,清洁接头,3.4
ST0047-P06,ST0047,2026-06-15 09:00,2026-06-15 09:57,过温保护,检查风扇,1.0
ST0047-P07,ST0047,2025-08-22 12:00,2025-08-22 15:03,通讯故障,重启通讯模块,3.1
ST0047-P07,ST0047,2025-11-13 05:00,2025-11-13 09:14,过温保护,清理散热片,4.2
ST0047-P07,ST0047,2025-11-14 06:00,2025-11-14 17:31,过温保护,降低功率运行,11.5
ST0047-P07,ST0047,2026-03-17 19:00,2026-03-17 19:30,接触不良,紧固接线端子,0.5
ST0047-P07,ST0047,2026-07-10 16:00,2026-07-10 17:15,硬件损坏,更换控制板,1.3
ST0047-P08,ST0047,2025-12-08 06:00,2025-12-08 17:17,接触不良,紧固接线端子,11.3
ST0047-P08,ST0047,2026-03-26 01:00,2026-03-26 03:32,接触不良,紧固接线端子,2.5
ST0047-P08,ST0047,2026-05-31 09:00,2026-05-31 11:25,通讯故障,更换4G/5G模块,2.4
ST0047-P08,ST0047,2026-06-17 07:00,2026-06-17 11:54,通讯故障,检查天线连接,4.9
ST0047-P09,ST0047,2025-08-07 06:00,2025-08-07 08:44,接触不良,更换充电枪头,2.7
ST0047-P10,ST0047,2025-09-24 00:00,2025-09-24 07:34,接触不良,更换充电枪头,7.6
ST0047-P10,ST0047,2025-12-06 02:00,2025-12-06 05:06,过温保护,降低功率运行,3.1
ST0047-P10,ST0047,2026-02-17 19:00,2026-02-18 03:19,硬件损坏,更换功率模块,8.3
ST0047-P10,ST0047,2026-04-09 15:00,2026-04-09 19:52,接触不良,紧固接线端子,4.9
ST0047-P10,ST0047,2026-06-02 09:00,2026-06-02 11:25,功率异常,固件升级,2.4
ST0047-P11,ST0047,2025-08-28 11:00,2025-08-28 15:00,功率异常,校准功率表,4.0
ST0047-P11,ST0047,2026-01-03 14:00,2026-01-03 23:14,通讯故障,更换4G/5G模块,9.2
ST0047-P11,ST0047,2026-05-18 05:00,2026-05-18 09:29,硬件损坏,更换功率模块,4.5
ST0047-P11,ST0047,2026-06-27 06:00,2026-06-27 06:30,功率异常,更换传感器,0.5
ST0047-P12,ST0047,2025-08-12 09:00,2025-08-12 11:03,过温保护,清理散热片,2.1
ST0047-P12,ST0047,2025-12-22 13:00,2025-12-22 15:59,通讯故障,检查天线连接,3.0
ST0047-P13,ST0047,2025-10-01 20:00,2025-10-02 13:24,接触不良,紧固接线端子,17.4
ST0047-P13,ST0047,2025-12-13 14:00,2025-12-13 14:46,硬件损坏,更换功率模块,0.8
ST0047-P14,ST0047,2025-09-27 02:00,2025-09-27 03:20,通讯故障,检查天线连接,1.3
ST0047-P14,ST0047,2025-11-29 14:00,2025-11-29 16:12,硬件损坏,返厂维修,2.2
ST0047-P14,ST0047,2026-04-01 05:00,2026-04-01 19:53,线缆问题,更换充电线缆,14.9
ST0047-P15,ST0047,2025-12-18 08:00,2025-12-18 14:38,通讯故障,重启通讯模块,6.6
ST0047-P16,ST0047,2025-09-03 12:00,2025-09-03 21:00,过温保护,降低功率运行,9.0
ST0047-P16,ST0047,2026-07-21 04:00,2026-07-21 04:42,通讯故障,重启通讯模块,0.7
ST0047-P17,ST0047,2025-10-29 00:00,2025-10-29 03:23,接触不良,紧固接线端子,3.4
ST0047-P17,ST0047,2026-03-10 14:00,2026-03-10 18:41,过温保护,检查风扇,4.7
ST0047-P18,ST0047,2025-08-13 21:00,2025-08-14 00:38,线缆问题,修补线缆外皮,3.6
ST0047-P18,ST0047,2025-12-22 22:00,2025-12-23 12:06,硬件损坏,更换控制板,14.1
ST0047-P18,ST0047,2026-04-03 06:00,2026-04-03 06:46,通讯故障,更换4G/5G模块,0.8
ST0047-P19,ST0047,2025-08-25 09:00,2025-08-25 09:30,硬件损坏,更换控制板,0.5
ST0047-P19,ST0047,2026-03-11 17:00,2026-03-11 18:27,接触不良,紧固接线端子,1.5
ST0047-P19,ST0047,2026-04-08 07:00,2026-04-08 07:48,通讯故障,检查天线连接,0.8
ST0047-P19,ST0047,2026-06-29 01:00,2026-06-29 04:08,线缆问题,更换连接器,3.1
ST0047-P20,ST0047,2026-01-12 23:00,2026-01-12 23:30,硬件损坏,返厂维修,0.5
ST0047-P20,ST0047,2026-01-25 13:00,2026-01-25 14:28,过温保护,清理散热片,1.5
ST0047-P20,ST0047,2026-02-08 21:00,2026-02-08 23:31,接触不良,清洁接头,2.5
ST0047-P20,ST0047,2026-05-10 17:00,2026-05-10 18:50,过温保护,清理散热片,1.8
ST0048-P01,ST0048,2025-10-15 21:00,2025-10-15 21:56,过温保护,检查风扇,0.9
ST0048-P01,ST0048,2026-02-01 13:00,2026-02-01 22:04,线缆问题,更换充电线缆,9.1
ST0048-P01,ST0048,2026-06-05 08:00,2026-06-05 08:56,通讯故障,重启通讯模块,0.9
ST0048-P01,ST0048,2026-07-12 17:00,2026-07-12 17:30,过温保护,检查风扇,0.5
ST0048-P02,ST0048,2026-03-27 14:00,2026-03-27 18:04,接触不良,紧固接线端子,4.1
ST0048-P02,ST0048,2026-07-15 05:00,2026-07-15 05:30,过温保护,清理散热片,0.5
ST0048-P03,ST0048,2026-01-22 17:00,2026-01-22 20:15,功率异常,固件升级,3.3
ST0048-P03,ST0048,2026-06-17 04:00,2026-06-17 08:55,接触不良,紧固接线端子,4.9
ST0048-P04,ST0048,2026-05-21 04:00,2026-05-21 07:04,硬件损坏,更换功率模块,3.1
ST0048-P04,ST0048,2026-07-21 12:00,2026-07-21 14:17,接触不良,更换充电枪头,2.3
ST0048-P05,ST0048,2025-10-24 23:00,2025-10-25 01:36,硬件损坏,更换功率模块,2.6
ST0048-P05,ST0048,2025-12-09 17:00,2025-12-09 18:11,硬件损坏,返厂维修,1.2
ST0048-P05,ST0048,2026-02-08 17:00,2026-02-08 18:50,过温保护,检查风扇,1.8
ST0048-P05,ST0048,2026-04-08 03:00,2026-04-08 12:48,过温保护,检查风扇,9.8
ST0048-P05,ST0048,2026-04-25 21:00,2026-04-25 22:52,过温保护,检查风扇,1.9
ST0048-P05,ST0048,2026-07-17 22:00,2026-07-17 23:49,线缆问题,修补线缆外皮,1.8
ST0048-P06,ST0048,2025-10-13 02:00,2025-10-13 04:44,通讯故障,检查天线连接,2.7
ST0048-P06,ST0048,2025-11-05 22:00,2025-11-06 00:52,过温保护,清理散热片,2.9
ST0048-P06,ST0048,2026-01-03 06:00,2026-01-03 06:30,通讯故障,检查天线连接,0.5
ST0048-P06,ST0048,2026-01-04 07:00,2026-01-04 11:24,接触不良,清洁接头,4.4
ST0048-P06,ST0048,2026-03-21 04:00,2026-03-21 12:11,接触不良,紧固接线端子,8.2
ST0048-P06,ST0048,2026-04-16 03:00,2026-04-16 05:01,过温保护,检查风扇,2.0
ST0048-P07,ST0048,2025-08-09 00:00,2025-08-09 02:18,通讯故障,更换4G/5G模块,2.3
ST0048-P07,ST0048,2025-10-01 06:00,2025-10-01 08:44,线缆问题,更换充电线缆,2.7
ST0048-P07,ST0048,2026-07-15 02:00,2026-07-15 04:04,接触不良,更换充电枪头,2.1
ST0048-P08,ST0048,2025-11-15 09:00,2025-11-15 12:22,过温保护,检查风扇,3.4
ST0048-P08,ST0048,2026-01-23 12:00,2026-01-23 13:38,线缆问题,修补线缆外皮,1.6
ST0048-P08,ST0048,2026-06-14 18:00,2026-06-15 01:53,过温保护,检查风扇,7.9
ST0048-P08,ST0048,2026-06-22 19:00,2026-06-22 19:30,过温保护,降低功率运行,0.5
ST0048-P08,ST0048,2026-07-24 19:00,2026-07-24 21:01,接触不良,清洁接头,2.0
ST0048-P09,ST0048,2025-08-17 15:00,2025-08-17 19:25,接触不良,清洁接头,4.4
ST0048-P09,ST0048,2026-01-27 00:00,2026-01-27 03:07,过温保护,检查风扇,3.1
ST0048-P10,ST0048,2026-02-13 17:00,2026-02-13 20:15,通讯故障,重启通讯模块,3.3
ST0048-P10,ST0048,2026-03-05 22:00,2026-03-06 09:42,硬件损坏,返厂维修,11.7
ST0048-P11,ST0048,2025-09-12 07:00,2025-09-12 13:52,线缆问题,更换连接器,6.9
ST0048-P11,ST0048,2025-12-02 19:00,2025-12-03 01:11,接触不良,清洁接头,6.2
ST0048-P11,ST0048,2025-12-08 17:00,2025-12-08 20:45,过温保护,清理散热片,3.8
ST0048-P11,ST0048,2026-02-11 23:00,2026-02-12 00:05,接触不良,清洁接头,1.1
ST0048-P11,ST0048,2026-04-07 02:00,2026-04-07 02:30,通讯故障,更换4G/5G模块,0.5
ST0048-P11,ST0048,2026-06-20 03:00,2026-06-20 04:20,过温保护,检查风扇,1.3
ST0048-P12,ST0048,2026-01-06 17:00,2026-01-06 19:49,接触不良,紧固接线端子,2.8
ST0048-P13,ST0048,2025-11-01 14:00,2025-11-01 14:30,过温保护,检查风扇,0.5
ST0048-P13,ST0048,2026-03-16 02:00,2026-03-16 03:12,接触不良,紧固接线端子,1.2
ST0048-P13,ST0048,2026-05-02 20:00,2026-05-02 21:01,接触不良,紧固接线端子,1.0
ST0048-P13,ST0048,2026-07-12 00:00,2026-07-12 04:05,硬件损坏,返厂维修,4.1
ST0048-P13,ST0048,2026-07-23 18:00,2026-07-23 18:30,接触不良,清洁接头,0.5
ST0048-P14,ST0048,2025-09-09 06:00,2025-09-10 00:07,过温保护,检查风扇,18.1
ST0048-P14,ST0048,2025-09-26 21:00,2025-09-27 00:34,通讯故障,重启通讯模块,3.6
ST0048-P14,ST0048,2025-10-23 01:00,2025-10-23 01:51,接触不良,清洁接头,0.9
ST0048-P14,ST0048,2026-02-15 23:00,2026-02-15 23:30,接触不良,紧固接线端子,0.5
ST0048-P14,ST0048,2026-04-06 07:00,2026-04-06 07:43,功率异常,校准功率表,0.7
ST0048-P14,ST0048,2026-06-04 10:00,2026-06-04 10:30,过温保护,检查风扇,0.5
ST0048-P15,ST0048,2025-09-21 05:00,2025-09-21 07:23,接触不良,更换充电枪头,2.4
ST0048-P15,ST0048,2025-10-07 23:00,2025-10-07 23:50,接触不良,紧固接线端子,0.8
ST0048-P15,ST0048,2026-03-16 22:00,2026-03-17 01:59,通讯故障,重启通讯模块,4.0
ST0048-P15,ST0048,2026-04-10 07:00,2026-04-10 09:30,功率异常,固件升级,2.5
ST0048-P15,ST0048,2026-04-12 11:00,2026-04-12 14:00,通讯故障,检查天线连接,3.0
ST0048-P15,ST0048,2026-05-16 00:00,2026-05-16 02:50,接触不良,清洁接头,2.8
ST0048-P16,ST0048,2025-09-03 02:00,2025-09-03 08:52,过温保护,检查风扇,6.9
ST0048-P16,ST0048,2025-12-21 13:00,2025-12-21 23:05,通讯故障,检查天线连接,10.1
ST0048-P16,ST0048,2026-03-03 15:00,2026-03-03 23:58,过温保护,清理散热片,9.0
ST0048-P16,ST0048,2026-07-07 11:00,2026-07-07 11:30,过温保护,检查风扇,0.5
ST0048-P16,ST0048,2026-07-26 13:00,2026-07-26 13:30,硬件损坏,更换功率模块,0.5
ST0048-P17,ST0048,2025-10-10 03:00,2025-10-10 08:29,过温保护,清理散热片,5.5
ST0048-P17,ST0048,2025-10-22 02:00,2025-10-22 02:30,功率异常,固件升级,0.5
ST0048-P18,ST0048,2025-08-21 07:00,2025-08-21 10:03,通讯故障,重启通讯模块,3.1
ST0048-P18,ST0048,2025-10-15 09:00,2025-10-15 13:29,过温保护,清理散热片,4.5
ST0048-P18,ST0048,2026-02-07 01:00,2026-02-07 06:14,过温保护,降低功率运行,5.2
ST0048-P18,ST0048,2026-02-28 03:00,2026-02-28 03:30,接触不良,紧固接线端子,0.5
ST0048-P18,ST0048,2026-07-03 05:00,2026-07-03 05:30,接触不良,紧固接线端子,0.5
ST0048-P18,ST0048,2026-07-26 12:00,2026-07-26 14:09,过温保护,清理散热片,2.2
ST0048-P19,ST0048,2026-04-29 00:00,2026-04-29 05:09,接触不良,清洁接头,5.2
ST0048-P19,ST0048,2026-07-07 08:00,2026-07-07 15:19,通讯故障,检查天线连接,7.3
ST0048-P20,ST0048,2026-04-03 06:00,2026-04-03 06:30,硬件损坏,更换功率模块,0.5
ST0048-P20,ST0048,2026-04-03 06:00,2026-04-03 07:19,功率异常,校准功率表,1.3
ST0048-P20,ST0048,2026-07-06 15:00,2026-07-07 14:50,接触不良,清洁接头,23.8
ST0049-P01,ST0049,2025-09-04 15:00,2025-09-04 18:55,通讯故障,检查天线连接,3.9
ST0049-P01,ST0049,2025-09-06 04:00,2025-09-06 08:26,接触不良,紧固接线端子,4.4
ST0049-P01,ST0049,2025-09-07 18:00,2025-09-07 19:38,硬件损坏,更换功率模块,1.6
ST0049-P01,ST0049,2025-10-05 16:00,2025-10-05 16:49,过温保护,清理散热片,0.8
ST0049-P02,ST0049,2025-12-13 13:00,2025-12-13 15:01,通讯故障,重启通讯模块,2.0
ST0049-P02,ST0049,2026-06-17 11:00,2026-06-17 20:17,接触不良,更换充电枪头,9.3
ST0049-P03,ST0049,2026-02-17 14:00,2026-02-17 21:53,接触不良,紧固接线端子,7.9
ST0049-P03,ST0049,2026-02-19 00:00,2026-02-19 14:11,通讯故障,重启通讯模块,14.2
ST0049-P03,ST0049,2026-07-10 23:00,2026-07-11 01:18,接触不良,清洁接头,2.3
ST0049-P04,ST0049,2026-04-12 02:00,2026-04-12 07:33,过温保护,检查风扇,5.6
ST0049-P04,ST0049,2026-04-18 13:00,2026-04-18 21:49,硬件损坏,返厂维修,8.8
ST0049-P04,ST0049,2026-06-03 16:00,2026-06-04 01:15,功率异常,更换传感器,9.3
ST0049-P04,ST0049,2026-06-22 05:00,2026-06-22 07:19,接触不良,更换充电枪头,2.3
ST0049-P05,ST0049,2025-12-21 12:00,2025-12-21 15:54,过温保护,检查风扇,3.9
ST0049-P05,ST0049,2026-01-03 17:00,2026-01-03 17:30,通讯故障,检查天线连接,0.5
ST0049-P05,ST0049,2026-01-15 09:00,2026-01-15 11:23,通讯故障,更换4G/5G模块,2.4
ST0049-P05,ST0049,2026-03-26 20:00,2026-03-26 20:30,过温保护,检查风扇,0.5
ST0049-P05,ST0049,2026-06-25 01:00,2026-06-25 02:34,过温保护,检查风扇,1.6
ST0049-P06,ST0049,2026-05-14 21:00,2026-05-14 23:53,过温保护,降低功率运行,2.9
ST0049-P06,ST0049,2026-06-03 21:00,2026-06-03 21:53,硬件损坏,返厂维修,0.9
ST0049-P06,ST0049,2026-07-19 18:00,2026-07-19 22:40,过温保护,降低功率运行,4.7
ST0049-P07,ST0049,2026-04-30 16:00,2026-04-30 16:30,接触不良,紧固接线端子,0.5
ST0049-P07,ST0049,2026-07-21 15:00,2026-07-21 15:38,接触不良,清洁接头,0.6
ST0049-P08,ST0049,2025-11-06 11:00,2025-11-06 17:01,接触不良,清洁接头,6.0
ST0049-P08,ST0049,2025-11-07 10:00,2025-11-07 12:46,接触不良,紧固接线端子,2.8
ST0049-P08,ST0049,2025-12-14 19:00,2025-12-14 20:17,接触不良,清洁接头,1.3
ST0049-P08,ST0049,2026-01-13 07:00,2026-01-13 10:53,通讯故障,检查天线连接,3.9
ST0049-P08,ST0049,2026-06-10 04:00,2026-06-10 08:43,接触不良,紧固接线端子,4.7
ST0049-P08,ST0049,2026-07-09 21:00,2026-07-10 01:07,过温保护,清理散热片,4.1
ST0049-P08,ST0049,2026-07-13 13:00,2026-07-13 14:46,接触不良,清洁接头,1.8
ST0049-P09,ST0049,2025-10-28 03:00,2025-10-28 08:32,接触不良,紧固接线端子,5.5
ST0049-P09,ST0049,2025-11-14 19:00,2025-11-14 19:30,过温保护,降低功率运行,0.5
ST0049-P09,ST0049,2025-12-17 18:00,2025-12-17 21:49,过温保护,检查风扇,3.8
ST0049-P09,ST0049,2025-12-28 20:00,2025-12-29 09:22,通讯故障,重启通讯模块,13.4
ST0049-P09,ST0049,2026-01-20 05:00,2026-01-20 05:30,过温保护,降低功率运行,0.5
ST0049-P09,ST0049,2026-02-17 15:00,2026-02-17 18:01,通讯故障,检查天线连接,3.0
ST0049-P09,ST0049,2026-04-12 11:00,2026-04-12 22:05,接触不良,更换充电枪头,11.1
ST0049-P10,ST0049,2025-09-04 06:00,2025-09-04 13:16,通讯故障,更换4G/5G模块,7.3
ST0049-P10,ST0049,2025-12-08 03:00,2025-12-08 04:29,过温保护,检查风扇,1.5
ST0049-P10,ST0049,2026-05-09 12:00,2026-05-09 13:27,接触不良,更换充电枪头,1.5
ST0049-P11,ST0049,2026-04-19 18:00,2026-04-20 04:59,过温保护,检查风扇,11.0
ST0049-P11,ST0049,2026-05-09 18:00,2026-05-09 21:35,功率异常,更换传感器,3.6
ST0049-P12,ST0049,2025-10-01 04:00,2025-10-01 08:08,过温保护,清理散热片,4.1
ST0049-P12,ST0049,2025-10-02 11:00,2025-10-02 12:45,线缆问题,更换充电线缆,1.8
ST0049-P12,ST0049,2026-03-12 12:00,2026-03-12 17:33,接触不良,清洁接头,5.6
ST0049-P12,ST0049,2026-06-01 03:00,2026-06-02 01:50,接触不良,清洁接头,22.8
ST0049-P13,ST0049,2025-09-05 08:00,2025-09-05 11:13,接触不良,更换充电枪头,3.2
ST0049-P14,ST0049,2025-08-21 21:00,2025-08-21 22:04,接触不良,紧固接线端子,1.1
ST0049-P14,ST0049,2025-08-31 00:00,2025-08-31 02:22,通讯故障,重启通讯模块,2.4
ST0049-P14,ST0049,2026-07-18 13:00,2026-07-18 14:49,过温保护,清理散热片,1.8
ST0049-P15,ST0049,2025-12-02 07:00,2025-12-02 09:13,通讯故障,重启通讯模块,2.2
ST0049-P15,ST0049,2025-12-20 09:00,2025-12-20 19:13,接触不良,清洁接头,10.2
ST0049-P16,ST0049,2025-10-17 00:00,2025-10-17 09:20,过温保护,降低功率运行,9.3
ST0049-P16,ST0049,2026-05-10 11:00,2026-05-10 16:31,通讯故障,重启通讯模块,5.5
ST0049-P16,ST0049,2026-05-27 10:00,2026-05-27 10:36,接触不良,更换充电枪头,0.6
ST0049-P17,ST0049,2025-10-22 02:00,2025-10-22 02:36,线缆问题,更换连接器,0.6
ST0049-P17,ST0049,2026-05-05 19:00,2026-05-05 21:59,接触不良,更换充电枪头,3.0
ST0049-P17,ST0049,2026-06-11 08:00,2026-06-11 08:30,过温保护,检查风扇,0.5
ST0049-P18,ST0049,2025-08-02 07:00,2025-08-02 10:42,过温保护,降低功率运行,3.7
ST0049-P18,ST0049,2025-11-21 08:00,2025-11-21 08:30,接触不良,更换充电枪头,0.5
ST0049-P18,ST0049,2026-01-05 13:00,2026-01-05 13:42,接触不良,紧固接线端子,0.7
ST0049-P18,ST0049,2026-06-09 05:00,2026-06-09 09:22,接触不良,更换充电枪头,4.4
ST0049-P19,ST0049,2025-08-12 17:00,2025-08-12 17:41,接触不良,清洁接头,0.7
ST0049-P19,ST0049,2025-09-11 13:00,2025-09-11 18:24,硬件损坏,返厂维修,5.4
ST0049-P19,ST0049,2026-02-13 19:00,2026-02-13 23:20,过温保护,检查风扇,4.3
ST0049-P19,ST0049,2026-03-16 14:00,2026-03-16 15:26,硬件损坏,更换功率模块,1.4
ST0049-P20,ST0049,2025-08-11 15:00,2025-08-11 16:12,通讯故障,检查天线连接,1.2
ST0049-P20,ST0049,2026-04-26 10:00,2026-04-26 15:31,接触不良,清洁接头,5.5
ST0049-P20,ST0049,2026-06-12 12:00,2026-06-12 20:32,过温保护,检查风扇,8.5
ST0050-P01,ST0050,2025-11-15 06:00,2025-11-15 10:18,通讯故障,更换4G/5G模块,4.3
ST0050-P01,ST0050,2026-02-10 05:00,2026-02-10 09:59,过温保护,检查风扇,5.0
ST0050-P01,ST0050,2026-06-04 22:00,2026-06-04 23:59,通讯故障,检查天线连接,2.0
ST0050-P02,ST0050,2025-11-27 12:00,2025-11-27 17:04,过温保护,降低功率运行,5.1
ST0050-P02,ST0050,2026-03-29 00:00,2026-03-29 02:48,接触不良,紧固接线端子,2.8
ST0050-P02,ST0050,2026-05-16 07:00,2026-05-16 11:56,通讯故障,检查天线连接,4.9
ST0050-P03,ST0050,2025-08-12 12:00,2025-08-12 12:30,通讯故障,检查天线连接,0.5
ST0050-P03,ST0050,2026-01-24 11:00,2026-01-24 12:40,过温保护,检查风扇,1.7
ST0050-P04,ST0050,2025-10-26 07:00,2025-10-26 09:41,过温保护,降低功率运行,2.7
ST0050-P04,ST0050,2025-11-26 08:00,2025-11-26 08:30,过温保护,检查风扇,0.5
ST0050-P04,ST0050,2025-12-12 15:00,2025-12-13 02:35,过温保护,清理散热片,11.6
ST0050-P04,ST0050,2026-03-12 08:00,2026-03-12 16:27,接触不良,清洁接头,8.5
ST0050-P05,ST0050,2025-11-09 01:00,2025-11-09 04:29,通讯故障,更换4G/5G模块,3.5
ST0050-P05,ST0050,2026-02-03 01:00,2026-02-03 04:11,过温保护,清理散热片,3.2
ST0050-P06,ST0050,2025-08-26 08:00,2025-08-26 19:02,接触不良,更换充电枪头,11.0
ST0050-P06,ST0050,2025-10-16 09:00,2025-10-16 10:03,接触不良,更换充电枪头,1.1
ST0050-P06,ST0050,2026-03-12 08:00,2026-03-12 09:13,通讯故障,重启通讯模块,1.2
ST0050-P06,ST0050,2026-04-26 08:00,2026-04-26 08:43,功率异常,更换传感器,0.7
ST0050-P07,ST0050,2026-01-07 05:00,2026-01-07 22:10,接触不良,紧固接线端子,17.2
ST0050-P08,ST0050,2026-06-14 01:00,2026-06-14 06:05,接触不良,紧固接线端子,5.1
ST0050-P08,ST0050,2026-07-02 23:00,2026-07-03 06:42,硬件损坏,更换功率模块,7.7
ST0050-P09,ST0050,2026-03-29 13:00,2026-03-29 14:00,接触不良,更换充电枪头,1.0
ST0050-P10,ST0050,2025-11-09 19:00,2025-11-09 21:15,接触不良,紧固接线端子,2.3
ST0050-P11,ST0050,2025-10-03 14:00,2025-10-03 23:27,通讯故障,检查天线连接,9.5
ST0050-P11,ST0050,2025-12-16 05:00,2025-12-16 16:17,接触不良,紧固接线端子,11.3
ST0050-P12,ST0050,2025-08-11 16:00,2025-08-12 03:32,接触不良,紧固接线端子,11.5
ST0050-P12,ST0050,2025-08-30 12:00,2025-08-30 13:38,功率异常,校准功率表,1.6
ST0050-P12,ST0050,2025-10-27 08:00,2025-10-27 15:46,通讯故障,检查天线连接,7.8
ST0050-P12,ST0050,2025-12-04 00:00,2025-12-04 02:24,通讯故障,更换4G/5G模块,2.4
ST0050-P13,ST0050,2025-10-07 07:00,2025-10-07 09:08,接触不良,紧固接线端子,2.1
ST0050-P13,ST0050,2026-02-05 18:00,2026-02-05 18:55,过温保护,检查风扇,0.9
ST0050-P14,ST0050,2025-08-22 02:00,2025-08-22 10:07,过温保护,检查风扇,8.1
ST0050-P14,ST0050,2025-10-09 00:00,2025-10-09 03:21,通讯故障,更换4G/5G模块,3.4
ST0050-P14,ST0050,2025-10-22 20:00,2025-10-22 21:55,过温保护,降低功率运行,1.9
ST0050-P14,ST0050,2026-03-24 16:00,2026-03-24 18:18,通讯故障,更换4G/5G模块,2.3
ST0050-P15,ST0050,2026-04-26 14:00,2026-04-26 21:08,过温保护,降低功率运行,7.1
ST0050-P15,ST0050,2026-05-05 23:00,2026-05-06 02:48,通讯故障,更换4G/5G模块,3.8
ST0050-P16,ST0050,2026-02-24 08:00,2026-02-24 12:47,过温保护,降低功率运行,4.8
ST0050-P16,ST0050,2026-06-07 18:00,2026-06-07 19:26,功率异常,固件升级,1.4
ST0050-P17,ST0050,2025-08-19 06:00,2025-08-19 07:03,功率异常,校准功率表,1.1
ST0050-P17,ST0050,2025-09-29 19:00,2025-09-29 19:52,硬件损坏,更换控制板,0.9
ST0050-P17,ST0050,2026-02-12 12:00,2026-02-12 12:30,接触不良,清洁接头,0.5
ST0050-P17,ST0050,2026-06-04 11:00,2026-06-04 11:35,接触不良,清洁接头,0.6
ST0050-P18,ST0050,2026-01-09 15:00,2026-01-09 18:56,过温保护,清理散热片,3.9
ST0050-P19,ST0050,2025-10-11 20:00,2025-10-11 20:30,接触不良,清洁接头,0.5
ST0050-P19,ST0050,2025-10-15 14:00,2025-10-15 15:46,通讯故障,检查天线连接,1.8
ST0050-P19,ST0050,2026-02-19 07:00,2026-02-19 14:18,通讯故障,重启通讯模块,7.3
ST0050-P20,ST0050,2025-11-25 14:00,2025-11-25 22:54,接触不良,清洁接头,8.9
ST0051-P01,ST0051,2025-10-14 20:00,2025-10-14 22:26,过温保护,清理散热片,2.4
ST0051-P01,ST0051,2025-12-30 11:00,2025-12-30 14:11,过温保护,清理散热片,3.2
ST0051-P01,ST0051,2026-01-27 14:00,2026-01-27 22:45,硬件损坏,更换控制板,8.8
ST0051-P01,ST0051,2026-03-01 01:00,2026-03-01 01:30,过温保护,清理散热片,0.5
ST0051-P01,ST0051,2026-07-01 13:00,2026-07-01 13:30,过温保护,清理散热片,0.5
ST0051-P02,ST0051,2025-09-04 11:00,2025-09-04 11:39,过温保护,检查风扇,0.7
ST0051-P02,ST0051,2025-11-08 09:00,2025-11-08 11:48,过温保护,降低功率运行,2.8
ST0051-P02,ST0051,2026-04-02 01:00,2026-04-02 03:02,过温保护,检查风扇,2.0
ST0051-P03,ST0051,2025-08-27 16:00,2025-08-27 16:30,接触不良,紧固接线端子,0.5
ST0051-P03,ST0051,2025-11-20 20:00,2025-11-21 04:38,接触不良,紧固接线端子,8.6
ST0051-P03,ST0051,2026-01-15 09:00,2026-01-15 15:30,接触不良,清洁接头,6.5
ST0051-P03,ST0051,2026-02-07 00:00,2026-02-07 03:26,线缆问题,修补线缆外皮,3.4
ST0051-P03,ST0051,2026-02-23 10:00,2026-02-23 10:59,接触不良,紧固接线端子,1.0
ST0051-P03,ST0051,2026-03-24 11:00,2026-03-24 12:15,通讯故障,检查天线连接,1.3
ST0051-P04,ST0051,2025-08-19 21:00,2025-08-20 05:30,接触不良,紧固接线端子,8.5
ST0051-P04,ST0051,2025-10-18 12:00,2025-10-18 15:05,过温保护,检查风扇,3.1
ST0051-P04,ST0051,2026-05-17 16:00,2026-05-17 18:07,过温保护,清理散热片,2.1
ST0051-P04,ST0051,2026-07-05 22:00,2026-07-05 22:30,通讯故障,更换4G/5G模块,0.5
ST0051-P05,ST0051,2026-06-22 08:00,2026-06-22 09:07,通讯故障,重启通讯模块,1.1
ST0051-P06,ST0051,2025-09-17 19:00,2025-09-17 21:07,接触不良,清洁接头,2.1
ST0051-P06,ST0051,2025-12-20 12:00,2025-12-20 16:10,功率异常,校准功率表,4.2
ST0051-P07,ST0051,2025-10-08 06:00,2025-10-08 17:16,接触不良,清洁接头,11.3
ST0051-P07,ST0051,2026-05-19 06:00,2026-05-19 07:12,接触不良,清洁接头,1.2
ST0051-P08,ST0051,2025-10-23 01:00,2025-10-23 02:13,通讯故障,更换4G/5G模块,1.2
ST0051-P08,ST0051,2026-03-28 05:00,2026-03-28 07:51,过温保护,降低功率运行,2.9
ST0051-P08,ST0051,2026-03-29 08:00,2026-03-29 09:48,线缆问题,更换连接器,1.8
ST0051-P08,ST0051,2026-04-05 02:00,2026-04-05 02:31,硬件损坏,更换功率模块,0.5
ST0051-P08,ST0051,2026-04-10 03:00,2026-04-10 06:31,过温保护,清理散热片,3.5
ST0051-P08,ST0051,2026-06-12 23:00,2026-06-13 01:34,接触不良,清洁接头,2.6
ST0051-P08,ST0051,2026-07-09 14:00,2026-07-09 15:46,线缆问题,修补线缆外皮,1.8
ST0051-P09,ST0051,2025-10-19 21:00,2025-10-20 02:13,硬件损坏,返厂维修,5.2
ST0051-P09,ST0051,2025-12-21 19:00,2025-12-21 20:18,接触不良,更换充电枪头,1.3
ST0051-P09,ST0051,2026-05-29 16:00,2026-05-30 02:44,硬件损坏,返厂维修,10.7
ST0051-P09,ST0051,2026-07-07 10:00,2026-07-07 13:55,过温保护,降低功率运行,3.9
ST0051-P10,ST0051,2025-08-27 18:00,2025-08-27 22:25,过温保护,检查风扇,4.4
ST0051-P10,ST0051,2026-01-16 16:00,2026-01-17 00:58,接触不良,清洁接头,9.0
ST0051-P10,ST0051,2026-04-13 23:00,2026-04-14 02:01,接触不良,清洁接头,3.0
ST0051-P11,ST0051,2025-10-15 17:00,2025-10-16 01:26,硬件损坏,更换功率模块,8.4
ST0051-P11,ST0051,2025-11-21 07:00,2025-11-21 08:30,接触不良,清洁接头,1.5
ST0051-P12,ST0051,2026-01-17 09:00,2026-01-17 11:10,通讯故障,重启通讯模块,2.2
ST0051-P12,ST0051,2026-02-21 13:00,2026-02-21 13:30,功率异常,固件升级,0.5
ST0051-P12,ST0051,2026-04-16 11:00,2026-04-16 12:17,功率异常,更换传感器,1.3
ST0051-P13,ST0051,2025-08-30 13:00,2025-08-30 23:11,接触不良,清洁接头,10.2
ST0051-P13,ST0051,2025-11-29 15:00,2025-11-29 15:53,通讯故障,更换4G/5G模块,0.9
ST0051-P13,ST0051,2026-02-06 03:00,2026-02-06 07:56,通讯故障,更换4G/5G模块,4.9
ST0051-P13,ST0051,2026-02-19 18:00,2026-02-19 18:56,功率异常,校准功率表,0.9
ST0051-P13,ST0051,2026-03-10 04:00,2026-03-10 09:39,通讯故障,更换4G/5G模块,5.7
ST0051-P13,ST0051,2026-03-31 00:00,2026-03-31 05:15,功率异常,更换传感器,5.3
ST0051-P14,ST0051,2025-08-05 04:00,2025-08-05 05:02,通讯故障,检查天线连接,1.0
ST0051-P14,ST0051,2025-09-21 02:00,2025-09-21 06:15,接触不良,更换充电枪头,4.3
ST0051-P14,ST0051,2025-10-21 19:00,2025-10-22 01:17,过温保护,检查风扇,6.3
ST0051-P14,ST0051,2026-03-08 15:00,2026-03-08 16:16,接触不良,更换充电枪头,1.3
ST0051-P14,ST0051,2026-05-31 12:00,2026-05-31 19:17,硬件损坏,更换功率模块,7.3
ST0051-P15,ST0051,2025-08-27 00:00,2025-08-27 02:25,通讯故障,更换4G/5G模块,2.4
ST0051-P15,ST0051,2026-07-24 20:00,2026-07-24 20:56,功率异常,校准功率表,0.9
ST0051-P16,ST0051,2025-08-21 05:00,2025-08-21 06:48,线缆问题,修补线缆外皮,1.8
ST0051-P16,ST0051,2026-01-17 03:00,2026-01-17 08:39,过温保护,清理散热片,5.7
ST0051-P16,ST0051,2026-07-08 18:00,2026-07-08 21:21,接触不良,更换充电枪头,3.4
ST0051-P16,ST0051,2026-07-18 22:00,2026-07-19 08:14,接触不良,清洁接头,10.2
ST0051-P17,ST0051,2025-08-21 19:00,2025-08-22 02:18,线缆问题,更换充电线缆,7.3
ST0051-P17,ST0051,2025-11-07 05:00,2025-11-07 07:22,接触不良,清洁接头,2.4
ST0051-P18,ST0051,2025-09-06 19:00,2025-09-06 21:26,硬件损坏,更换控制板,2.4
ST0051-P18,ST0051,2025-09-19 15:00,2025-09-19 21:27,硬件损坏,返厂维修,6.5
ST0051-P18,ST0051,2025-10-10 02:00,2025-10-10 10:58,过温保护,检查风扇,9.0
ST0051-P18,ST0051,2026-06-07 08:00,2026-06-07 10:45,接触不良,更换充电枪头,2.8
ST0051-P18,ST0051,2026-06-26 22:00,2026-06-27 05:22,接触不良,紧固接线端子,7.4
ST0051-P19,ST0051,2025-10-23 22:00,2025-10-24 00:58,接触不良,清洁接头,3.0
ST0051-P19,ST0051,2026-01-04 09:00,2026-01-04 10:44,过温保护,降低功率运行,1.7
ST0051-P19,ST0051,2026-03-20 11:00,2026-03-20 17:33,接触不良,紧固接线端子,6.6
ST0051-P19,ST0051,2026-07-28 12:00,2026-07-28 16:06,接触不良,清洁接头,4.1
ST0051-P20,ST0051,2025-11-29 09:00,2025-11-29 15:19,硬件损坏,返厂维修,6.3
ST0052-P01,ST0052,2025-12-02 14:00,2025-12-02 21:43,接触不良,更换充电枪头,7.7
ST0052-P02,ST0052,2025-09-07 09:00,2025-09-07 09:30,接触不良,清洁接头,0.5
ST0052-P02,ST0052,2025-10-04 04:00,2025-10-04 06:23,接触不良,紧固接线端子,2.4
ST0052-P02,ST0052,2025-10-15 03:00,2025-10-15 07:53,通讯故障,更换4G/5G模块,4.9
ST0052-P02,ST0052,2026-07-19 10:00,2026-07-19 14:55,硬件损坏,返厂维修,4.9
ST0052-P03,ST0052,2026-04-04 13:00,2026-04-04 13:35,接触不良,清洁接头,0.6
ST0052-P04,ST0052,2026-06-26 21:00,2026-06-27 09:54,接触不良,紧固接线端子,12.9
ST0052-P05,ST0052,2025-08-26 01:00,2025-08-26 02:11,接触不良,清洁接头,1.2
ST0052-P05,ST0052,2025-11-07 11:00,2025-11-07 14:59,功率异常,校准功率表,4.0
ST0052-P05,ST0052,2026-02-03 05:00,2026-02-03 08:12,过温保护,检查风扇,3.2
ST0052-P05,ST0052,2026-03-31 20:00,2026-03-31 22:37,过温保护,清理散热片,2.6
ST0052-P06,ST0052,2026-02-20 22:00,2026-02-21 00:37,过温保护,检查风扇,2.6
ST0052-P06,ST0052,2026-03-19 04:00,2026-03-19 05:37,硬件损坏,更换控制板,1.6
ST0052-P06,ST0052,2026-07-29 13:00,2026-07-29 15:23,过温保护,降低功率运行,2.4
ST0052-P07,ST0052,2025-08-22 04:00,2025-08-22 05:50,过温保护,清理散热片,1.8
ST0052-P07,ST0052,2025-11-01 13:00,2025-11-01 13:36,通讯故障,重启通讯模块,0.6
ST0052-P07,ST0052,2025-12-07 13:00,2025-12-07 16:45,接触不良,更换充电枪头,3.8
ST0052-P07,ST0052,2025-12-21 06:00,2025-12-21 07:30,接触不良,紧固接线端子,1.5
ST0052-P07,ST0052,2026-04-07 10:00,2026-04-07 13:31,功率异常,校准功率表,3.5
ST0052-P07,ST0052,2026-04-20 19:00,2026-04-20 21:39,通讯故障,更换4G/5G模块,2.7
ST0052-P08,ST0052,2026-06-20 11:00,2026-06-20 15:35,通讯故障,检查天线连接,4.6
ST0052-P09,ST0052,2025-09-23 15:00,2025-09-23 23:37,接触不良,紧固接线端子,8.6
ST0052-P09,ST0052,2025-11-12 06:00,2025-11-12 13:56,通讯故障,重启通讯模块,7.9
ST0052-P09,ST0052,2026-01-18 21:00,2026-01-18 23:20,接触不良,紧固接线端子,2.3
ST0052-P10,ST0052,2025-08-21 14:00,2025-08-21 17:30,接触不良,紧固接线端子,3.5
ST0052-P10,ST0052,2026-04-28 18:00,2026-04-28 18:50,硬件损坏,返厂维修,0.8
ST0052-P10,ST0052,2026-05-30 17:00,2026-05-30 23:46,过温保护,检查风扇,6.8
ST0052-P10,ST0052,2026-06-10 06:00,2026-06-10 08:19,通讯故障,更换4G/5G模块,2.3
ST0052-P11,ST0052,2025-08-10 13:00,2025-08-10 16:42,通讯故障,检查天线连接,3.7
ST0052-P11,ST0052,2025-08-23 09:00,2025-08-23 15:27,过温保护,检查风扇,6.5
ST0052-P12,ST0052,2025-11-23 14:00,2025-11-23 18:21,过温保护,检查风扇,4.4
ST0052-P12,ST0052,2025-11-27 10:00,2025-11-28 00:33,通讯故障,检查天线连接,14.6
ST0052-P12,ST0052,2026-01-01 20:00,2026-01-01 22:05,硬件损坏,更换功率模块,2.1
ST0052-P12,ST0052,2026-03-26 19:00,2026-03-26 20:27,通讯故障,检查天线连接,1.5
ST0052-P13,ST0052,2025-11-22 14:00,2025-11-22 17:57,过温保护,清理散热片,4.0
ST0052-P13,ST0052,2026-02-19 08:00,2026-02-19 11:01,硬件损坏,更换功率模块,3.0
ST0052-P13,ST0052,2026-04-29 07:00,2026-04-29 08:22,通讯故障,重启通讯模块,1.4
ST0052-P14,ST0052,2025-09-08 08:00,2025-09-08 08:30,过温保护,降低功率运行,0.5
ST0052-P14,ST0052,2026-05-07 13:00,2026-05-07 13:32,过温保护,清理散热片,0.5
ST0052-P15,ST0052,2025-09-29 07:00,2025-09-29 20:16,通讯故障,更换4G/5G模块,13.3
ST0052-P15,ST0052,2025-10-30 17:00,2025-10-30 18:21,接触不良,紧固接线端子,1.4
ST0052-P15,ST0052,2025-11-11 00:00,2025-11-11 00:30,通讯故障,检查天线连接,0.5
ST0052-P15,ST0052,2026-03-08 02:00,2026-03-08 06:51,接触不良,清洁接头,4.9
ST0052-P15,ST0052,2026-05-15 23:00,2026-05-16 02:05,通讯故障,更换4G/5G模块,3.1
ST0052-P15,ST0052,2026-05-25 06:00,2026-05-25 06:30,过温保护,降低功率运行,0.5
ST0052-P15,ST0052,2026-07-05 17:00,2026-07-05 19:01,线缆问题,修补线缆外皮,2.0
ST0052-P16,ST0052,2025-10-06 23:00,2025-10-07 00:26,通讯故障,检查天线连接,1.4
ST0052-P16,ST0052,2025-12-11 05:00,2025-12-11 15:09,功率异常,固件升级,10.2
ST0052-P16,ST0052,2025-12-28 21:00,2025-12-28 22:32,接触不良,清洁接头,1.5
ST0052-P17,ST0052,2025-10-23 11:00,2025-10-23 22:27,过温保护,清理散热片,11.5
ST0052-P17,ST0052,2025-12-26 09:00,2025-12-26 15:20,功率异常,固件升级,6.3
ST0052-P17,ST0052,2026-07-21 17:00,2026-07-21 17:47,接触不良,紧固接线端子,0.8
ST0052-P18,ST0052,2025-10-02 15:00,2025-10-02 15:30,接触不良,紧固接线端子,0.5
ST0052-P18,ST0052,2025-10-31 03:00,2025-10-31 05:37,线缆问题,修补线缆外皮,2.6
ST0052-P18,ST0052,2025-12-01 02:00,2025-12-01 04:10,接触不良,清洁接头,2.2
ST0052-P18,ST0052,2026-01-20 03:00,2026-01-20 04:53,硬件损坏,返厂维修,1.9
ST0052-P18,ST0052,2026-05-01 14:00,2026-05-01 15:48,硬件损坏,返厂维修,1.8
ST0052-P19,ST0052,2025-08-10 19:00,2025-08-10 23:03,通讯故障,重启通讯模块,4.1
ST0052-P19,ST0052,2025-09-02 05:00,2025-09-02 06:21,过温保护,清理散热片,1.4
ST0052-P19,ST0052,2025-11-05 17:00,2025-11-05 18:25,通讯故障,更换4G/5G模块,1.4
ST0052-P19,ST0052,2026-01-23 05:00,2026-01-23 06:04,接触不良,紧固接线端子,1.1
ST0052-P19,ST0052,2026-07-20 17:00,2026-07-20 22:14,接触不良,更换充电枪头,5.2
ST0052-P20,ST0052,2026-06-20 11:00,2026-06-20 11:30,过温保护,清理散热片,0.5
ST0053-P01,ST0053,2026-02-16 13:00,2026-02-17 10:53,接触不良,更换充电枪头,21.9
ST0053-P02,ST0053,2025-11-06 19:00,2025-11-06 21:56,通讯故障,检查天线连接,2.9
ST0053-P02,ST0053,2026-02-23 06:00,2026-02-23 17:00,硬件损坏,更换功率模块,11.0
ST0053-P03,ST0053,2025-11-10 01:00,2025-11-10 02:22,线缆问题,更换充电线缆,1.4
ST0053-P03,ST0053,2025-11-25 21:00,2025-11-25 22:53,过温保护,检查风扇,1.9
ST0053-P03,ST0053,2026-01-12 20:00,2026-01-13 00:31,通讯故障,更换4G/5G模块,4.5
ST0053-P03,ST0053,2026-05-13 14:00,2026-05-13 15:31,过温保护,检查风扇,1.5
ST0053-P04,ST0053,2026-01-29 00:00,2026-01-29 02:05,过温保护,降低功率运行,2.1
ST0053-P04,ST0053,2026-02-07 20:00,2026-02-08 07:03,接触不良,清洁接头,11.1
ST0053-P05,ST0053,2025-09-19 19:00,2025-09-19 20:27,硬件损坏,返厂维修,1.5
ST0053-P05,ST0053,2026-03-26 02:00,2026-03-26 02:30,过温保护,清理散热片,0.5
ST0053-P05,ST0053,2026-05-15 03:00,2026-05-15 03:41,线缆问题,更换连接器,0.7
ST0053-P06,ST0053,2025-10-01 19:00,2025-10-01 20:54,过温保护,清理散热片,1.9
ST0053-P06,ST0053,2026-05-10 23:00,2026-05-11 02:15,接触不良,清洁接头,3.3
ST0053-P07,ST0053,2025-08-20 03:00,2025-08-20 11:12,通讯故障,重启通讯模块,8.2
ST0053-P07,ST0053,2026-01-01 21:00,2026-01-01 21:51,接触不良,更换充电枪头,0.9
ST0053-P07,ST0053,2026-05-02 13:00,2026-05-02 18:17,通讯故障,更换4G/5G模块,5.3
ST0053-P08,ST0053,2025-09-08 15:00,2025-09-08 18:33,线缆问题,修补线缆外皮,3.6
ST0053-P08,ST0053,2025-09-08 16:00,2025-09-08 16:32,硬件损坏,更换控制板,0.5
ST0053-P08,ST0053,2025-12-22 10:00,2025-12-22 11:46,通讯故障,更换4G/5G模块,1.8
ST0053-P09,ST0053,2025-09-28 03:00,2025-09-28 09:17,接触不良,清洁接头,6.3
ST0053-P09,ST0053,2025-10-10 16:00,2025-10-10 19:10,过温保护,降低功率运行,3.2
ST0053-P09,ST0053,2025-11-03 22:00,2025-11-03 22:30,通讯故障,重启通讯模块,0.5
ST0053-P09,ST0053,2026-06-03 03:00,2026-06-03 07:51,接触不良,清洁接头,4.9
ST0053-P10,ST0053,2025-08-26 08:00,2025-08-26 09:37,接触不良,清洁接头,1.6
ST0053-P10,ST0053,2026-05-09 17:00,2026-05-09 21:25,接触不良,更换充电枪头,4.4
ST0053-P10,ST0053,2026-05-26 02:00,2026-05-26 04:07,通讯故障,重启通讯模块,2.1
ST0053-P10,ST0053,2026-07-31 17:00,2026-07-31 17:58,过温保护,降低功率运行,1.0
ST0053-P11,ST0053,2025-08-27 04:00,2025-08-27 05:09,通讯故障,重启通讯模块,1.2
ST0053-P11,ST0053,2025-09-18 18:00,2025-09-19 09:51,接触不良,更换充电枪头,15.9
ST0053-P11,ST0053,2026-01-18 08:00,2026-01-18 15:51,功率异常,固件升级,7.9
ST0053-P11,ST0053,2026-02-23 01:00,2026-02-23 04:53,硬件损坏,更换控制板,3.9
ST0053-P11,ST0053,2026-03-04 02:00,2026-03-04 04:07,过温保护,降低功率运行,2.1
ST0053-P12,ST0053,2025-09-24 08:00,2025-09-24 08:30,过温保护,清理散热片,0.5
ST0053-P12,ST0053,2026-02-01 12:00,2026-02-01 17:40,接触不良,紧固接线端子,5.7
ST0053-P12,ST0053,2026-05-30 17:00,2026-05-30 23:47,过温保护,清理散热片,6.8
ST0053-P13,ST0053,2025-10-26 05:00,2025-10-26 09:16,接触不良,紧固接线端子,4.3
ST0053-P14,ST0053,2026-02-25 00:00,2026-02-25 05:25,硬件损坏,返厂维修,5.4
ST0053-P14,ST0053,2026-03-29 06:00,2026-03-29 06:30,功率异常,固件升级,0.5
ST0053-P14,ST0053,2026-07-16 16:00,2026-07-16 18:56,接触不良,更换充电枪头,2.9
ST0053-P14,ST0053,2026-07-29 04:00,2026-07-29 07:33,通讯故障,重启通讯模块,3.6
ST0053-P15,ST0053,2025-11-05 15:00,2025-11-05 16:38,过温保护,降低功率运行,1.6
ST0053-P15,ST0053,2025-11-17 19:00,2025-11-18 03:16,通讯故障,检查天线连接,8.3
ST0053-P15,ST0053,2025-11-30 01:00,2025-11-30 15:55,接触不良,清洁接头,14.9
ST0053-P16,ST0053,2025-12-26 08:00,2025-12-26 10:51,硬件损坏,更换功率模块,2.9
ST0053-P16,ST0053,2026-03-04 08:00,2026-03-04 12:43,接触不良,紧固接线端子,4.7
ST0053-P16,ST0053,2026-05-30 13:00,2026-05-30 13:30,过温保护,降低功率运行,0.5
ST0053-P16,ST0053,2026-06-12 03:00,2026-06-12 16:57,接触不良,紧固接线端子,14.0
ST0053-P17,ST0053,2025-08-01 03:00,2025-08-01 08:54,通讯故障,更换4G/5G模块,5.9
ST0053-P18,ST0053,2025-12-06 04:00,2025-12-06 05:11,通讯故障,检查天线连接,1.2
ST0053-P18,ST0053,2026-05-23 05:00,2026-05-23 12:03,过温保护,降低功率运行,7.1
ST0053-P18,ST0053,2026-05-25 03:00,2026-05-25 09:12,通讯故障,检查天线连接,6.2
ST0053-P19,ST0053,2025-08-24 23:00,2025-08-24 23:53,接触不良,更换充电枪头,0.9
ST0053-P19,ST0053,2026-07-17 12:00,2026-07-17 12:47,线缆问题,更换充电线缆,0.8
ST0053-P20,ST0053,2025-09-24 10:00,2025-09-24 12:00,接触不良,更换充电枪头,2.0
ST0053-P20,ST0053,2025-11-16 22:00,2025-11-16 22:30,线缆问题,更换充电线缆,0.5
ST0053-P20,ST0053,2026-03-17 04:00,2026-03-17 05:25,接触不良,更换充电枪头,1.4
ST0053-P20,ST0053,2026-07-23 00:00,2026-07-23 03:42,接触不良,清洁接头,3.7
ST0054-P01,ST0054,2025-11-05 21:00,2025-11-05 21:32,过温保护,降低功率运行,0.5
ST0054-P01,ST0054,2025-11-12 20:00,2025-11-12 20:30,硬件损坏,更换功率模块,0.5
ST0054-P01,ST0054,2025-11-14 12:00,2025-11-14 18:58,接触不良,清洁接头,7.0
ST0054-P01,ST0054,2025-12-19 14:00,2025-12-19 16:19,通讯故障,检查天线连接,2.3
ST0054-P01,ST0054,2026-07-04 16:00,2026-07-04 16:55,通讯故障,检查天线连接,0.9
ST0054-P02,ST0054,2025-08-31 23:00,2025-09-01 10:19,接触不良,清洁接头,11.3
ST0054-P02,ST0054,2025-10-12 09:00,2025-10-12 15:08,接触不良,清洁接头,6.1
ST0054-P02,ST0054,2025-10-30 13:00,2025-10-30 19:53,接触不良,更换充电枪头,6.9
ST0054-P02,ST0054,2026-01-03 20:00,2026-01-03 22:31,硬件损坏,更换功率模块,2.5
ST0054-P02,ST0054,2026-02-28 03:00,2026-02-28 05:29,接触不良,清洁接头,2.5
ST0054-P02,ST0054,2026-03-31 16:00,2026-03-31 19:14,过温保护,清理散热片,3.2
ST0054-P02,ST0054,2026-04-26 09:00,2026-04-26 11:39,过温保护,清理散热片,2.7
ST0054-P02,ST0054,2026-05-28 14:00,2026-05-28 14:47,接触不良,清洁接头,0.8
ST0054-P03,ST0054,2025-10-22 15:00,2025-10-22 19:09,通讯故障,重启通讯模块,4.2
ST0054-P03,ST0054,2026-03-13 04:00,2026-03-13 11:05,接触不良,更换充电枪头,7.1
ST0054-P03,ST0054,2026-04-02 12:00,2026-04-02 14:31,过温保护,检查风扇,2.5
ST0054-P04,ST0054,2026-02-13 07:00,2026-02-13 07:52,通讯故障,检查天线连接,0.9
ST0054-P04,ST0054,2026-04-18 20:00,2026-04-18 21:31,通讯故障,重启通讯模块,1.5
ST0054-P05,ST0054,2025-09-20 08:00,2025-09-20 14:42,通讯故障,检查天线连接,6.7
ST0054-P05,ST0054,2026-04-25 08:00,2026-04-25 08:41,接触不良,紧固接线端子,0.7
ST0054-P06,ST0054,2026-02-23 00:00,2026-02-23 02:54,过温保护,清理散热片,2.9
ST0054-P06,ST0054,2026-05-18 03:00,2026-05-18 08:46,接触不良,更换充电枪头,5.8
ST0054-P07,ST0054,2026-05-22 16:00,2026-05-22 18:17,接触不良,更换充电枪头,2.3
ST0054-P07,ST0054,2026-06-18 15:00,2026-06-18 17:01,接触不良,紧固接线端子,2.0
ST0054-P07,ST0054,2026-07-09 17:00,2026-07-09 17:40,硬件损坏,返厂维修,0.7
ST0054-P08,ST0054,2026-04-04 06:00,2026-04-04 08:12,接触不良,更换充电枪头,2.2
ST0054-P08,ST0054,2026-05-18 10:00,2026-05-18 13:25,线缆问题,更换充电线缆,3.4
ST0054-P08,ST0054,2026-07-20 17:00,2026-07-20 18:01,接触不良,清洁接头,1.0
ST0054-P09,ST0054,2025-12-18 18:00,2025-12-18 20:42,接触不良,更换充电枪头,2.7
ST0054-P09,ST0054,2026-01-30 03:00,2026-01-30 06:36,接触不良,清洁接头,3.6
ST0054-P09,ST0054,2026-06-05 18:00,2026-06-05 19:37,通讯故障,检查天线连接,1.6
ST0054-P09,ST0054,2026-06-18 12:00,2026-06-19 02:50,接触不良,紧固接线端子,14.8
ST0054-P10,ST0054,2025-12-04 10:00,2025-12-04 22:47,过温保护,清理散热片,12.8
ST0054-P10,ST0054,2026-01-20 11:00,2026-01-20 16:01,接触不良,清洁接头,5.0
ST0054-P11,ST0054,2025-08-06 18:00,2025-08-07 09:46,硬件损坏,更换控制板,15.8
ST0054-P11,ST0054,2025-08-23 06:00,2025-08-23 08:25,通讯故障,更换4G/5G模块,2.4
ST0054-P11,ST0054,2025-09-07 03:00,2025-09-07 03:30,过温保护,降低功率运行,0.5
ST0054-P11,ST0054,2025-09-19 01:00,2025-09-19 03:22,接触不良,清洁接头,2.4
ST0054-P11,ST0054,2025-10-01 08:00,2025-10-01 09:43,接触不良,紧固接线端子,1.7
ST0054-P11,ST0054,2025-10-09 07:00,2025-10-09 09:51,过温保护,降低功率运行,2.9
ST0054-P11,ST0054,2025-11-18 06:00,2025-11-18 07:54,通讯故障,更换4G/5G模块,1.9
ST0054-P11,ST0054,2026-02-28 17:00,2026-02-28 17:56,过温保护,降低功率运行,0.9
ST0054-P11,ST0054,2026-05-08 14:00,2026-05-08 15:06,过温保护,降低功率运行,1.1
ST0054-P12,ST0054,2025-11-16 02:00,2025-11-16 07:58,过温保护,检查风扇,6.0
ST0054-P12,ST0054,2025-11-30 19:00,2025-11-30 22:22,过温保护,清理散热片,3.4
ST0054-P13,ST0054,2026-04-01 22:00,2026-04-01 22:30,接触不良,清洁接头,0.5
ST0054-P13,ST0054,2026-05-05 05:00,2026-05-05 05:33,过温保护,降低功率运行,0.6
ST0054-P13,ST0054,2026-06-19 07:00,2026-06-19 08:02,接触不良,更换充电枪头,1.0
ST0054-P14,ST0054,2026-01-17 03:00,2026-01-17 03:53,通讯故障,重启通讯模块,0.9
ST0054-P14,ST0054,2026-04-08 06:00,2026-04-08 06:33,通讯故障,更换4G/5G模块,0.6
ST0054-P14,ST0054,2026-04-15 18:00,2026-04-15 21:32,功率异常,校准功率表,3.5
ST0054-P15,ST0054,2025-08-14 23:00,2025-08-15 03:05,过温保护,清理散热片,4.1
ST0054-P15,ST0054,2026-01-26 11:00,2026-01-26 13:23,功率异常,更换传感器,2.4
ST0054-P15,ST0054,2026-05-12 22:00,2026-05-12 22:30,接触不良,更换充电枪头,0.5
ST0054-P16,ST0054,2025-10-28 05:00,2025-10-28 07:09,过温保护,清理散热片,2.2
ST0054-P16,ST0054,2026-07-08 08:00,2026-07-08 12:14,线缆问题,更换充电线缆,4.2
ST0054-P17,ST0054,2025-08-17 03:00,2025-08-17 07:44,接触不良,紧固接线端子,4.7
ST0054-P17,ST0054,2025-09-01 21:00,2025-09-02 01:28,通讯故障,更换4G/5G模块,4.5
ST0054-P17,ST0054,2025-10-07 09:00,2025-10-07 15:09,通讯故障,更换4G/5G模块,6.2
ST0054-P17,ST0054,2025-11-24 19:00,2025-11-24 19:30,接触不良,更换充电枪头,0.5
ST0054-P18,ST0054,2025-08-04 05:00,2025-08-04 14:16,硬件损坏,更换控制板,9.3
ST0054-P18,ST0054,2025-10-18 22:00,2025-10-18 23:36,接触不良,更换充电枪头,1.6
ST0054-P18,ST0054,2025-10-21 15:00,2025-10-22 04:06,通讯故障,更换4G/5G模块,13.1
ST0054-P18,ST0054,2026-01-01 21:00,2026-01-02 09:34,功率异常,更换传感器,12.6
ST0054-P19,ST0054,2025-09-07 04:00,2025-09-07 05:23,接触不良,清洁接头,1.4
ST0054-P19,ST0054,2025-09-13 05:00,2025-09-13 07:56,接触不良,更换充电枪头,2.9
ST0054-P19,ST0054,2025-09-25 13:00,2025-09-25 13:30,硬件损坏,更换功率模块,0.5
ST0054-P19,ST0054,2026-07-25 05:00,2026-07-25 05:59,过温保护,检查风扇,1.0
ST0054-P20,ST0054,2026-05-27 10:00,2026-05-27 14:52,通讯故障,更换4G/5G模块,4.9
ST0054-P20,ST0054,2026-07-13 16:00,2026-07-14 00:15,通讯故障,检查天线连接,8.3
ST0055-P01,ST0055,2025-11-18 23:00,2025-11-19 04:06,过温保护,清理散热片,5.1
ST0055-P01,ST0055,2026-01-09 08:00,2026-01-09 18:45,过温保护,降低功率运行,10.8
ST0055-P01,ST0055,2026-03-18 13:00,2026-03-18 14:08,接触不良,更换充电枪头,1.1
ST0055-P01,ST0055,2026-06-09 14:00,2026-06-10 00:30,线缆问题,修补线缆外皮,10.5
ST0055-P02,ST0055,2025-08-28 07:00,2025-08-28 07:34,通讯故障,检查天线连接,0.6
ST0055-P02,ST0055,2025-09-29 22:00,2025-09-30 04:38,接触不良,更换充电枪头,6.6
ST0055-P02,ST0055,2026-03-27 02:00,2026-03-27 02:47,接触不良,紧固接线端子,0.8
ST0055-P03,ST0055,2025-09-07 07:00,2025-09-07 21:20,功率异常,固件升级,14.3
ST0055-P03,ST0055,2025-10-04 07:00,2025-10-04 08:28,接触不良,更换充电枪头,1.5
ST0055-P03,ST0055,2025-10-09 01:00,2025-10-09 02:31,通讯故障,检查天线连接,1.5
ST0055-P03,ST0055,2025-11-01 17:00,2025-11-01 19:12,功率异常,校准功率表,2.2
ST0055-P03,ST0055,2026-04-18 19:00,2026-04-18 20:19,过温保护,降低功率运行,1.3
ST0055-P03,ST0055,2026-05-10 02:00,2026-05-10 02:39,过温保护,检查风扇,0.7
ST0055-P04,ST0055,2025-09-17 08:00,2025-09-17 11:37,过温保护,检查风扇,3.6
ST0055-P05,ST0055,2025-11-14 04:00,2025-11-14 08:39,接触不良,更换充电枪头,4.7
ST0055-P05,ST0055,2026-03-15 02:00,2026-03-15 14:29,过温保护,检查风扇,12.5
ST0055-P05,ST0055,2026-04-23 04:00,2026-04-23 05:09,接触不良,紧固接线端子,1.2
ST0055-P05,ST0055,2026-07-24 20:00,2026-07-24 21:32,接触不良,更换充电枪头,1.5
ST0055-P06,ST0055,2025-08-16 02:00,2025-08-16 04:20,接触不良,清洁接头,2.3
ST0055-P06,ST0055,2025-08-17 00:00,2025-08-17 03:05,过温保护,清理散热片,3.1
ST0055-P06,ST0055,2025-10-24 23:00,2025-10-25 05:04,接触不良,紧固接线端子,6.1
ST0055-P06,ST0055,2025-12-20 10:00,2025-12-20 12:13,通讯故障,重启通讯模块,2.2
ST0055-P06,ST0055,2026-07-07 22:00,2026-07-07 22:30,通讯故障,重启通讯模块,0.5
ST0055-P07,ST0055,2025-09-20 14:00,2025-09-20 17:15,过温保护,降低功率运行,3.3
ST0055-P07,ST0055,2026-06-19 23:00,2026-06-20 02:07,接触不良,紧固接线端子,3.1
ST0055-P07,ST0055,2026-06-28 11:00,2026-06-28 17:11,接触不良,更换充电枪头,6.2
ST0055-P08,ST0055,2025-12-28 08:00,2025-12-28 12:29,过温保护,清理散热片,4.5
ST0055-P08,ST0055,2026-02-11 21:00,2026-02-12 05:25,接触不良,更换充电枪头,8.4
ST0055-P08,ST0055,2026-04-16 20:00,2026-04-16 23:31,接触不良,清洁接头,3.5
ST0055-P09,ST0055,2025-08-22 10:00,2025-08-22 10:30,通讯故障,更换4G/5G模块,0.5
ST0055-P09,ST0055,2025-08-23 19:00,2025-08-23 21:04,过温保护,清理散热片,2.1
ST0055-P09,ST0055,2025-09-09 04:00,2025-09-09 04:30,接触不良,更换充电枪头,0.5
ST0055-P09,ST0055,2025-12-26 16:00,2025-12-27 01:50,硬件损坏,返厂维修,9.8
ST0055-P09,ST0055,2026-03-11 14:00,2026-03-11 16:07,过温保护,清理散热片,2.1
ST0055-P09,ST0055,2026-03-29 01:00,2026-03-29 05:10,过温保护,降低功率运行,4.2
ST0055-P10,ST0055,2025-12-04 12:00,2025-12-04 17:54,接触不良,清洁接头,5.9
ST0055-P10,ST0055,2026-06-22 10:00,2026-06-22 17:02,接触不良,更换充电枪头,7.0
ST0055-P11,ST0055,2025-08-26 11:00,2025-08-26 12:16,过温保护,检查风扇,1.3
ST0055-P11,ST0055,2025-10-27 18:00,2025-10-27 19:59,过温保护,检查风扇,2.0
ST0055-P11,ST0055,2025-11-29 13:00,2025-11-29 23:03,过温保护,清理散热片,10.1
ST0055-P11,ST0055,2025-12-16 16:00,2025-12-17 01:12,过温保护,清理散热片,9.2
ST0055-P11,ST0055,2026-01-12 11:00,2026-01-12 13:22,过温保护,降低功率运行,2.4
ST0055-P12,ST0055,2025-08-21 20:00,2025-08-22 03:53,通讯故障,更换4G/5G模块,7.9
ST0055-P12,ST0055,2025-08-28 13:00,2025-08-28 13:30,过温保护,清理散热片,0.5
ST0055-P13,ST0055,2025-08-09 19:00,2025-08-10 00:51,通讯故障,检查天线连接,5.9
ST0055-P13,ST0055,2026-03-24 19:00,2026-03-24 20:15,接触不良,清洁接头,1.3
ST0055-P13,ST0055,2026-04-27 05:00,2026-04-27 13:39,通讯故障,重启通讯模块,8.7
ST0055-P14,ST0055,2025-12-11 20:00,2025-12-11 22:03,接触不良,更换充电枪头,2.1
ST0055-P14,ST0055,2025-12-12 20:00,2025-12-12 20:30,接触不良,紧固接线端子,0.5
ST0055-P14,ST0055,2026-04-28 03:00,2026-04-28 07:26,接触不良,紧固接线端子,4.4
ST0055-P14,ST0055,2026-04-28 23:00,2026-04-29 06:31,接触不良,更换充电枪头,7.5
ST0055-P14,ST0055,2026-05-08 15:00,2026-05-09 00:30,过温保护,检查风扇,9.5
ST0055-P15,ST0055,2025-12-16 07:00,2025-12-16 12:00,接触不良,更换充电枪头,5.0
ST0055-P15,ST0055,2026-06-28 02:00,2026-06-28 04:10,硬件损坏,更换控制板,2.2
ST0055-P15,ST0055,2026-07-11 02:00,2026-07-11 09:53,接触不良,更换充电枪头,7.9
ST0055-P15,ST0055,2026-07-14 09:00,2026-07-14 11:24,接触不良,紧固接线端子,2.4
ST0055-P15,ST0055,2026-07-23 12:00,2026-07-23 12:40,通讯故障,检查天线连接,0.7
ST0055-P16,ST0055,2025-09-23 09:00,2025-09-23 21:00,过温保护,检查风扇,12.0
ST0055-P16,ST0055,2025-10-21 00:00,2025-10-21 09:40,接触不良,更换充电枪头,9.7
ST0055-P16,ST0055,2026-02-05 23:00,2026-02-05 23:30,通讯故障,检查天线连接,0.5
ST0055-P16,ST0055,2026-03-03 22:00,2026-03-04 17:56,过温保护,清理散热片,19.9
ST0055-P16,ST0055,2026-04-28 13:00,2026-04-28 14:03,通讯故障,重启通讯模块,1.1
ST0055-P17,ST0055,2026-02-16 05:00,2026-02-17 03:05,硬件损坏,更换控制板,22.1
ST0055-P17,ST0055,2026-02-16 09:00,2026-02-16 09:42,接触不良,紧固接线端子,0.7
ST0055-P18,ST0055,2025-08-22 05:00,2025-08-22 08:42,功率异常,更换传感器,3.7
ST0055-P18,ST0055,2025-11-26 23:00,2025-11-27 00:17,过温保护,降低功率运行,1.3
ST0055-P18,ST0055,2026-02-05 10:00,2026-02-05 17:55,接触不良,紧固接线端子,7.9
ST0055-P19,ST0055,2025-08-12 21:00,2025-08-12 21:30,通讯故障,重启通讯模块,0.5
ST0055-P19,ST0055,2026-02-27 08:00,2026-02-27 09:21,线缆问题,修补线缆外皮,1.4
ST0055-P19,ST0055,2026-03-29 12:00,2026-03-29 14:06,接触不良,清洁接头,2.1
ST0055-P20,ST0055,2025-10-08 14:00,2025-10-08 16:19,功率异常,固件升级,2.3
ST0055-P20,ST0055,2025-12-02 17:00,2025-12-02 18:13,过温保护,降低功率运行,1.2
ST0055-P20,ST0055,2025-12-20 10:00,2025-12-20 12:23,过温保护,降低功率运行,2.4
ST0055-P20,ST0055,2025-12-27 21:00,2025-12-27 21:57,接触不良,紧固接线端子,1.0
ST0055-P20,ST0055,2026-04-14 16:00,2026-04-14 19:04,线缆问题,更换充电线缆,3.1
ST0055-P20,ST0055,2026-07-19 10:00,2026-07-19 15:04,接触不良,更换充电枪头,5.1
ST0055-P20,ST0055,2026-07-23 01:00,2026-07-23 01:30,接触不良,紧固接线端子,0.5
ST0056-P01,ST0056,2025-11-15 11:00,2025-11-15 12:51,硬件损坏,更换功率模块,1.9
ST0056-P01,ST0056,2025-12-01 06:00,2025-12-01 09:30,接触不良,更换充电枪头,3.5
ST0056-P02,ST0056,2025-09-16 03:00,2025-09-16 05:07,接触不良,紧固接线端子,2.1
ST0056-P02,ST0056,2025-11-22 04:00,2025-11-22 06:16,接触不良,更换充电枪头,2.3
ST0056-P02,ST0056,2026-07-29 03:00,2026-07-29 11:29,硬件损坏,更换控制板,8.5
ST0056-P03,ST0056,2026-04-27 14:00,2026-04-27 17:13,过温保护,降低功率运行,3.2
ST0056-P04,ST0056,2025-09-16 20:00,2025-09-17 07:45,接触不良,紧固接线端子,11.8
ST0056-P04,ST0056,2025-11-10 07:00,2025-11-10 13:39,硬件损坏,返厂维修,6.7
ST0056-P04,ST0056,2025-11-10 15:00,2025-11-10 15:35,接触不良,更换充电枪头,0.6
ST0056-P05,ST0056,2025-08-18 23:00,2025-08-18 23:37,通讯故障,重启通讯模块,0.6
ST0056-P05,ST0056,2025-11-24 01:00,2025-11-24 02:34,接触不良,清洁接头,1.6
ST0056-P06,ST0056,2026-02-16 03:00,2026-02-16 03:46,功率异常,更换传感器,0.8
ST0056-P06,ST0056,2026-04-14 13:00,2026-04-14 16:43,通讯故障,检查天线连接,3.7
ST0056-P06,ST0056,2026-04-16 15:00,2026-04-16 21:36,线缆问题,修补线缆外皮,6.6
ST0056-P07,ST0056,2025-08-16 18:00,2025-08-16 18:49,过温保护,清理散热片,0.8
ST0056-P07,ST0056,2025-11-03 06:00,2025-11-03 07:00,通讯故障,重启通讯模块,1.0
ST0056-P07,ST0056,2026-01-19 13:00,2026-01-19 15:14,接触不良,更换充电枪头,2.2
ST0056-P08,ST0056,2026-04-26 00:00,2026-04-26 02:55,过温保护,清理散热片,2.9
ST0056-P08,ST0056,2026-07-19 12:00,2026-07-19 15:43,硬件损坏,更换控制板,3.7
ST0056-P09,ST0056,2025-10-03 16:00,2025-10-03 21:08,接触不良,紧固接线端子,5.1
ST0056-P09,ST0056,2025-10-08 01:00,2025-10-08 03:47,接触不良,更换充电枪头,2.8
ST0056-P09,ST0056,2026-01-07 19:00,2026-01-07 19:30,线缆问题,更换充电线缆,0.5
ST0056-P09,ST0056,2026-02-05 19:00,2026-02-06 00:27,接触不良,清洁接头,5.5
ST0056-P09,ST0056,2026-03-01 00:00,2026-03-01 01:13,过温保护,降低功率运行,1.2
ST0056-P09,ST0056,2026-05-22 09:00,2026-05-22 15:33,通讯故障,重启通讯模块,6.6
ST0056-P09,ST0056,2026-07-15 06:00,2026-07-15 08:48,通讯故障,更换4G/5G模块,2.8
ST0056-P10,ST0056,2025-09-07 07:00,2025-09-07 12:36,过温保护,检查风扇,5.6
ST0056-P10,ST0056,2025-10-20 06:00,2025-10-20 08:44,接触不良,紧固接线端子,2.7
ST0056-P10,ST0056,2025-12-19 10:00,2025-12-19 10:59,硬件损坏,更换控制板,1.0
ST0056-P10,ST0056,2026-02-25 06:00,2026-02-25 14:35,过温保护,清理散热片,8.6
ST0056-P10,ST0056,2026-03-03 02:00,2026-03-03 03:58,过温保护,清理散热片,2.0
ST0056-P10,ST0056,2026-06-05 16:00,2026-06-05 17:30,过温保护,清理散热片,1.5
ST0056-P11,ST0056,2025-10-06 16:00,2025-10-06 17:20,接触不良,紧固接线端子,1.3
ST0056-P11,ST0056,2026-01-20 07:00,2026-01-20 08:09,通讯故障,更换4G/5G模块,1.2
ST0056-P11,ST0056,2026-02-04 20:00,2026-02-05 01:26,通讯故障,重启通讯模块,5.4
ST0056-P11,ST0056,2026-02-25 23:00,2026-02-25 23:46,接触不良,更换充电枪头,0.8
ST0056-P12,ST0056,2025-09-29 23:00,2025-09-30 02:34,过温保护,清理散热片,3.6
ST0056-P12,ST0056,2025-11-07 01:00,2025-11-07 03:10,通讯故障,检查天线连接,2.2
ST0056-P12,ST0056,2026-03-07 00:00,2026-03-07 03:39,线缆问题,更换充电线缆,3.7
ST0056-P12,ST0056,2026-04-23 22:00,2026-04-23 22:30,功率异常,校准功率表,0.5
ST0056-P13,ST0056,2026-02-01 12:00,2026-02-01 14:54,硬件损坏,更换控制板,2.9
ST0056-P14,ST0056,2025-08-14 12:00,2025-08-14 12:31,硬件损坏,更换功率模块,0.5
ST0056-P14,ST0056,2026-07-17 14:00,2026-07-17 14:30,接触不良,更换充电枪头,0.5
ST0056-P15,ST0056,2025-09-21 05:00,2025-09-21 05:45,接触不良,更换充电枪头,0.8
ST0056-P15,ST0056,2025-12-09 10:00,2025-12-09 22:39,通讯故障,更换4G/5G模块,12.7
ST0056-P16,ST0056,2026-03-06 17:00,2026-03-06 21:27,过温保护,降低功率运行,4.5
ST0056-P16,ST0056,2026-03-12 18:00,2026-03-12 20:42,接触不良,更换充电枪头,2.7
ST0056-P16,ST0056,2026-04-06 20:00,2026-04-06 20:30,过温保护,检查风扇,0.5
ST0056-P17,ST0056,2025-08-21 03:00,2025-08-21 05:02,功率异常,校准功率表,2.0
ST0056-P17,ST0056,2026-01-03 17:00,2026-01-03 17:44,通讯故障,重启通讯模块,0.7
ST0056-P17,ST0056,2026-01-23 09:00,2026-01-23 10:13,硬件损坏,更换功率模块,1.2
ST0056-P17,ST0056,2026-04-02 21:00,2026-04-03 00:14,接触不良,紧固接线端子,3.2
ST0056-P17,ST0056,2026-04-28 14:00,2026-04-28 15:10,线缆问题,更换充电线缆,1.2
ST0056-P18,ST0056,2025-10-03 01:00,2025-10-03 02:39,过温保护,清理散热片,1.7
ST0056-P18,ST0056,2026-06-27 11:00,2026-06-27 16:55,通讯故障,检查天线连接,5.9
ST0056-P18,ST0056,2026-07-08 11:00,2026-07-08 11:37,过温保护,检查风扇,0.6
ST0056-P18,ST0056,2026-07-20 22:00,2026-07-21 05:48,接触不良,更换充电枪头,7.8
ST0056-P19,ST0056,2025-08-09 22:00,2025-08-10 02:24,过温保护,检查风扇,4.4
ST0056-P19,ST0056,2025-12-09 18:00,2025-12-10 03:02,过温保护,清理散热片,9.0
ST0056-P19,ST0056,2025-12-25 18:00,2025-12-25 18:30,接触不良,更换充电枪头,0.5
ST0056-P19,ST0056,2026-07-29 02:00,2026-07-29 07:16,通讯故障,更换4G/5G模块,5.3
ST0056-P20,ST0056,2026-06-03 22:00,2026-06-04 03:02,过温保护,降低功率运行,5.0
ST0057-P01,ST0057,2026-06-16 18:00,2026-06-16 20:49,通讯故障,更换4G/5G模块,2.8
ST0057-P01,ST0057,2026-07-03 09:00,2026-07-03 09:32,通讯故障,检查天线连接,0.5
ST0057-P02,ST0057,2025-09-15 16:00,2025-09-15 18:08,通讯故障,更换4G/5G模块,2.1
ST0057-P02,ST0057,2025-10-14 17:00,2025-10-14 22:50,通讯故障,更换4G/5G模块,5.8
ST0057-P02,ST0057,2025-12-29 00:00,2025-12-29 02:03,硬件损坏,返厂维修,2.1
ST0057-P02,ST0057,2026-01-17 18:00,2026-01-17 18:54,通讯故障,重启通讯模块,0.9
ST0057-P02,ST0057,2026-05-19 07:00,2026-05-19 07:31,通讯故障,重启通讯模块,0.5
ST0057-P02,ST0057,2026-05-24 12:00,2026-05-24 12:30,通讯故障,检查天线连接,0.5
ST0057-P03,ST0057,2025-11-06 03:00,2025-11-06 06:26,硬件损坏,更换功率模块,3.4
ST0057-P03,ST0057,2025-11-23 09:00,2025-11-23 10:40,过温保护,清理散热片,1.7
ST0057-P03,ST0057,2026-03-09 12:00,2026-03-09 12:30,通讯故障,检查天线连接,0.5
ST0057-P03,ST0057,2026-05-14 01:00,2026-05-14 20:44,硬件损坏,更换控制板,19.7
ST0057-P03,ST0057,2026-06-15 22:00,2026-06-15 22:32,线缆问题,更换充电线缆,0.5
ST0057-P04,ST0057,2026-02-20 20:00,2026-02-21 00:12,线缆问题,更换充电线缆,4.2
ST0057-P04,ST0057,2026-03-23 13:00,2026-03-23 14:35,过温保护,清理散热片,1.6
ST0057-P05,ST0057,2026-01-14 21:00,2026-01-15 08:29,接触不良,紧固接线端子,11.5
ST0057-P05,ST0057,2026-04-24 19:00,2026-04-24 21:51,接触不良,更换充电枪头,2.9
ST0057-P05,ST0057,2026-05-15 23:00,2026-05-16 04:05,通讯故障,重启通讯模块,5.1
ST0057-P06,ST0057,2026-02-02 20:00,2026-02-02 23:30,通讯故障,重启通讯模块,3.5
ST0057-P07,ST0057,2025-12-24 00:00,2025-12-24 01:06,过温保护,检查风扇,1.1
ST0057-P07,ST0057,2026-07-03 17:00,2026-07-04 00:41,硬件损坏,更换功率模块,7.7
ST0057-P08,ST0057,2026-07-06 03:00,2026-07-06 08:16,线缆问题,更换充电线缆,5.3
ST0057-P09,ST0057,2025-08-16 17:00,2025-08-17 03:06,功率异常,校准功率表,10.1
ST0057-P09,ST0057,2026-02-24 18:00,2026-02-24 20:32,过温保护,检查风扇,2.5
ST0057-P09,ST0057,2026-05-06 21:00,2026-05-06 21:30,过温保护,清理散热片,0.5
ST0057-P10,ST0057,2025-09-07 06:00,2025-09-07 09:53,通讯故障,重启通讯模块,3.9
ST0057-P10,ST0057,2026-01-24 13:00,2026-01-24 16:24,接触不良,紧固接线端子,3.4
ST0057-P10,ST0057,2026-02-12 18:00,2026-02-12 18:30,过温保护,检查风扇,0.5
ST0057-P11,ST0057,2025-10-01 08:00,2025-10-01 11:20,接触不良,更换充电枪头,3.3
ST0057-P11,ST0057,2025-10-14 06:00,2025-10-14 10:45,过温保护,降低功率运行,4.8
ST0057-P11,ST0057,2025-12-15 12:00,2025-12-15 16:11,硬件损坏,返厂维修,4.2
ST0057-P11,ST0057,2026-01-08 18:00,2026-01-08 20:09,硬件损坏,更换控制板,2.2
ST0057-P12,ST0057,2025-08-21 00:00,2025-08-21 10:20,过温保护,清理散热片,10.3
ST0057-P12,ST0057,2026-04-02 07:00,2026-04-02 07:30,通讯故障,重启通讯模块,0.5
ST0057-P12,ST0057,2026-04-18 08:00,2026-04-18 08:30,接触不良,紧固接线端子,0.5
ST0057-P13,ST0057,2026-02-16 02:00,2026-02-16 05:31,硬件损坏,更换功率模块,3.5
ST0057-P13,ST0057,2026-03-11 19:00,2026-03-11 19:57,接触不良,清洁接头,1.0
ST0057-P14,ST0057,2026-02-15 16:00,2026-02-15 17:32,接触不良,更换充电枪头,1.5
ST0057-P15,ST0057,2025-08-14 01:00,2025-08-14 02:16,接触不良,更换充电枪头,1.3
ST0057-P15,ST0057,2025-09-11 09:00,2025-09-11 11:43,接触不良,紧固接线端子,2.7
ST0057-P15,ST0057,2026-02-09 16:00,2026-02-09 23:07,通讯故障,重启通讯模块,7.1
ST0057-P15,ST0057,2026-06-07 02:00,2026-06-07 02:30,线缆问题,更换连接器,0.5
ST0057-P15,ST0057,2026-06-10 20:00,2026-06-11 11:44,硬件损坏,更换控制板,15.7
ST0057-P16,ST0057,2025-10-30 20:00,2025-10-30 20:30,接触不良,紧固接线端子,0.5
ST0057-P16,ST0057,2025-11-09 18:00,2025-11-10 05:29,过温保护,检查风扇,11.5
ST0057-P17,ST0057,2025-08-10 17:00,2025-08-10 17:30,硬件损坏,更换功率模块,0.5
ST0057-P17,ST0057,2025-08-30 22:00,2025-08-31 03:16,接触不良,清洁接头,5.3
ST0057-P17,ST0057,2025-10-11 23:00,2025-10-12 05:00,过温保护,检查风扇,6.0
ST0057-P17,ST0057,2025-12-23 12:00,2025-12-24 05:11,通讯故障,重启通讯模块,17.2
ST0057-P17,ST0057,2026-02-27 21:00,2026-02-28 05:14,通讯故障,重启通讯模块,8.2
ST0057-P17,ST0057,2026-03-14 14:00,2026-03-14 17:13,通讯故障,检查天线连接,3.2
ST0057-P17,ST0057,2026-06-02 04:00,2026-06-02 04:58,接触不良,清洁接头,1.0
ST0057-P18,ST0057,2025-08-25 05:00,2025-08-25 05:30,通讯故障,检查天线连接,0.5
ST0057-P18,ST0057,2025-12-13 00:00,2025-12-13 07:02,通讯故障,更换4G/5G模块,7.0
ST0057-P18,ST0057,2025-12-13 02:00,2025-12-13 05:36,过温保护,清理散热片,3.6
ST0057-P18,ST0057,2026-04-26 21:00,2026-04-26 21:41,过温保护,降低功率运行,0.7
ST0057-P18,ST0057,2026-07-25 19:00,2026-07-25 22:49,过温保护,清理散热片,3.8
ST0057-P19,ST0057,2025-09-15 04:00,2025-09-15 19:39,接触不良,清洁接头,15.7
ST0057-P19,ST0057,2026-01-31 22:00,2026-02-01 00:00,过温保护,清理散热片,2.0
ST0057-P20,ST0057,2026-02-22 03:00,2026-02-22 06:45,接触不良,清洁接头,3.8
ST0057-P20,ST0057,2026-05-06 02:00,2026-05-06 06:07,功率异常,更换传感器,4.1
ST0058-P01,ST0058,2025-08-01 12:00,2025-08-01 19:58,硬件损坏,更换功率模块,8.0
ST0058-P01,ST0058,2025-09-10 19:00,2025-09-10 20:58,硬件损坏,更换功率模块,2.0
ST0058-P01,ST0058,2025-10-24 21:00,2025-10-24 23:28,接触不良,更换充电枪头,2.5
ST0058-P02,ST0058,2025-08-26 23:00,2025-08-27 00:33,过温保护,清理散热片,1.6
ST0058-P02,ST0058,2025-11-20 14:00,2025-11-20 14:30,硬件损坏,更换功率模块,0.5
ST0058-P02,ST0058,2026-01-05 08:00,2026-01-05 09:39,接触不良,紧固接线端子,1.7
ST0058-P02,ST0058,2026-02-09 03:00,2026-02-09 09:57,过温保护,清理散热片,7.0
ST0058-P02,ST0058,2026-05-07 18:00,2026-05-07 19:17,接触不良,清洁接头,1.3
ST0058-P02,ST0058,2026-07-08 17:00,2026-07-08 20:19,线缆问题,修补线缆外皮,3.3
ST0058-P03,ST0058,2025-09-18 13:00,2025-09-18 13:30,硬件损坏,更换控制板,0.5
ST0058-P03,ST0058,2025-10-12 14:00,2025-10-12 17:23,线缆问题,更换连接器,3.4
ST0058-P03,ST0058,2025-12-07 03:00,2025-12-07 06:35,过温保护,检查风扇,3.6
ST0058-P03,ST0058,2025-12-24 01:00,2025-12-24 04:15,接触不良,更换充电枪头,3.3
ST0058-P03,ST0058,2026-03-20 06:00,2026-03-20 10:19,接触不良,紧固接线端子,4.3
ST0058-P03,ST0058,2026-03-29 17:00,2026-03-29 22:19,过温保护,清理散热片,5.3
ST0058-P04,ST0058,2026-07-08 16:00,2026-07-08 19:37,通讯故障,重启通讯模块,3.6
ST0058-P05,ST0058,2025-09-08 00:00,2025-09-08 02:14,功率异常,校准功率表,2.2
ST0058-P06,ST0058,2025-11-02 03:00,2025-11-02 08:37,通讯故障,检查天线连接,5.6
ST0058-P06,ST0058,2025-11-08 08:00,2025-11-08 12:11,硬件损坏,返厂维修,4.2
ST0058-P06,ST0058,2026-03-03 05:00,2026-03-03 09:03,硬件损坏,返厂维修,4.1
ST0058-P06,ST0058,2026-05-07 10:00,2026-05-07 13:13,过温保护,降低功率运行,3.2
ST0058-P07,ST0058,2026-07-18 19:00,2026-07-18 23:46,硬件损坏,更换控制板,4.8
ST0058-P08,ST0058,2025-08-12 15:00,2025-08-12 15:43,过温保护,降低功率运行,0.7
ST0058-P08,ST0058,2025-09-28 16:00,2025-09-28 17:39,接触不良,更换充电枪头,1.7
ST0058-P08,ST0058,2025-11-26 18:00,2025-11-26 20:53,硬件损坏,更换控制板,2.9
ST0058-P08,ST0058,2026-02-26 00:00,2026-02-26 01:24,硬件损坏,更换控制板,1.4
ST0058-P08,ST0058,2026-05-06 21:00,2026-05-06 23:35,过温保护,检查风扇,2.6
ST0058-P09,ST0058,2026-02-03 00:00,2026-02-03 03:27,通讯故障,更换4G/5G模块,3.5
ST0058-P09,ST0058,2026-04-12 07:00,2026-04-12 08:39,通讯故障,更换4G/5G模块,1.7
ST0058-P09,ST0058,2026-04-23 04:00,2026-04-23 05:25,过温保护,清理散热片,1.4
ST0058-P09,ST0058,2026-05-04 04:00,2026-05-04 06:45,线缆问题,更换充电线缆,2.8
ST0058-P09,ST0058,2026-07-04 05:00,2026-07-04 08:27,过温保护,清理散热片,3.5
ST0058-P09,ST0058,2026-07-25 01:00,2026-07-25 04:58,过温保护,检查风扇,4.0
ST0058-P10,ST0058,2026-02-18 21:00,2026-02-18 22:10,接触不良,紧固接线端子,1.2
ST0058-P10,ST0058,2026-07-12 05:00,2026-07-12 05:30,接触不良,更换充电枪头,0.5
ST0058-P11,ST0058,2026-01-19 17:00,2026-01-19 23:42,过温保护,检查风扇,6.7
ST0058-P12,ST0058,2026-07-18 08:00,2026-07-18 09:16,功率异常,更换传感器,1.3
ST0058-P13,ST0058,2025-08-21 17:00,2025-08-21 19:13,通讯故障,检查天线连接,2.2
ST0058-P13,ST0058,2025-10-11 10:00,2025-10-11 10:30,通讯故障,检查天线连接,0.5
ST0058-P13,ST0058,2025-10-29 02:00,2025-10-29 05:19,过温保护,降低功率运行,3.3
ST0058-P13,ST0058,2026-02-20 14:00,2026-02-21 13:13,过温保护,降低功率运行,23.2
ST0058-P14,ST0058,2025-08-18 19:00,2025-08-19 00:19,接触不良,紧固接线端子,5.3
ST0058-P14,ST0058,2025-10-04 01:00,2025-10-04 08:29,通讯故障,更换4G/5G模块,7.5
ST0058-P14,ST0058,2025-11-26 21:00,2025-11-26 21:57,通讯故障,检查天线连接,1.0
ST0058-P14,ST0058,2026-03-10 23:00,2026-03-10 23:37,过温保护,降低功率运行,0.6
ST0058-P14,ST0058,2026-05-07 00:00,2026-05-07 00:30,过温保护,清理散热片,0.5
ST0058-P15,ST0058,2025-09-13 09:00,2025-09-13 11:54,通讯故障,更换4G/5G模块,2.9
ST0058-P15,ST0058,2025-12-31 19:00,2025-12-31 21:01,通讯故障,更换4G/5G模块,2.0
ST0058-P15,ST0058,2026-06-09 16:00,2026-06-09 19:23,接触不良,紧固接线端子,3.4
ST0058-P15,ST0058,2026-06-19 02:00,2026-06-19 14:14,线缆问题,更换连接器,12.2
ST0058-P16,ST0058,2026-03-23 01:00,2026-03-23 02:30,过温保护,降低功率运行,1.5
ST0058-P16,ST0058,2026-07-02 14:00,2026-07-02 17:25,过温保护,清理散热片,3.4
ST0058-P17,ST0058,2025-08-14 19:00,2025-08-15 00:57,硬件损坏,更换控制板,6.0
ST0058-P17,ST0058,2025-12-19 12:00,2025-12-19 13:59,过温保护,清理散热片,2.0
ST0058-P17,ST0058,2026-02-16 15:00,2026-02-17 01:13,过温保护,清理散热片,10.2
ST0058-P17,ST0058,2026-05-04 21:00,2026-05-05 04:39,接触不良,更换充电枪头,7.7
ST0058-P18,ST0058,2026-03-25 15:00,2026-03-25 15:30,线缆问题,更换连接器,0.5
ST0058-P18,ST0058,2026-04-30 15:00,2026-04-30 15:33,接触不良,清洁接头,0.6
ST0058-P18,ST0058,2026-05-05 04:00,2026-05-05 12:42,通讯故障,检查天线连接,8.7
ST0058-P19,ST0058,2026-02-21 20:00,2026-02-21 21:36,硬件损坏,更换功率模块,1.6
ST0058-P19,ST0058,2026-04-10 23:00,2026-04-10 23:54,过温保护,清理散热片,0.9
ST0058-P19,ST0058,2026-04-22 18:00,2026-04-22 23:07,过温保护,清理散热片,5.1
ST0058-P19,ST0058,2026-06-26 17:00,2026-06-26 18:38,过温保护,检查风扇,1.6
ST0058-P19,ST0058,2026-07-15 16:00,2026-07-15 18:32,硬件损坏,更换功率模块,2.5
ST0058-P19,ST0058,2026-07-16 20:00,2026-07-17 01:37,接触不良,更换充电枪头,5.6
ST0058-P20,ST0058,2025-08-16 21:00,2025-08-17 12:37,过温保护,检查风扇,15.6
ST0058-P20,ST0058,2026-02-16 12:00,2026-02-16 13:01,通讯故障,检查天线连接,1.0
ST0059-P01,ST0059,2026-05-19 01:00,2026-05-19 03:40,通讯故障,重启通讯模块,2.7
ST0059-P01,ST0059,2026-07-11 03:00,2026-07-11 07:50,通讯故障,重启通讯模块,4.8
ST0059-P02,ST0059,2025-12-07 05:00,2025-12-07 06:54,过温保护,降低功率运行,1.9
ST0059-P02,ST0059,2026-01-23 11:00,2026-01-23 22:01,接触不良,清洁接头,11.0
ST0059-P02,ST0059,2026-02-18 14:00,2026-02-18 17:26,通讯故障,检查天线连接,3.4
ST0059-P03,ST0059,2025-10-08 21:00,2025-10-09 03:40,硬件损坏,返厂维修,6.7
ST0059-P03,ST0059,2026-06-10 09:00,2026-06-10 10:22,过温保护,清理散热片,1.4
ST0059-P03,ST0059,2026-06-23 07:00,2026-06-23 07:37,接触不良,紧固接线端子,0.6
ST0059-P04,ST0059,2025-09-22 10:00,2025-09-22 12:34,硬件损坏,更换控制板,2.6
ST0059-P04,ST0059,2025-10-24 08:00,2025-10-24 11:41,通讯故障,重启通讯模块,3.7
ST0059-P04,ST0059,2025-11-04 17:00,2025-11-05 04:06,接触不良,清洁接头,11.1
ST0059-P04,ST0059,2025-11-08 17:00,2025-11-08 18:34,通讯故障,检查天线连接,1.6
ST0059-P04,ST0059,2026-07-17 21:00,2026-07-18 14:04,硬件损坏,更换控制板,17.1
ST0059-P05,ST0059,2025-11-22 22:00,2025-11-23 02:56,通讯故障,重启通讯模块,4.9
ST0059-P05,ST0059,2025-11-23 16:00,2025-11-23 21:29,功率异常,校准功率表,5.5
ST0059-P05,ST0059,2025-12-13 12:00,2025-12-13 15:12,功率异常,固件升级,3.2
ST0059-P05,ST0059,2026-01-23 16:00,2026-01-24 04:01,功率异常,固件升级,12.0
ST0059-P05,ST0059,2026-02-06 11:00,2026-02-06 12:15,线缆问题,更换充电线缆,1.3
ST0059-P05,ST0059,2026-05-14 22:00,2026-05-15 00:56,过温保护,检查风扇,2.9
ST0059-P05,ST0059,2026-06-27 15:00,2026-06-27 20:59,接触不良,紧固接线端子,6.0
ST0059-P05,ST0059,2026-07-18 11:00,2026-07-18 12:07,接触不良,更换充电枪头,1.1
ST0059-P06,ST0059,2025-08-04 06:00,2025-08-04 19:02,通讯故障,更换4G/5G模块,13.0
ST0059-P06,ST0059,2025-12-26 08:00,2025-12-26 08:53,接触不良,更换充电枪头,0.9
ST0059-P06,ST0059,2026-06-18 19:00,2026-06-18 21:51,通讯故障,重启通讯模块,2.9
ST0059-P06,ST0059,2026-07-12 16:00,2026-07-12 21:17,通讯故障,检查天线连接,5.3
ST0059-P07,ST0059,2025-08-25 06:00,2025-08-25 09:08,硬件损坏,返厂维修,3.1
ST0059-P07,ST0059,2026-06-03 15:00,2026-06-03 18:08,接触不良,更换充电枪头,3.1
ST0059-P07,ST0059,2026-07-27 10:00,2026-07-27 12:44,功率异常,固件升级,2.7
ST0059-P08,ST0059,2025-09-14 11:00,2025-09-14 11:32,接触不良,更换充电枪头,0.5
ST0059-P08,ST0059,2026-02-18 09:00,2026-02-18 19:47,通讯故障,重启通讯模块,10.8
ST0059-P09,ST0059,2025-08-24 00:00,2025-08-24 01:15,接触不良,紧固接线端子,1.3
ST0059-P09,ST0059,2025-12-15 04:00,2025-12-15 05:20,通讯故障,检查天线连接,1.3
ST0059-P09,ST0059,2026-02-04 19:00,2026-02-05 07:52,接触不良,更换充电枪头,12.9
ST0059-P09,ST0059,2026-03-03 15:00,2026-03-03 21:52,过温保护,降低功率运行,6.9
ST0059-P09,ST0059,2026-03-07 14:00,2026-03-07 14:45,接触不良,清洁接头,0.8
ST0059-P09,ST0059,2026-04-26 03:00,2026-04-26 10:41,接触不良,更换充电枪头,7.7
ST0059-P10,ST0059,2025-12-24 02:00,2025-12-24 02:30,硬件损坏,更换功率模块,0.5
ST0059-P10,ST0059,2026-01-29 05:00,2026-01-29 06:16,硬件损坏,更换控制板,1.3
ST0059-P11,ST0059,2026-03-31 17:00,2026-03-31 19:14,过温保护,清理散热片,2.2
ST0059-P11,ST0059,2026-06-06 23:00,2026-06-07 01:05,线缆问题,更换充电线缆,2.1
ST0059-P11,ST0059,2026-07-23 18:00,2026-07-23 18:30,过温保护,降低功率运行,0.5
ST0059-P12,ST0059,2025-10-10 10:00,2025-10-10 16:43,过温保护,降低功率运行,6.7
ST0059-P12,ST0059,2026-01-26 12:00,2026-01-27 00:18,接触不良,更换充电枪头,12.3
ST0059-P12,ST0059,2026-03-08 13:00,2026-03-08 22:22,接触不良,更换充电枪头,9.4
ST0059-P12,ST0059,2026-04-21 16:00,2026-04-21 16:30,通讯故障,检查天线连接,0.5
ST0059-P13,ST0059,2026-05-26 16:00,2026-05-27 02:51,线缆问题,修补线缆外皮,10.9
ST0059-P14,ST0059,2025-12-26 05:00,2025-12-26 05:30,过温保护,降低功率运行,0.5
ST0059-P14,ST0059,2026-01-10 22:00,2026-01-11 08:48,接触不良,紧固接线端子,10.8
ST0059-P14,ST0059,2026-01-20 16:00,2026-01-21 03:38,通讯故障,更换4G/5G模块,11.6
ST0059-P14,ST0059,2026-05-29 13:00,2026-05-29 15:35,接触不良,清洁接头,2.6
ST0059-P14,ST0059,2026-06-20 10:00,2026-06-20 13:39,过温保护,降低功率运行,3.7
ST0059-P14,ST0059,2026-07-09 08:00,2026-07-09 10:20,过温保护,降低功率运行,2.3
ST0059-P15,ST0059,2025-08-04 01:00,2025-08-04 01:30,线缆问题,更换充电线缆,0.5
ST0059-P15,ST0059,2025-10-19 09:00,2025-10-19 10:35,功率异常,更换传感器,1.6
ST0059-P15,ST0059,2025-11-30 04:00,2025-11-30 11:29,过温保护,降低功率运行,7.5
ST0059-P15,ST0059,2026-01-18 00:00,2026-01-18 02:03,接触不良,更换充电枪头,2.1
ST0059-P15,ST0059,2026-06-24 07:00,2026-06-24 10:04,线缆问题,更换连接器,3.1
ST0059-P15,ST0059,2026-06-28 07:00,2026-06-28 16:40,硬件损坏,更换功率模块,9.7
ST0059-P16,ST0059,2025-09-29 10:00,2025-09-29 13:33,硬件损坏,更换控制板,3.6
ST0059-P17,ST0059,2026-01-03 09:00,2026-01-03 09:31,接触不良,紧固接线端子,0.5
ST0059-P17,ST0059,2026-02-14 18:00,2026-02-14 20:25,接触不良,紧固接线端子,2.4
ST0059-P17,ST0059,2026-04-09 04:00,2026-04-09 09:18,通讯故障,更换4G/5G模块,5.3
ST0059-P17,ST0059,2026-04-26 19:00,2026-04-27 05:31,接触不良,清洁接头,10.5
ST0059-P17,ST0059,2026-05-12 23:00,2026-05-13 04:20,接触不良,更换充电枪头,5.3
ST0059-P17,ST0059,2026-07-16 03:00,2026-07-16 05:35,接触不良,清洁接头,2.6
ST0059-P18,ST0059,2026-07-20 07:00,2026-07-20 07:30,线缆问题,修补线缆外皮,0.5
ST0059-P19,ST0059,2025-08-04 04:00,2025-08-04 13:51,过温保护,检查风扇,9.9
ST0059-P19,ST0059,2025-10-25 11:00,2025-10-25 13:23,过温保护,检查风扇,2.4
ST0059-P19,ST0059,2025-11-16 02:00,2025-11-16 02:53,功率异常,固件升级,0.9
ST0059-P19,ST0059,2025-11-20 05:00,2025-11-20 06:28,通讯故障,检查天线连接,1.5
ST0059-P19,ST0059,2026-04-21 23:00,2026-04-22 01:41,通讯故障,检查天线连接,2.7
ST0059-P19,ST0059,2026-05-06 03:00,2026-05-06 03:30,接触不良,紧固接线端子,0.5
ST0059-P20,ST0059,2025-08-05 02:00,2025-08-05 02:33,通讯故障,检查天线连接,0.6
ST0059-P20,ST0059,2025-08-31 12:00,2025-08-31 17:57,接触不良,紧固接线端子,6.0
ST0059-P20,ST0059,2026-01-04 19:00,2026-01-04 19:44,硬件损坏,更换功率模块,0.7
ST0059-P20,ST0059,2026-06-27 00:00,2026-06-27 01:06,接触不良,紧固接线端子,1.1
ST0060-P01,ST0060,2025-08-13 17:00,2025-08-13 18:24,接触不良,更换充电枪头,1.4
ST0060-P01,ST0060,2026-01-27 15:00,2026-01-27 16:28,过温保护,检查风扇,1.5
ST0060-P01,ST0060,2026-03-22 05:00,2026-03-22 06:21,通讯故障,重启通讯模块,1.4
ST0060-P01,ST0060,2026-03-30 12:00,2026-03-30 13:18,接触不良,紧固接线端子,1.3
ST0060-P01,ST0060,2026-07-28 02:00,2026-07-28 02:37,接触不良,紧固接线端子,0.6
ST0060-P02,ST0060,2025-08-17 10:00,2025-08-17 10:30,通讯故障,重启通讯模块,0.5
ST0060-P02,ST0060,2026-02-11 04:00,2026-02-11 07:06,接触不良,紧固接线端子,3.1
ST0060-P02,ST0060,2026-02-12 21:00,2026-02-13 08:27,过温保护,降低功率运行,11.5
ST0060-P02,ST0060,2026-06-13 02:00,2026-06-13 02:30,过温保护,降低功率运行,0.5
ST0060-P02,ST0060,2026-07-09 23:00,2026-07-10 01:09,通讯故障,更换4G/5G模块,2.2
ST0060-P03,ST0060,2025-11-10 14:00,2025-11-10 16:52,硬件损坏,返厂维修,2.9
ST0060-P03,ST0060,2026-03-14 03:00,2026-03-14 09:51,接触不良,紧固接线端子,6.9
ST0060-P03,ST0060,2026-03-23 21:00,2026-03-23 22:00,接触不良,更换充电枪头,1.0
ST0060-P03,ST0060,2026-03-29 05:00,2026-03-29 07:04,接触不良,更换充电枪头,2.1
ST0060-P04,ST0060,2025-10-25 10:00,2025-10-25 15:15,接触不良,紧固接线端子,5.3
ST0060-P04,ST0060,2025-10-27 03:00,2025-10-27 10:29,通讯故障,检查天线连接,7.5
ST0060-P04,ST0060,2025-11-18 23:00,2025-11-19 01:43,功率异常,更换传感器,2.7
ST0060-P04,ST0060,2026-01-03 07:00,2026-01-03 07:35,功率异常,固件升级,0.6
ST0060-P04,ST0060,2026-03-07 10:00,2026-03-07 12:48,线缆问题,更换连接器,2.8
ST0060-P04,ST0060,2026-05-09 04:00,2026-05-09 05:09,接触不良,更换充电枪头,1.2
ST0060-P04,ST0060,2026-05-23 18:00,2026-05-23 19:13,通讯故障,检查天线连接,1.2
ST0060-P04,ST0060,2026-05-27 02:00,2026-05-27 07:30,线缆问题,更换连接器,5.5
ST0060-P05,ST0060,2026-01-11 17:00,2026-01-11 21:55,线缆问题,修补线缆外皮,4.9
ST0060-P05,ST0060,2026-05-23 17:00,2026-05-23 18:43,过温保护,清理散热片,1.7
ST0060-P06,ST0060,2026-04-10 07:00,2026-04-10 08:50,接触不良,更换充电枪头,1.8
ST0060-P06,ST0060,2026-06-27 14:00,2026-06-27 20:32,接触不良,紧固接线端子,6.5
ST0060-P07,ST0060,2025-08-02 05:00,2025-08-02 06:38,接触不良,紧固接线端子,1.6
ST0060-P07,ST0060,2025-09-29 05:00,2025-09-29 10:37,功率异常,更换传感器,5.6
ST0060-P07,ST0060,2025-12-08 18:00,2025-12-08 18:48,硬件损坏,更换控制板,0.8
ST0060-P07,ST0060,2026-06-06 18:00,2026-06-06 18:55,过温保护,检查风扇,0.9
ST0060-P07,ST0060,2026-06-09 22:00,2026-06-10 09:24,接触不良,紧固接线端子,11.4
ST0060-P08,ST0060,2025-08-15 21:00,2025-08-16 00:07,过温保护,清理散热片,3.1
ST0060-P08,ST0060,2025-09-27 06:00,2025-09-27 20:55,接触不良,清洁接头,14.9
ST0060-P08,ST0060,2025-12-03 04:00,2025-12-03 08:29,功率异常,校准功率表,4.5
ST0060-P08,ST0060,2026-04-27 15:00,2026-04-27 19:00,接触不良,紧固接线端子,4.0
ST0060-P08,ST0060,2026-05-24 17:00,2026-05-24 19:28,接触不良,紧固接线端子,2.5
ST0060-P08,ST0060,2026-07-29 10:00,2026-07-29 11:29,接触不良,更换充电枪头,1.5
ST0060-P09,ST0060,2025-08-28 17:00,2025-08-29 00:58,接触不良,更换充电枪头,8.0
ST0060-P09,ST0060,2025-10-28 01:00,2025-10-28 05:12,过温保护,清理散热片,4.2
ST0060-P09,ST0060,2025-12-14 17:00,2025-12-15 00:45,通讯故障,更换4G/5G模块,7.8
ST0060-P09,ST0060,2026-06-07 21:00,2026-06-07 21:30,通讯故障,更换4G/5G模块,0.5
ST0060-P10,ST0060,2026-01-26 21:00,2026-01-27 03:12,过温保护,清理散热片,6.2
ST0060-P10,ST0060,2026-07-21 23:00,2026-07-22 06:13,过温保护,降低功率运行,7.2
ST0060-P10,ST0060,2026-07-27 11:00,2026-07-27 11:42,过温保护,降低功率运行,0.7
ST0060-P11,ST0060,2025-08-21 06:00,2025-08-21 07:20,过温保护,清理散热片,1.3
ST0060-P11,ST0060,2025-09-26 14:00,2025-09-26 20:16,接触不良,更换充电枪头,6.3
ST0060-P11,ST0060,2025-12-21 09:00,2025-12-21 11:48,接触不良,更换充电枪头,2.8
ST0060-P11,ST0060,2026-02-15 20:00,2026-02-15 23:01,通讯故障,重启通讯模块,3.0
ST0060-P11,ST0060,2026-05-21 18:00,2026-05-22 00:33,过温保护,检查风扇,6.6
ST0060-P12,ST0060,2025-10-16 20:00,2025-10-16 20:30,硬件损坏,返厂维修,0.5
ST0060-P12,ST0060,2025-10-25 23:00,2025-10-26 00:07,线缆问题,更换连接器,1.1
ST0060-P12,ST0060,2026-05-20 02:00,2026-05-20 10:16,接触不良,更换充电枪头,8.3
ST0060-P13,ST0060,2025-12-20 20:00,2025-12-20 21:25,通讯故障,检查天线连接,1.4
ST0060-P13,ST0060,2026-04-19 06:00,2026-04-19 09:27,通讯故障,重启通讯模块,3.5
ST0060-P13,ST0060,2026-05-23 13:00,2026-05-23 16:03,接触不良,清洁接头,3.1
ST0060-P13,ST0060,2026-06-10 06:00,2026-06-10 07:53,接触不良,更换充电枪头,1.9
ST0060-P14,ST0060,2025-08-28 03:00,2025-08-28 05:28,接触不良,紧固接线端子,2.5
ST0060-P14,ST0060,2025-09-27 12:00,2025-09-27 12:30,通讯故障,更换4G/5G模块,0.5
ST0060-P14,ST0060,2025-10-17 03:00,2025-10-17 08:11,接触不良,更换充电枪头,5.2
ST0060-P14,ST0060,2025-10-20 03:00,2025-10-20 04:53,通讯故障,检查天线连接,1.9
ST0060-P14,ST0060,2026-03-27 21:00,2026-03-27 21:30,通讯故障,重启通讯模块,0.5
ST0060-P14,ST0060,2026-07-11 02:00,2026-07-11 04:40,过温保护,清理散热片,2.7
ST0060-P14,ST0060,2026-07-25 14:00,2026-07-25 14:30,过温保护,检查风扇,0.5
ST0060-P15,ST0060,2025-08-17 14:00,2025-08-17 16:05,接触不良,更换充电枪头,2.1
ST0060-P15,ST0060,2025-11-10 19:00,2025-11-10 19:53,通讯故障,检查天线连接,0.9
ST0060-P15,ST0060,2026-01-23 21:00,2026-01-23 22:03,功率异常,固件升级,1.1
ST0060-P15,ST0060,2026-04-28 14:00,2026-04-28 17:03,接触不良,更换充电枪头,3.1
ST0060-P16,ST0060,2025-08-07 21:00,2025-08-07 21:30,接触不良,更换充电枪头,0.5
ST0060-P16,ST0060,2026-01-02 16:00,2026-01-02 17:13,过温保护,清理散热片,1.2
ST0060-P16,ST0060,2026-01-20 06:00,2026-01-20 08:31,通讯故障,检查天线连接,2.5
ST0060-P16,ST0060,2026-03-22 20:00,2026-03-22 23:38,过温保护,降低功率运行,3.6
ST0060-P17,ST0060,2025-08-05 18:00,2025-08-06 01:26,通讯故障,检查天线连接,7.4
ST0060-P17,ST0060,2025-10-05 00:00,2025-10-05 06:55,接触不良,紧固接线端子,6.9
ST0060-P17,ST0060,2025-11-08 22:00,2025-11-08 22:50,过温保护,检查风扇,0.8
ST0060-P17,ST0060,2026-01-15 04:00,2026-01-15 06:15,接触不良,更换充电枪头,2.3
ST0060-P17,ST0060,2026-01-27 23:00,2026-01-28 03:49,过温保护,检查风扇,4.8
ST0060-P17,ST0060,2026-04-26 04:00,2026-04-26 05:20,接触不良,清洁接头,1.3
ST0060-P17,ST0060,2026-06-02 09:00,2026-06-02 16:03,接触不良,清洁接头,7.1
ST0060-P18,ST0060,2026-07-02 00:00,2026-07-02 05:10,硬件损坏,更换功率模块,5.2
ST0060-P18,ST0060,2026-07-08 18:00,2026-07-08 19:02,接触不良,紧固接线端子,1.0
ST0060-P19,ST0060,2026-07-22 18:00,2026-07-22 23:01,接触不良,清洁接头,5.0
ST0060-P20,ST0060,2025-09-19 07:00,2025-09-19 08:05,硬件损坏,更换控制板,1.1
ST0061-P01,ST0061,2026-01-15 17:00,2026-01-15 22:02,接触不良,清洁接头,5.0
ST0061-P01,ST0061,2026-03-06 11:00,2026-03-07 01:06,接触不良,紧固接线端子,14.1
ST0061-P02,ST0061,2025-08-14 08:00,2025-08-14 08:37,过温保护,清理散热片,0.6
ST0061-P02,ST0061,2025-10-19 00:00,2025-10-19 00:50,通讯故障,重启通讯模块,0.8
ST0061-P02,ST0061,2026-04-04 01:00,2026-04-04 08:50,接触不良,清洁接头,7.8
ST0061-P03,ST0061,2025-09-13 13:00,2025-09-13 15:40,过温保护,检查风扇,2.7
ST0061-P03,ST0061,2025-12-21 01:00,2025-12-21 05:36,接触不良,更换充电枪头,4.6
ST0061-P03,ST0061,2026-03-15 23:00,2026-03-16 04:19,过温保护,降低功率运行,5.3
ST0061-P03,ST0061,2026-06-03 19:00,2026-06-03 19:30,通讯故障,重启通讯模块,0.5
ST0061-P04,ST0061,2025-08-17 07:00,2025-08-17 15:29,接触不良,更换充电枪头,8.5
ST0061-P04,ST0061,2025-10-03 00:00,2025-10-03 01:18,接触不良,紧固接线端子,1.3
ST0061-P04,ST0061,2025-10-21 21:00,2025-10-22 07:00,硬件损坏,返厂维修,10.0
ST0061-P04,ST0061,2026-02-02 12:00,2026-02-02 12:30,通讯故障,更换4G/5G模块,0.5
ST0061-P04,ST0061,2026-02-05 13:00,2026-02-05 14:22,接触不良,清洁接头,1.4
ST0061-P04,ST0061,2026-05-16 20:00,2026-05-16 20:30,功率异常,更换传感器,0.5
ST0061-P04,ST0061,2026-06-15 02:00,2026-06-15 05:48,接触不良,清洁接头,3.8
ST0061-P04,ST0061,2026-06-25 00:00,2026-06-25 06:45,接触不良,更换充电枪头,6.8
ST0061-P04,ST0061,2026-07-26 22:00,2026-07-27 13:25,接触不良,清洁接头,15.4
ST0061-P05,ST0061,2025-10-28 07:00,2025-10-28 07:30,通讯故障,更换4G/5G模块,0.5
ST0061-P05,ST0061,2026-02-07 09:00,2026-02-07 09:49,过温保护,检查风扇,0.8
ST0061-P05,ST0061,2026-04-03 03:00,2026-04-03 04:48,线缆问题,更换充电线缆,1.8
ST0061-P06,ST0061,2025-12-07 14:00,2025-12-07 15:42,硬件损坏,更换控制板,1.7
ST0061-P07,ST0061,2025-08-20 06:00,2025-08-20 18:29,接触不良,更换充电枪头,12.5
ST0061-P07,ST0061,2025-09-30 16:00,2025-09-30 18:13,接触不良,更换充电枪头,2.2
ST0061-P07,ST0061,2026-02-28 17:00,2026-02-28 17:58,接触不良,更换充电枪头,1.0
ST0061-P08,ST0061,2025-09-01 14:00,2025-09-01 14:30,过温保护,清理散热片,0.5
ST0061-P08,ST0061,2025-09-19 23:00,2025-09-20 00:21,过温保护,降低功率运行,1.4
ST0061-P08,ST0061,2025-09-25 10:00,2025-09-25 13:02,接触不良,紧固接线端子,3.0
ST0061-P08,ST0061,2025-10-15 18:00,2025-10-15 21:08,接触不良,更换充电枪头,3.1
ST0061-P08,ST0061,2026-02-04 14:00,2026-02-04 14:41,通讯故障,重启通讯模块,0.7
ST0061-P08,ST0061,2026-05-06 00:00,2026-05-06 03:45,接触不良,紧固接线端子,3.8
ST0061-P09,ST0061,2025-12-20 15:00,2025-12-20 18:46,接触不良,清洁接头,3.8
ST0061-P09,ST0061,2025-12-26 11:00,2025-12-26 12:33,过温保护,降低功率运行,1.6
ST0061-P09,ST0061,2026-01-18 02:00,2026-01-18 04:00,接触不良,更换充电枪头,2.0
ST0061-P09,ST0061,2026-03-25 22:00,2026-03-26 01:00,接触不良,更换充电枪头,3.0
ST0061-P10,ST0061,2025-11-09 00:00,2025-11-09 08:51,接触不良,更换充电枪头,8.9
ST0061-P10,ST0061,2026-01-26 17:00,2026-01-27 10:59,接触不良,紧固接线端子,18.0
ST0061-P10,ST0061,2026-05-17 13:00,2026-05-17 13:30,过温保护,清理散热片,0.5
ST0061-P11,ST0061,2025-08-16 06:00,2025-08-16 08:10,过温保护,清理散热片,2.2
ST0061-P11,ST0061,2026-05-15 00:00,2026-05-15 02:19,通讯故障,更换4G/5G模块,2.3
ST0061-P11,ST0061,2026-06-02 08:00,2026-06-02 15:26,通讯故障,更换4G/5G模块,7.4
ST0061-P12,ST0061,2025-10-20 14:00,2025-10-20 14:49,通讯故障,更换4G/5G模块,0.8
ST0061-P12,ST0061,2025-11-11 19:00,2025-11-11 22:35,接触不良,清洁接头,3.6
ST0061-P13,ST0061,2025-10-16 02:00,2025-10-16 02:30,硬件损坏,更换控制板,0.5
ST0061-P13,ST0061,2025-12-02 04:00,2025-12-02 04:30,过温保护,降低功率运行,0.5
ST0061-P13,ST0061,2026-05-27 02:00,2026-05-27 02:37,硬件损坏,返厂维修,0.6
ST0061-P14,ST0061,2025-09-04 03:00,2025-09-04 03:30,接触不良,更换充电枪头,0.5
ST0061-P14,ST0061,2025-09-21 09:00,2025-09-21 13:08,硬件损坏,更换控制板,4.1
ST0061-P14,ST0061,2026-03-17 18:00,2026-03-17 20:48,接触不良,清洁接头,2.8
ST0061-P14,ST0061,2026-06-17 18:00,2026-06-18 01:00,接触不良,更换充电枪头,7.0
ST0061-P14,ST0061,2026-07-08 14:00,2026-07-08 18:46,过温保护,清理散热片,4.8
ST0061-P15,ST0061,2025-12-13 18:00,2025-12-13 21:03,功率异常,校准功率表,3.1
ST0061-P15,ST0061,2026-05-06 17:00,2026-05-06 18:54,接触不良,更换充电枪头,1.9
ST0061-P15,ST0061,2026-05-16 22:00,2026-05-16 23:39,通讯故障,检查天线连接,1.7
ST0061-P16,ST0061,2025-08-22 08:00,2025-08-22 08:30,接触不良,紧固接线端子,0.5
ST0061-P16,ST0061,2025-09-03 10:00,2025-09-03 10:30,通讯故障,重启通讯模块,0.5
ST0061-P16,ST0061,2026-05-29 09:00,2026-05-29 10:38,接触不良,紧固接线端子,1.6
ST0061-P16,ST0061,2026-06-03 15:00,2026-06-03 20:03,线缆问题,修补线缆外皮,5.1
ST0061-P16,ST0061,2026-06-08 16:00,2026-06-08 17:54,接触不良,更换充电枪头,1.9
ST0061-P17,ST0061,2026-04-10 20:00,2026-04-10 21:16,通讯故障,重启通讯模块,1.3
ST0061-P17,ST0061,2026-06-28 02:00,2026-06-28 05:10,过温保护,清理散热片,3.2
ST0061-P18,ST0061,2026-03-13 21:00,2026-03-14 08:30,过温保护,清理散热片,11.5
ST0061-P19,ST0061,2025-11-19 15:00,2025-11-19 15:32,过温保护,检查风扇,0.5
ST0061-P19,ST0061,2025-12-28 03:00,2025-12-28 09:15,硬件损坏,更换控制板,6.3
ST0061-P19,ST0061,2026-02-12 03:00,2026-02-12 05:51,过温保护,清理散热片,2.9
ST0061-P20,ST0061,2025-11-16 23:00,2025-11-17 00:06,过温保护,降低功率运行,1.1
ST0061-P20,ST0061,2025-12-06 07:00,2025-12-06 09:45,线缆问题,更换充电线缆,2.8
ST0061-P20,ST0061,2026-01-13 13:00,2026-01-13 14:40,过温保护,清理散热片,1.7
ST0062-P01,ST0062,2026-07-09 18:00,2026-07-09 23:55,线缆问题,更换连接器,5.9
ST0062-P02,ST0062,2026-05-19 03:00,2026-05-19 07:14,接触不良,紧固接线端子,4.2
ST0062-P03,ST0062,2025-10-27 03:00,2025-10-27 10:52,功率异常,校准功率表,7.9
ST0062-P03,ST0062,2025-11-18 14:00,2025-11-18 14:30,接触不良,更换充电枪头,0.5
ST0062-P03,ST0062,2026-02-27 01:00,2026-02-27 05:39,接触不良,更换充电枪头,4.7
ST0062-P03,ST0062,2026-04-21 14:00,2026-04-22 06:13,通讯故障,检查天线连接,16.2
ST0062-P03,ST0062,2026-07-05 04:00,2026-07-05 13:20,过温保护,清理散热片,9.3
ST0062-P03,ST0062,2026-07-05 21:00,2026-07-06 08:10,过温保护,降低功率运行,11.2
ST0062-P04,ST0062,2025-09-18 17:00,2025-09-18 18:58,接触不良,更换充电枪头,2.0
ST0062-P04,ST0062,2025-11-29 11:00,2025-11-29 16:24,硬件损坏,返厂维修,5.4
ST0062-P04,ST0062,2026-07-26 19:00,2026-07-26 20:57,通讯故障,检查天线连接,2.0
ST0062-P05,ST0062,2025-08-12 23:00,2025-08-13 03:45,线缆问题,更换连接器,4.8
ST0062-P05,ST0062,2025-09-27 02:00,2025-09-27 02:41,过温保护,检查风扇,0.7
ST0062-P05,ST0062,2026-05-27 14:00,2026-05-27 15:56,过温保护,清理散热片,1.9
ST0062-P06,ST0062,2025-08-16 02:00,2025-08-16 13:01,过温保护,降低功率运行,11.0
ST0062-P06,ST0062,2025-12-27 21:00,2025-12-27 21:53,过温保护,降低功率运行,0.9
ST0062-P07,ST0062,2025-12-12 09:00,2025-12-12 11:18,功率异常,固件升级,2.3
ST0062-P08,ST0062,2025-10-01 14:00,2025-10-01 16:38,接触不良,清洁接头,2.6
ST0062-P09,ST0062,2025-11-28 18:00,2025-11-28 19:53,过温保护,检查风扇,1.9
ST0062-P09,ST0062,2026-04-17 11:00,2026-04-17 15:27,通讯故障,更换4G/5G模块,4.5
ST0062-P10,ST0062,2025-11-05 12:00,2025-11-05 14:55,接触不良,紧固接线端子,2.9
ST0062-P10,ST0062,2026-03-31 10:00,2026-03-31 11:08,过温保护,检查风扇,1.1
ST0062-P10,ST0062,2026-05-04 01:00,2026-05-04 01:42,功率异常,更换传感器,0.7
ST0062-P10,ST0062,2026-07-08 02:00,2026-07-08 03:01,接触不良,更换充电枪头,1.0
ST0062-P11,ST0062,2025-12-17 05:00,2025-12-17 05:30,过温保护,降低功率运行,0.5
ST0062-P11,ST0062,2026-02-17 18:00,2026-02-17 18:30,接触不良,紧固接线端子,0.5
ST0062-P11,ST0062,2026-04-02 21:00,2026-04-02 21:59,接触不良,紧固接线端子,1.0
ST0062-P11,ST0062,2026-04-13 21:00,2026-04-13 22:13,接触不良,紧固接线端子,1.2
ST0062-P11,ST0062,2026-04-16 04:00,2026-04-16 09:27,通讯故障,更换4G/5G模块,5.5
ST0062-P11,ST0062,2026-07-10 13:00,2026-07-10 14:27,接触不良,紧固接线端子,1.5
ST0062-P12,ST0062,2025-08-23 15:00,2025-08-24 02:49,过温保护,降低功率运行,11.8
ST0062-P12,ST0062,2025-09-15 18:00,2025-09-15 20:01,接触不良,清洁接头,2.0
ST0062-P12,ST0062,2025-09-27 11:00,2025-09-27 14:28,接触不良,清洁接头,3.5
ST0062-P12,ST0062,2026-04-07 09:00,2026-04-07 11:49,接触不良,紧固接线端子,2.8
ST0062-P12,ST0062,2026-06-25 07:00,2026-06-25 07:30,通讯故障,重启通讯模块,0.5
ST0062-P13,ST0062,2026-02-10 11:00,2026-02-10 17:51,通讯故障,重启通讯模块,6.9
ST0062-P13,ST0062,2026-05-13 07:00,2026-05-13 08:30,硬件损坏,更换控制板,1.5
ST0062-P14,ST0062,2026-02-20 05:00,2026-02-20 12:13,过温保护,检查风扇,7.2
ST0062-P14,ST0062,2026-06-24 01:00,2026-06-24 14:40,通讯故障,检查天线连接,13.7
ST0062-P14,ST0062,2026-07-04 21:00,2026-07-04 22:55,通讯故障,检查天线连接,1.9
ST0062-P15,ST0062,2025-12-06 23:00,2025-12-07 04:26,功率异常,更换传感器,5.4
ST0062-P15,ST0062,2025-12-15 14:00,2025-12-15 20:37,接触不良,紧固接线端子,6.6
ST0062-P15,ST0062,2026-01-07 04:00,2026-01-07 10:04,通讯故障,重启通讯模块,6.1
ST0062-P15,ST0062,2026-03-16 00:00,2026-03-16 00:58,过温保护,清理散热片,1.0
ST0062-P15,ST0062,2026-06-10 13:00,2026-06-10 16:02,通讯故障,重启通讯模块,3.0
ST0062-P16,ST0062,2025-08-01 16:00,2025-08-01 16:49,线缆问题,更换连接器,0.8
ST0062-P16,ST0062,2026-01-30 18:00,2026-01-30 20:23,过温保护,清理散热片,2.4
ST0062-P16,ST0062,2026-05-05 17:00,2026-05-05 20:14,接触不良,更换充电枪头,3.2
ST0062-P16,ST0062,2026-06-19 13:00,2026-06-19 14:44,接触不良,清洁接头,1.7
ST0062-P17,ST0062,2025-08-22 13:00,2025-08-22 14:16,接触不良,更换充电枪头,1.3
ST0062-P17,ST0062,2026-02-21 17:00,2026-02-21 19:45,线缆问题,更换连接器,2.8
ST0062-P17,ST0062,2026-04-14 07:00,2026-04-14 07:58,通讯故障,检查天线连接,1.0
ST0062-P18,ST0062,2025-09-02 02:00,2025-09-02 08:52,接触不良,清洁接头,6.9
ST0062-P18,ST0062,2025-09-07 06:00,2025-09-07 06:54,线缆问题,更换充电线缆,0.9
ST0062-P18,ST0062,2026-03-06 00:00,2026-03-06 13:32,过温保护,降低功率运行,13.5
ST0062-P18,ST0062,2026-05-28 23:00,2026-05-28 23:49,过温保护,清理散热片,0.8
ST0062-P18,ST0062,2026-06-05 18:00,2026-06-05 18:35,线缆问题,更换充电线缆,0.6
ST0062-P19,ST0062,2026-06-04 20:00,2026-06-05 01:30,过温保护,清理散热片,5.5
ST0062-P20,ST0062,2025-11-04 07:00,2025-11-04 11:03,硬件损坏,更换功率模块,4.1
ST0062-P20,ST0062,2025-12-09 10:00,2025-12-09 10:30,通讯故障,检查天线连接,0.5
ST0062-P20,ST0062,2026-01-18 22:00,2026-01-19 05:38,接触不良,更换充电枪头,7.6
ST0062-P20,ST0062,2026-02-25 00:00,2026-02-25 01:29,线缆问题,修补线缆外皮,1.5
ST0062-P20,ST0062,2026-04-19 03:00,2026-04-19 03:30,接触不良,清洁接头,0.5
ST0063-P01,ST0063,2025-08-15 18:00,2025-08-15 23:51,过温保护,检查风扇,5.9
ST0063-P01,ST0063,2025-09-19 13:00,2025-09-19 14:41,过温保护,检查风扇,1.7
ST0063-P01,ST0063,2025-12-13 03:00,2025-12-13 13:47,功率异常,固件升级,10.8
ST0063-P01,ST0063,2026-06-29 01:00,2026-06-29 01:30,线缆问题,更换充电线缆,0.5
ST0063-P01,ST0063,2026-07-23 09:00,2026-07-23 11:42,通讯故障,更换4G/5G模块,2.7
ST0063-P02,ST0063,2026-04-05 23:00,2026-04-06 18:09,过温保护,清理散热片,19.2
ST0063-P02,ST0063,2026-04-22 04:00,2026-04-22 04:52,接触不良,紧固接线端子,0.9
ST0063-P03,ST0063,2025-08-02 12:00,2025-08-02 16:01,接触不良,清洁接头,4.0
ST0063-P03,ST0063,2025-09-23 07:00,2025-09-23 12:48,过温保护,检查风扇,5.8
ST0063-P03,ST0063,2025-12-17 13:00,2025-12-17 13:47,通讯故障,检查天线连接,0.8
ST0063-P03,ST0063,2025-12-18 02:00,2025-12-18 19:04,通讯故障,更换4G/5G模块,17.1
ST0063-P03,ST0063,2026-05-10 04:00,2026-05-10 09:43,过温保护,清理散热片,5.7
ST0063-P03,ST0063,2026-06-15 05:00,2026-06-15 06:39,线缆问题,修补线缆外皮,1.7
ST0063-P04,ST0063,2026-05-25 12:00,2026-05-25 14:02,过温保护,降低功率运行,2.0
ST0063-P04,ST0063,2026-06-12 21:00,2026-06-13 00:05,通讯故障,检查天线连接,3.1
ST0063-P04,ST0063,2026-06-13 07:00,2026-06-14 04:19,功率异常,固件升级,21.3
ST0063-P05,ST0063,2025-08-30 21:00,2025-08-30 23:54,硬件损坏,更换控制板,2.9
ST0063-P05,ST0063,2025-09-16 10:00,2025-09-16 10:30,通讯故障,更换4G/5G模块,0.5
ST0063-P05,ST0063,2025-10-03 19:00,2025-10-03 19:30,过温保护,清理散热片,0.5
ST0063-P05,ST0063,2026-05-29 08:00,2026-05-29 08:56,过温保护,检查风扇,0.9
ST0063-P05,ST0063,2026-06-03 21:00,2026-06-03 22:09,接触不良,更换充电枪头,1.2
ST0063-P05,ST0063,2026-07-04 01:00,2026-07-04 03:47,功率异常,校准功率表,2.8
ST0063-P06,ST0063,2025-12-05 22:00,2025-12-05 23:13,线缆问题,修补线缆外皮,1.2
ST0063-P07,ST0063,2025-09-21 16:00,2025-09-21 21:22,过温保护,降低功率运行,5.4
ST0063-P07,ST0063,2025-12-12 10:00,2025-12-12 13:55,通讯故障,更换4G/5G模块,3.9
ST0063-P07,ST0063,2026-01-08 07:00,2026-01-08 10:16,接触不良,清洁接头,3.3
ST0063-P07,ST0063,2026-02-19 06:00,2026-02-19 10:30,接触不良,清洁接头,4.5
ST0063-P07,ST0063,2026-06-02 17:00,2026-06-02 17:33,硬件损坏,返厂维修,0.6
ST0063-P07,ST0063,2026-06-03 01:00,2026-06-03 18:11,接触不良,清洁接头,17.2
ST0063-P07,ST0063,2026-07-30 20:00,2026-07-31 02:14,过温保护,清理散热片,6.2
ST0063-P08,ST0063,2025-10-09 09:00,2025-10-09 21:35,接触不良,紧固接线端子,12.6
ST0063-P08,ST0063,2026-05-25 08:00,2026-05-25 12:46,过温保护,清理散热片,4.8
ST0063-P08,ST0063,2026-06-30 18:00,2026-07-01 00:00,过温保护,检查风扇,6.0
ST0063-P09,ST0063,2025-12-19 23:00,2025-12-20 04:33,接触不良,紧固接线端子,5.6
ST0063-P09,ST0063,2026-01-15 13:00,2026-01-15 15:43,通讯故障,更换4G/5G模块,2.7
ST0063-P09,ST0063,2026-04-12 13:00,2026-04-12 13:53,线缆问题,更换充电线缆,0.9
ST0063-P09,ST0063,2026-06-11 13:00,2026-06-11 17:32,功率异常,更换传感器,4.5
ST0063-P10,ST0063,2025-10-06 07:00,2025-10-06 08:07,硬件损坏,更换控制板,1.1
ST0063-P10,ST0063,2025-10-06 20:00,2025-10-07 02:39,过温保护,清理散热片,6.7
ST0063-P10,ST0063,2025-11-22 06:00,2025-11-22 06:30,功率异常,固件升级,0.5
ST0063-P10,ST0063,2025-12-11 12:00,2025-12-11 17:13,过温保护,检查风扇,5.2
ST0063-P10,ST0063,2026-03-19 09:00,2026-03-19 09:30,硬件损坏,更换控制板,0.5
ST0063-P10,ST0063,2026-05-03 00:00,2026-05-03 21:37,接触不良,紧固接线端子,21.6
ST0063-P10,ST0063,2026-06-08 00:00,2026-06-08 08:49,接触不良,清洁接头,8.8
ST0063-P11,ST0063,2025-08-28 00:00,2025-08-28 01:49,接触不良,紧固接线端子,1.8
ST0063-P11,ST0063,2026-06-08 11:00,2026-06-08 18:32,接触不良,更换充电枪头,7.5
ST0063-P11,ST0063,2026-06-20 10:00,2026-06-20 12:05,通讯故障,检查天线连接,2.1
ST0063-P11,ST0063,2026-07-12 13:00,2026-07-12 16:34,接触不良,更换充电枪头,3.6
ST0063-P12,ST0063,2025-11-01 14:00,2025-11-01 17:24,硬件损坏,更换控制板,3.4
ST0063-P12,ST0063,2026-03-31 09:00,2026-03-31 11:37,接触不良,清洁接头,2.6
ST0063-P12,ST0063,2026-04-02 22:00,2026-04-03 05:57,接触不良,紧固接线端子,8.0
ST0063-P13,ST0063,2025-09-04 12:00,2025-09-04 12:40,接触不良,更换充电枪头,0.7
ST0063-P13,ST0063,2025-09-23 02:00,2025-09-23 09:33,接触不良,更换充电枪头,7.6
ST0063-P14,ST0063,2025-08-08 03:00,2025-08-08 03:46,功率异常,更换传感器,0.8
ST0063-P14,ST0063,2025-08-31 00:00,2025-08-31 09:40,接触不良,紧固接线端子,9.7
ST0063-P14,ST0063,2026-04-15 08:00,2026-04-15 10:13,接触不良,紧固接线端子,2.2
ST0063-P14,ST0063,2026-04-22 20:00,2026-04-22 20:52,线缆问题,修补线缆外皮,0.9
ST0063-P15,ST0063,2025-11-09 02:00,2025-11-09 02:30,线缆问题,更换充电线缆,0.5
ST0063-P15,ST0063,2026-04-11 17:00,2026-04-11 20:39,过温保护,清理散热片,3.7
ST0063-P15,ST0063,2026-05-23 19:00,2026-05-23 19:30,过温保护,检查风扇,0.5
ST0063-P16,ST0063,2025-10-15 23:00,2025-10-16 03:28,接触不良,更换充电枪头,4.5
ST0063-P16,ST0063,2025-10-24 01:00,2025-10-24 09:52,硬件损坏,更换功率模块,8.9
ST0063-P16,ST0063,2026-02-26 08:00,2026-02-26 19:00,过温保护,清理散热片,11.0
ST0063-P16,ST0063,2026-04-28 08:00,2026-04-28 14:30,过温保护,清理散热片,6.5
ST0063-P16,ST0063,2026-06-23 13:00,2026-06-23 13:30,通讯故障,重启通讯模块,0.5
ST0063-P17,ST0063,2026-03-09 11:00,2026-03-09 17:40,通讯故障,检查天线连接,6.7
ST0063-P17,ST0063,2026-04-30 01:00,2026-04-30 06:13,接触不良,清洁接头,5.2
ST0063-P17,ST0063,2026-05-29 23:00,2026-05-30 04:04,硬件损坏,更换控制板,5.1
ST0063-P18,ST0063,2025-11-28 16:00,2025-11-28 19:16,过温保护,检查风扇,3.3
ST0063-P18,ST0063,2025-12-14 16:00,2025-12-14 16:30,过温保护,清理散热片,0.5
ST0063-P18,ST0063,2026-01-06 04:00,2026-01-06 05:52,线缆问题,更换充电线缆,1.9
ST0063-P18,ST0063,2026-07-10 17:00,2026-07-10 17:38,通讯故障,检查天线连接,0.6
ST0063-P19,ST0063,2025-12-16 01:00,2025-12-16 01:44,硬件损坏,更换功率模块,0.7
ST0063-P19,ST0063,2026-01-04 20:00,2026-01-04 21:35,通讯故障,更换4G/5G模块,1.6
ST0063-P19,ST0063,2026-07-13 13:00,2026-07-13 13:30,过温保护,检查风扇,0.5
ST0063-P20,ST0063,2025-10-11 06:00,2025-10-11 06:31,过温保护,清理散热片,0.5
ST0063-P20,ST0063,2025-11-09 02:00,2025-11-09 13:09,接触不良,更换充电枪头,11.2
ST0063-P20,ST0063,2026-03-18 09:00,2026-03-18 09:57,通讯故障,检查天线连接,1.0
ST0064-P01,ST0064,2026-04-09 21:00,2026-04-09 23:16,通讯故障,检查天线连接,2.3
ST0064-P02,ST0064,2025-11-07 17:00,2025-11-07 23:55,过温保护,降低功率运行,6.9
ST0064-P02,ST0064,2025-11-14 07:00,2025-11-14 09:21,通讯故障,检查天线连接,2.4
ST0064-P02,ST0064,2025-12-29 20:00,2025-12-31 02:26,线缆问题,更换连接器,30.4
ST0064-P02,ST0064,2026-04-08 05:00,2026-04-08 13:57,功率异常,校准功率表,9.0
ST0064-P02,ST0064,2026-07-14 23:00,2026-07-15 06:12,过温保护,清理散热片,7.2
ST0064-P03,ST0064,2025-10-26 02:00,2025-10-26 02:30,过温保护,检查风扇,0.5
ST0064-P04,ST0064,2026-05-05 01:00,2026-05-05 05:31,过温保护,清理散热片,4.5
ST0064-P04,ST0064,2026-06-07 12:00,2026-06-07 20:18,接触不良,更换充电枪头,8.3
ST0064-P05,ST0064,2025-11-08 01:00,2025-11-08 05:19,硬件损坏,更换控制板,4.3
ST0064-P05,ST0064,2026-05-07 16:00,2026-05-07 17:10,通讯故障,重启通讯模块,1.2
ST0064-P05,ST0064,2026-06-08 07:00,2026-06-08 08:21,接触不良,清洁接头,1.4
ST0064-P06,ST0064,2025-08-19 22:00,2025-08-20 02:28,硬件损坏,返厂维修,4.5
ST0064-P06,ST0064,2025-09-23 16:00,2025-09-23 17:57,接触不良,更换充电枪头,2.0
ST0064-P06,ST0064,2025-11-26 09:00,2025-11-26 11:52,接触不良,更换充电枪头,2.9
ST0064-P07,ST0064,2026-03-31 16:00,2026-03-31 21:24,通讯故障,更换4G/5G模块,5.4
ST0064-P07,ST0064,2026-04-21 02:00,2026-04-21 07:39,过温保护,检查风扇,5.7
ST0064-P08,ST0064,2025-11-16 17:00,2025-11-16 20:20,接触不良,清洁接头,3.3
ST0064-P08,ST0064,2026-02-01 08:00,2026-02-01 11:11,接触不良,清洁接头,3.2
ST0064-P08,ST0064,2026-03-07 01:00,2026-03-07 03:42,接触不良,紧固接线端子,2.7
ST0064-P08,ST0064,2026-07-19 02:00,2026-07-19 07:01,功率异常,更换传感器,5.0
ST0064-P09,ST0064,2025-08-08 20:00,2025-08-09 10:55,接触不良,紧固接线端子,14.9
ST0064-P09,ST0064,2026-07-27 17:00,2026-07-27 17:30,通讯故障,重启通讯模块,0.5
ST0064-P10,ST0064,2026-06-26 19:00,2026-06-26 21:39,功率异常,校准功率表,2.7
ST0064-P10,ST0064,2026-07-09 10:00,2026-07-09 10:49,通讯故障,重启通讯模块,0.8
ST0064-P11,ST0064,2025-09-01 09:00,2025-09-01 09:30,通讯故障,更换4G/5G模块,0.5
ST0064-P11,ST0064,2025-10-08 15:00,2025-10-08 17:23,通讯故障,重启通讯模块,2.4
ST0064-P11,ST0064,2025-10-19 22:00,2025-10-19 23:23,过温保护,降低功率运行,1.4
ST0064-P11,ST0064,2025-12-19 14:00,2025-12-19 15:34,硬件损坏,返厂维修,1.6
ST0064-P11,ST0064,2026-04-04 18:00,2026-04-05 00:46,硬件损坏,返厂维修,6.8
ST0064-P11,ST0064,2026-05-18 18:00,2026-05-18 21:16,接触不良,清洁接头,3.3
ST0064-P11,ST0064,2026-05-28 16:00,2026-05-28 17:34,过温保护,降低功率运行,1.6
ST0064-P12,ST0064,2025-10-23 16:00,2025-10-23 19:44,通讯故障,重启通讯模块,3.7
ST0064-P12,ST0064,2025-10-29 08:00,2025-10-29 09:52,过温保护,清理散热片,1.9
ST0064-P12,ST0064,2025-11-13 17:00,2025-11-13 18:37,接触不良,紧固接线端子,1.6
ST0064-P12,ST0064,2025-11-24 18:00,2025-11-24 18:46,接触不良,清洁接头,0.8
ST0064-P12,ST0064,2025-11-30 18:00,2025-11-30 20:35,过温保护,清理散热片,2.6
ST0064-P12,ST0064,2026-02-12 22:00,2026-02-12 22:58,接触不良,清洁接头,1.0
ST0064-P13,ST0064,2025-09-27 20:00,2025-09-28 00:07,接触不良,紧固接线端子,4.1
ST0064-P14,ST0064,2025-08-02 00:00,2025-08-02 00:30,接触不良,更换充电枪头,0.5
ST0064-P14,ST0064,2025-08-23 03:00,2025-08-23 04:12,接触不良,更换充电枪头,1.2
ST0064-P14,ST0064,2025-10-25 04:00,2025-10-25 04:30,功率异常,校准功率表,0.5
ST0064-P14,ST0064,2025-11-03 07:00,2025-11-03 07:46,硬件损坏,更换功率模块,0.8
ST0064-P14,ST0064,2026-04-21 01:00,2026-04-21 01:30,过温保护,降低功率运行,0.5
ST0064-P14,ST0064,2026-05-23 17:00,2026-05-23 18:05,接触不良,更换充电枪头,1.1
ST0064-P14,ST0064,2026-07-21 16:00,2026-07-22 01:36,接触不良,清洁接头,9.6
ST0064-P15,ST0064,2026-02-11 03:00,2026-02-11 08:19,过温保护,清理散热片,5.3
ST0064-P16,ST0064,2025-09-17 09:00,2025-09-17 10:41,过温保护,清理散热片,1.7
ST0064-P16,ST0064,2025-11-05 11:00,2025-11-05 15:18,通讯故障,更换4G/5G模块,4.3
ST0064-P16,ST0064,2026-02-14 03:00,2026-02-14 11:24,过温保护,清理散热片,8.4
ST0064-P16,ST0064,2026-05-08 02:00,2026-05-08 11:01,通讯故障,更换4G/5G模块,9.0
ST0064-P16,ST0064,2026-07-13 15:00,2026-07-14 07:45,功率异常,固件升级,16.8
ST0064-P17,ST0064,2026-01-11 20:00,2026-01-12 06:12,功率异常,校准功率表,10.2
ST0064-P17,ST0064,2026-04-19 01:00,2026-04-19 02:01,过温保护,检查风扇,1.0
ST0064-P17,ST0064,2026-06-25 02:00,2026-06-25 02:36,接触不良,紧固接线端子,0.6
ST0064-P18,ST0064,2025-08-18 00:00,2025-08-18 02:27,过温保护,清理散热片,2.5
ST0064-P18,ST0064,2025-10-10 06:00,2025-10-10 11:39,接触不良,清洁接头,5.7
ST0064-P18,ST0064,2026-01-06 13:00,2026-01-07 05:51,通讯故障,检查天线连接,16.9
ST0064-P18,ST0064,2026-01-09 21:00,2026-01-10 03:38,通讯故障,重启通讯模块,6.6
ST0064-P19,ST0064,2025-09-08 10:00,2025-09-08 10:30,过温保护,清理散热片,0.5
ST0064-P19,ST0064,2025-12-21 10:00,2025-12-21 11:31,通讯故障,检查天线连接,1.5
ST0064-P19,ST0064,2026-03-05 08:00,2026-03-05 08:38,接触不良,更换充电枪头,0.6
ST0064-P19,ST0064,2026-03-10 21:00,2026-03-10 22:02,功率异常,更换传感器,1.0
ST0064-P19,ST0064,2026-05-29 12:00,2026-05-29 13:11,线缆问题,修补线缆外皮,1.2
ST0064-P19,ST0064,2026-07-19 01:00,2026-07-19 04:30,通讯故障,更换4G/5G模块,3.5
ST0064-P20,ST0064,2025-09-21 12:00,2025-09-21 12:54,过温保护,降低功率运行,0.9
ST0064-P20,ST0064,2025-11-24 09:00,2025-11-25 01:17,接触不良,更换充电枪头,16.3
ST0064-P20,ST0064,2026-03-03 17:00,2026-03-03 20:15,硬件损坏,更换功率模块,3.3
ST0064-P20,ST0064,2026-03-17 17:00,2026-03-17 18:16,功率异常,更换传感器,1.3
ST0064-P20,ST0064,2026-03-29 01:00,2026-03-29 01:30,硬件损坏,返厂维修,0.5
ST0064-P20,ST0064,2026-05-15 06:00,2026-05-15 09:33,通讯故障,更换4G/5G模块,3.6
ST0064-P20,ST0064,2026-05-30 08:00,2026-05-30 10:20,过温保护,降低功率运行,2.3
ST0064-P20,ST0064,2026-06-11 00:00,2026-06-11 15:21,通讯故障,更换4G/5G模块,15.4
ST0065-P01,ST0065,2026-05-01 23:00,2026-05-02 02:47,接触不良,紧固接线端子,3.8
ST0065-P01,ST0065,2026-05-17 19:00,2026-05-18 00:02,接触不良,清洁接头,5.0
ST0065-P02,ST0065,2026-03-10 17:00,2026-03-10 18:51,通讯故障,检查天线连接,1.9
ST0065-P02,ST0065,2026-04-24 20:00,2026-04-25 03:30,通讯故障,检查天线连接,7.5
ST0065-P02,ST0065,2026-04-28 07:00,2026-04-28 07:42,接触不良,紧固接线端子,0.7
ST0065-P03,ST0065,2025-09-07 11:00,2025-09-08 01:18,接触不良,更换充电枪头,14.3
ST0065-P03,ST0065,2025-09-09 18:00,2025-09-09 19:38,通讯故障,更换4G/5G模块,1.6
ST0065-P03,ST0065,2025-11-01 11:00,2025-11-02 02:56,通讯故障,更换4G/5G模块,15.9
ST0065-P03,ST0065,2026-02-06 18:00,2026-02-06 21:50,过温保护,检查风扇,3.8
ST0065-P03,ST0065,2026-02-10 00:00,2026-02-10 04:51,通讯故障,检查天线连接,4.9
ST0065-P04,ST0065,2025-09-14 04:00,2025-09-14 05:32,过温保护,检查风扇,1.5
ST0065-P04,ST0065,2026-07-26 11:00,2026-07-26 11:44,接触不良,清洁接头,0.7
ST0065-P05,ST0065,2026-06-20 16:00,2026-06-20 20:52,硬件损坏,返厂维修,4.9
ST0065-P06,ST0065,2025-09-10 17:00,2025-09-10 20:47,硬件损坏,更换功率模块,3.8
ST0065-P06,ST0065,2026-02-11 00:00,2026-02-11 00:30,过温保护,检查风扇,0.5
ST0065-P07,ST0065,2025-09-07 14:00,2025-09-07 22:51,线缆问题,修补线缆外皮,8.9
ST0065-P07,ST0065,2026-05-20 11:00,2026-05-20 12:08,通讯故障,重启通讯模块,1.1
ST0065-P08,ST0065,2025-12-27 22:00,2025-12-28 01:40,接触不良,更换充电枪头,3.7
ST0065-P08,ST0065,2026-03-24 15:00,2026-03-24 22:30,接触不良,清洁接头,7.5
ST0065-P08,ST0065,2026-07-10 23:00,2026-07-11 03:34,线缆问题,更换充电线缆,4.6
ST0065-P09,ST0065,2025-09-17 19:00,2025-09-17 23:11,接触不良,紧固接线端子,4.2
ST0065-P09,ST0065,2026-05-05 21:00,2026-05-05 21:30,过温保护,降低功率运行,0.5
ST0065-P09,ST0065,2026-05-10 04:00,2026-05-10 04:30,过温保护,检查风扇,0.5
ST0065-P09,ST0065,2026-05-31 12:00,2026-05-31 15:20,接触不良,更换充电枪头,3.3
ST0065-P10,ST0065,2025-10-30 05:00,2025-10-30 07:32,过温保护,清理散热片,2.5
ST0065-P11,ST0065,2025-08-02 18:00,2025-08-02 19:02,线缆问题,更换充电线缆,1.0
ST0065-P11,ST0065,2025-09-23 17:00,2025-09-23 18:18,过温保护,检查风扇,1.3
ST0065-P11,ST0065,2025-12-14 23:00,2025-12-15 07:46,通讯故障,检查天线连接,8.8
ST0065-P11,ST0065,2026-02-04 08:00,2026-02-04 09:05,过温保护,清理散热片,1.1
ST0065-P11,ST0065,2026-03-11 16:00,2026-03-11 18:09,通讯故障,重启通讯模块,2.2
ST0065-P11,ST0065,2026-04-06 01:00,2026-04-06 07:21,接触不良,清洁接头,6.4
ST0065-P11,ST0065,2026-07-15 09:00,2026-07-15 09:30,接触不良,清洁接头,0.5
ST0065-P12,ST0065,2025-08-26 02:00,2025-08-26 03:59,接触不良,紧固接线端子,2.0
ST0065-P12,ST0065,2025-08-28 14:00,2025-08-28 16:10,接触不良,更换充电枪头,2.2
ST0065-P12,ST0065,2025-11-17 04:00,2025-11-17 05:41,过温保护,检查风扇,1.7
ST0065-P12,ST0065,2026-01-23 13:00,2026-01-23 13:32,过温保护,检查风扇,0.5
ST0065-P12,ST0065,2026-02-21 07:00,2026-02-21 16:52,硬件损坏,返厂维修,9.9
ST0065-P13,ST0065,2025-08-03 01:00,2025-08-03 01:48,接触不良,更换充电枪头,0.8
ST0065-P13,ST0065,2025-10-23 17:00,2025-10-23 19:52,硬件损坏,返厂维修,2.9
ST0065-P13,ST0065,2026-01-15 23:00,2026-01-16 00:06,过温保护,检查风扇,1.1
ST0065-P14,ST0065,2026-04-22 05:00,2026-04-22 08:56,过温保护,清理散热片,3.9
ST0065-P14,ST0065,2026-07-19 08:00,2026-07-19 13:12,通讯故障,检查天线连接,5.2
ST0065-P15,ST0065,2026-01-27 17:00,2026-01-28 01:18,线缆问题,更换连接器,8.3
ST0065-P15,ST0065,2026-04-04 02:00,2026-04-04 09:33,接触不良,更换充电枪头,7.6
ST0065-P15,ST0065,2026-05-05 11:00,2026-05-05 13:43,过温保护,清理散热片,2.7
ST0065-P15,ST0065,2026-07-24 01:00,2026-07-24 01:44,接触不良,更换充电枪头,0.7
ST0065-P16,ST0065,2025-08-01 19:00,2025-08-01 19:30,接触不良,更换充电枪头,0.5
ST0065-P16,ST0065,2026-03-26 03:00,2026-03-26 11:46,过温保护,降低功率运行,8.8
ST0065-P17,ST0065,2025-08-28 18:00,2025-08-28 20:56,接触不良,更换充电枪头,2.9
ST0065-P17,ST0065,2025-11-11 01:00,2025-11-11 01:45,接触不良,更换充电枪头,0.8
ST0065-P17,ST0065,2026-02-02 07:00,2026-02-02 08:04,接触不良,清洁接头,1.1
ST0065-P17,ST0065,2026-03-25 02:00,2026-03-25 03:27,硬件损坏,更换控制板,1.5
ST0065-P18,ST0065,2025-08-03 15:00,2025-08-03 21:12,过温保护,检查风扇,6.2
ST0065-P18,ST0065,2026-07-25 20:00,2026-07-25 20:43,通讯故障,重启通讯模块,0.7
ST0065-P19,ST0065,2026-05-21 09:00,2026-05-21 12:58,硬件损坏,返厂维修,4.0
ST0065-P20,ST0065,2026-04-25 14:00,2026-04-25 20:07,通讯故障,更换4G/5G模块,6.1
ST0065-P20,ST0065,2026-05-31 17:00,2026-05-31 20:53,接触不良,紧固接线端子,3.9
ST0065-P20,ST0065,2026-06-27 04:00,2026-06-27 13:28,通讯故障,检查天线连接,9.5
ST0066-P01,ST0066,2025-12-10 08:00,2025-12-10 13:09,硬件损坏,更换控制板,5.2
ST0066-P01,ST0066,2026-01-24 04:00,2026-01-24 08:32,接触不良,紧固接线端子,4.5
ST0066-P02,ST0066,2025-09-15 19:00,2025-09-15 22:09,通讯故障,检查天线连接,3.2
ST0066-P02,ST0066,2026-04-21 04:00,2026-04-21 08:54,过温保护,检查风扇,4.9
ST0066-P03,ST0066,2025-08-19 08:00,2025-08-19 15:52,接触不良,清洁接头,7.9
ST0066-P03,ST0066,2025-08-24 04:00,2025-08-24 06:34,过温保护,检查风扇,2.6
ST0066-P03,ST0066,2025-11-18 23:00,2025-11-19 00:36,接触不良,更换充电枪头,1.6
ST0066-P04,ST0066,2025-08-31 12:00,2025-08-31 13:14,接触不良,清洁接头,1.2
ST0066-P04,ST0066,2025-10-17 13:00,2025-10-17 14:31,通讯故障,检查天线连接,1.5
ST0066-P04,ST0066,2025-12-30 06:00,2025-12-30 09:09,通讯故障,检查天线连接,3.2
ST0066-P04,ST0066,2026-02-01 14:00,2026-02-01 14:57,通讯故障,更换4G/5G模块,1.0
ST0066-P04,ST0066,2026-04-26 07:00,2026-04-26 09:34,过温保护,检查风扇,2.6
ST0066-P05,ST0066,2025-12-07 09:00,2025-12-07 10:09,过温保护,降低功率运行,1.2
ST0066-P05,ST0066,2026-01-03 05:00,2026-01-03 07:03,过温保护,检查风扇,2.1
ST0066-P05,ST0066,2026-04-15 06:00,2026-04-15 06:30,通讯故障,检查天线连接,0.5
ST0066-P05,ST0066,2026-05-29 17:00,2026-05-29 21:48,线缆问题,更换充电线缆,4.8
ST0066-P06,ST0066,2026-02-12 20:00,2026-02-12 23:32,硬件损坏,更换控制板,3.5
ST0066-P07,ST0066,2025-08-26 12:00,2025-08-26 23:24,接触不良,清洁接头,11.4
ST0066-P07,ST0066,2026-01-19 01:00,2026-01-19 05:33,过温保护,检查风扇,4.6
ST0066-P07,ST0066,2026-03-16 08:00,2026-03-16 12:25,接触不良,紧固接线端子,4.4
ST0066-P08,ST0066,2025-09-10 11:00,2025-09-10 13:01,过温保护,检查风扇,2.0
ST0066-P08,ST0066,2025-10-21 06:00,2025-10-21 07:29,接触不良,紧固接线端子,1.5
ST0066-P09,ST0066,2025-08-15 21:00,2025-08-16 04:05,过温保护,降低功率运行,7.1
ST0066-P09,ST0066,2025-08-22 15:00,2025-08-22 17:37,硬件损坏,返厂维修,2.6
ST0066-P09,ST0066,2026-01-18 10:00,2026-01-18 20:12,接触不良,更换充电枪头,10.2
ST0066-P09,ST0066,2026-07-25 09:00,2026-07-25 12:54,过温保护,降低功率运行,3.9
ST0066-P10,ST0066,2025-09-21 14:00,2025-09-22 00:23,接触不良,紧固接线端子,10.4
ST0066-P10,ST0066,2026-02-15 03:00,2026-02-15 10:03,接触不良,紧固接线端子,7.1
ST0066-P10,ST0066,2026-07-18 00:00,2026-07-18 00:30,线缆问题,更换充电线缆,0.5
ST0066-P11,ST0066,2025-08-28 21:00,2025-08-28 21:37,接触不良,紧固接线端子,0.6
ST0066-P11,ST0066,2026-03-16 21:00,2026-03-17 00:51,接触不良,清洁接头,3.9
ST0066-P12,ST0066,2026-06-21 00:00,2026-06-21 01:31,接触不良,清洁接头,1.5
ST0066-P13,ST0066,2025-10-30 00:00,2025-10-30 09:41,过温保护,清理散热片,9.7
ST0066-P13,ST0066,2026-01-30 01:00,2026-01-31 01:41,功率异常,校准功率表,24.7
ST0066-P13,ST0066,2026-03-13 10:00,2026-03-13 10:32,硬件损坏,返厂维修,0.5
ST0066-P13,ST0066,2026-07-08 04:00,2026-07-08 10:52,接触不良,更换充电枪头,6.9
ST0066-P13,ST0066,2026-07-24 02:00,2026-07-24 09:28,通讯故障,检查天线连接,7.5
ST0066-P14,ST0066,2025-09-26 10:00,2025-09-27 00:59,接触不良,更换充电枪头,15.0
ST0066-P14,ST0066,2025-11-02 11:00,2025-11-02 12:19,过温保护,降低功率运行,1.3
ST0066-P14,ST0066,2025-12-11 14:00,2025-12-11 14:30,功率异常,固件升级,0.5
ST0066-P14,ST0066,2026-06-13 10:00,2026-06-13 14:56,接触不良,更换充电枪头,4.9
ST0066-P14,ST0066,2026-07-18 21:00,2026-07-19 09:16,硬件损坏,返厂维修,12.3
ST0066-P15,ST0066,2025-10-06 14:00,2025-10-06 15:10,接触不良,紧固接线端子,1.2
ST0066-P15,ST0066,2026-03-15 22:00,2026-03-16 01:13,过温保护,清理散热片,3.2
ST0066-P15,ST0066,2026-05-09 01:00,2026-05-09 13:27,硬件损坏,更换控制板,12.5
ST0066-P15,ST0066,2026-07-29 23:00,2026-07-29 23:30,接触不良,紧固接线端子,0.5
ST0066-P16,ST0066,2025-08-25 00:00,2025-08-25 02:42,通讯故障,更换4G/5G模块,2.7
ST0066-P16,ST0066,2025-11-27 21:00,2025-11-27 22:03,通讯故障,重启通讯模块,1.1
ST0066-P17,ST0066,2025-08-07 06:00,2025-08-07 06:43,接触不良,紧固接线端子,0.7
ST0066-P17,ST0066,2025-08-17 06:00,2025-08-17 08:09,接触不良,清洁接头,2.2
ST0066-P17,ST0066,2025-12-21 11:00,2025-12-21 12:09,接触不良,更换充电枪头,1.2
ST0066-P17,ST0066,2026-05-24 03:00,2026-05-24 09:10,通讯故障,重启通讯模块,6.2
ST0066-P18,ST0066,2025-12-24 02:00,2025-12-24 02:36,接触不良,更换充电枪头,0.6
ST0066-P18,ST0066,2026-05-05 09:00,2026-05-05 13:52,通讯故障,检查天线连接,4.9
ST0066-P18,ST0066,2026-06-11 03:00,2026-06-11 12:25,线缆问题,更换充电线缆,9.4
ST0066-P19,ST0066,2025-08-18 01:00,2025-08-18 01:30,线缆问题,修补线缆外皮,0.5
ST0066-P19,ST0066,2026-01-22 04:00,2026-01-22 10:53,通讯故障,重启通讯模块,6.9
ST0066-P19,ST0066,2026-01-31 11:00,2026-01-31 15:40,线缆问题,更换充电线缆,4.7
ST0066-P19,ST0066,2026-02-02 12:00,2026-02-02 14:17,硬件损坏,更换功率模块,2.3
ST0066-P19,ST0066,2026-02-08 21:00,2026-02-08 21:30,接触不良,紧固接线端子,0.5
ST0066-P20,ST0066,2025-08-10 12:00,2025-08-10 20:29,过温保护,降低功率运行,8.5
ST0066-P20,ST0066,2026-05-23 00:00,2026-05-23 04:01,线缆问题,更换连接器,4.0
ST0067-P01,ST0067,2025-08-31 02:00,2025-08-31 03:54,过温保护,降低功率运行,1.9
ST0067-P01,ST0067,2026-02-15 22:00,2026-02-16 04:49,功率异常,更换传感器,6.8
ST0067-P01,ST0067,2026-04-02 08:00,2026-04-02 09:49,硬件损坏,更换功率模块,1.8
ST0067-P02,ST0067,2025-08-11 00:00,2025-08-11 06:43,通讯故障,更换4G/5G模块,6.7
ST0067-P02,ST0067,2025-10-04 22:00,2025-10-05 21:59,通讯故障,重启通讯模块,24.0
ST0067-P02,ST0067,2025-12-26 09:00,2025-12-26 09:47,线缆问题,更换连接器,0.8
ST0067-P02,ST0067,2026-07-06 06:00,2026-07-06 08:43,硬件损坏,返厂维修,2.7
ST0067-P02,ST0067,2026-07-24 11:00,2026-07-24 13:52,过温保护,清理散热片,2.9
ST0067-P03,ST0067,2025-09-07 15:00,2025-09-08 05:51,过温保护,清理散热片,14.9
ST0067-P03,ST0067,2025-10-06 12:00,2025-10-06 20:56,接触不良,更换充电枪头,8.9
ST0067-P03,ST0067,2025-12-25 03:00,2025-12-25 11:41,接触不良,清洁接头,8.7
ST0067-P03,ST0067,2026-02-11 10:00,2026-02-11 18:06,硬件损坏,更换控制板,8.1
ST0067-P03,ST0067,2026-05-03 08:00,2026-05-03 11:07,接触不良,更换充电枪头,3.1
ST0067-P03,ST0067,2026-06-21 11:00,2026-06-21 11:33,过温保护,清理散热片,0.6
ST0067-P04,ST0067,2025-10-16 07:00,2025-10-16 09:48,通讯故障,重启通讯模块,2.8
ST0067-P04,ST0067,2026-07-05 18:00,2026-07-05 23:28,过温保护,降低功率运行,5.5
ST0067-P05,ST0067,2025-08-17 18:00,2025-08-17 19:18,接触不良,更换充电枪头,1.3
ST0067-P05,ST0067,2025-08-24 11:00,2025-08-24 11:52,接触不良,更换充电枪头,0.9
ST0067-P05,ST0067,2026-06-26 13:00,2026-06-26 13:41,硬件损坏,返厂维修,0.7
ST0067-P06,ST0067,2025-09-29 02:00,2025-09-29 08:18,过温保护,检查风扇,6.3
ST0067-P06,ST0067,2025-12-03 00:00,2025-12-03 00:40,通讯故障,重启通讯模块,0.7
ST0067-P06,ST0067,2026-02-28 16:00,2026-02-28 19:46,接触不良,清洁接头,3.8
ST0067-P07,ST0067,2025-10-27 18:00,2025-10-27 20:22,接触不良,紧固接线端子,2.4
ST0067-P07,ST0067,2026-01-19 18:00,2026-01-19 20:10,接触不良,紧固接线端子,2.2
ST0067-P07,ST0067,2026-05-06 14:00,2026-05-06 17:16,接触不良,清洁接头,3.3
ST0067-P07,ST0067,2026-05-17 05:00,2026-05-17 05:49,功率异常,校准功率表,0.8
ST0067-P07,ST0067,2026-07-14 10:00,2026-07-14 10:30,过温保护,检查风扇,0.5
ST0067-P08,ST0067,2025-11-04 02:00,2025-11-04 06:06,接触不良,清洁接头,4.1
ST0067-P08,ST0067,2026-02-06 11:00,2026-02-06 11:30,接触不良,紧固接线端子,0.5
ST0067-P08,ST0067,2026-03-25 14:00,2026-03-25 16:33,线缆问题,更换充电线缆,2.6
ST0067-P08,ST0067,2026-07-10 05:00,2026-07-10 12:16,过温保护,清理散热片,7.3
ST0067-P08,ST0067,2026-07-22 04:00,2026-07-22 04:39,过温保护,检查风扇,0.7
ST0067-P08,ST0067,2026-07-22 19:00,2026-07-23 04:32,接触不良,更换充电枪头,9.5
ST0067-P09,ST0067,2025-11-05 13:00,2025-11-05 18:42,接触不良,紧固接线端子,5.7
ST0067-P09,ST0067,2026-01-24 05:00,2026-01-24 06:41,接触不良,更换充电枪头,1.7
ST0067-P09,ST0067,2026-05-09 00:00,2026-05-09 04:43,过温保护,清理散热片,4.7
ST0067-P10,ST0067,2025-08-03 21:00,2025-08-04 09:11,通讯故障,更换4G/5G模块,12.2
ST0067-P10,ST0067,2025-09-24 03:00,2025-09-24 12:19,接触不良,紧固接线端子,9.3
ST0067-P10,ST0067,2026-03-12 06:00,2026-03-12 12:44,过温保护,降低功率运行,6.7
ST0067-P10,ST0067,2026-04-26 03:00,2026-04-26 23:18,线缆问题,更换连接器,20.3
ST0067-P10,ST0067,2026-05-17 03:00,2026-05-17 10:12,通讯故障,更换4G/5G模块,7.2
ST0067-P10,ST0067,2026-05-21 15:00,2026-05-21 20:13,接触不良,紧固接线端子,5.2
ST0067-P11,ST0067,2025-10-25 22:00,2025-10-26 00:58,接触不良,紧固接线端子,3.0
ST0067-P11,ST0067,2026-03-26 22:00,2026-03-27 00:48,过温保护,检查风扇,2.8
ST0067-P11,ST0067,2026-05-29 10:00,2026-05-29 12:58,过温保护,降低功率运行,3.0
ST0067-P12,ST0067,2025-11-19 02:00,2025-11-19 04:58,接触不良,紧固接线端子,3.0
ST0067-P12,ST0067,2026-01-21 07:00,2026-01-21 08:47,接触不良,清洁接头,1.8
ST0067-P12,ST0067,2026-02-09 19:00,2026-02-09 22:23,接触不良,更换充电枪头,3.4
ST0067-P12,ST0067,2026-05-01 22:00,2026-05-02 04:24,过温保护,降低功率运行,6.4
ST0067-P13,ST0067,2025-08-28 21:00,2025-08-28 21:30,过温保护,清理散热片,0.5
ST0067-P13,ST0067,2025-12-20 10:00,2025-12-20 11:23,过温保护,检查风扇,1.4
ST0067-P13,ST0067,2026-04-02 05:00,2026-04-02 06:45,硬件损坏,更换功率模块,1.8
ST0067-P13,ST0067,2026-04-21 04:00,2026-04-21 06:40,硬件损坏,更换功率模块,2.7
ST0067-P14,ST0067,2025-12-08 02:00,2025-12-08 13:03,通讯故障,更换4G/5G模块,11.1
ST0067-P14,ST0067,2025-12-21 15:00,2025-12-21 18:57,过温保护,检查风扇,4.0
ST0067-P14,ST0067,2026-06-17 07:00,2026-06-17 14:33,接触不良,更换充电枪头,7.6
ST0067-P14,ST0067,2026-07-06 04:00,2026-07-06 04:30,过温保护,清理散热片,0.5
ST0067-P15,ST0067,2025-09-03 13:00,2025-09-03 13:35,通讯故障,更换4G/5G模块,0.6
ST0067-P15,ST0067,2026-04-26 23:00,2026-04-27 00:04,通讯故障,重启通讯模块,1.1
ST0067-P16,ST0067,2025-10-05 01:00,2025-10-05 01:30,通讯故障,检查天线连接,0.5
ST0067-P16,ST0067,2025-11-15 01:00,2025-11-15 01:30,通讯故障,更换4G/5G模块,0.5
ST0067-P16,ST0067,2026-06-18 23:00,2026-06-18 23:30,过温保护,清理散热片,0.5
ST0067-P16,ST0067,2026-07-23 04:00,2026-07-23 09:22,通讯故障,重启通讯模块,5.4
ST0067-P17,ST0067,2025-10-05 22:00,2025-10-06 02:59,硬件损坏,更换功率模块,5.0
ST0067-P17,ST0067,2025-11-08 01:00,2025-11-08 01:31,过温保护,清理散热片,0.5
ST0067-P17,ST0067,2025-12-03 11:00,2025-12-03 12:16,接触不良,紧固接线端子,1.3
ST0067-P17,ST0067,2026-04-15 02:00,2026-04-15 05:14,过温保护,检查风扇,3.2
ST0067-P18,ST0067,2026-02-20 18:00,2026-02-20 21:03,接触不良,更换充电枪头,3.1
ST0067-P18,ST0067,2026-03-22 14:00,2026-03-22 18:53,接触不良,清洁接头,4.9
ST0067-P18,ST0067,2026-06-01 07:00,2026-06-01 12:23,接触不良,清洁接头,5.4
ST0067-P18,ST0067,2026-07-16 01:00,2026-07-16 04:08,接触不良,清洁接头,3.1
ST0067-P19,ST0067,2025-09-15 13:00,2025-09-15 21:54,通讯故障,检查天线连接,8.9
ST0067-P19,ST0067,2025-11-20 03:00,2025-11-20 03:30,线缆问题,更换充电线缆,0.5
ST0067-P19,ST0067,2026-03-29 09:00,2026-03-29 14:31,通讯故障,更换4G/5G模块,5.5
ST0067-P19,ST0067,2026-05-26 23:00,2026-05-27 11:14,通讯故障,检查天线连接,12.2
ST0067-P19,ST0067,2026-06-08 01:00,2026-06-08 06:41,通讯故障,重启通讯模块,5.7
ST0067-P19,ST0067,2026-07-18 23:00,2026-07-18 23:30,接触不良,更换充电枪头,0.5
ST0067-P20,ST0067,2025-10-17 18:00,2025-10-17 18:30,通讯故障,重启通讯模块,0.5
ST0067-P20,ST0067,2025-12-20 02:00,2025-12-20 05:18,接触不良,紧固接线端子,3.3
ST0067-P20,ST0067,2026-02-15 12:00,2026-02-15 14:36,硬件损坏,更换功率模块,2.6
ST0068-P01,ST0068,2025-08-21 12:00,2025-08-21 14:03,接触不良,更换充电枪头,2.1
ST0068-P01,ST0068,2025-08-31 09:00,2025-08-31 11:51,过温保护,降低功率运行,2.9
ST0068-P01,ST0068,2025-09-13 18:00,2025-09-13 21:30,过温保护,降低功率运行,3.5
ST0068-P01,ST0068,2025-12-25 08:00,2025-12-25 08:30,过温保护,检查风扇,0.5
ST0068-P01,ST0068,2026-02-18 11:00,2026-02-18 16:32,过温保护,检查风扇,5.5
ST0068-P01,ST0068,2026-03-02 12:00,2026-03-02 14:17,硬件损坏,更换控制板,2.3
ST0068-P01,ST0068,2026-07-02 01:00,2026-07-02 08:48,过温保护,检查风扇,7.8
ST0068-P01,ST0068,2026-07-25 12:00,2026-07-25 15:25,接触不良,更换充电枪头,3.4
ST0068-P02,ST0068,2025-08-05 09:00,2025-08-05 13:53,接触不良,紧固接线端子,4.9
ST0068-P02,ST0068,2025-11-05 22:00,2025-11-05 23:03,线缆问题,更换充电线缆,1.1
ST0068-P02,ST0068,2026-05-18 13:00,2026-05-18 13:30,过温保护,检查风扇,0.5
ST0068-P02,ST0068,2026-06-06 12:00,2026-06-06 19:35,接触不良,更换充电枪头,7.6
ST0068-P03,ST0068,2025-10-10 23:00,2025-10-11 14:00,接触不良,清洁接头,15.0
ST0068-P03,ST0068,2025-10-17 03:00,2025-10-17 09:56,接触不良,紧固接线端子,6.9
ST0068-P03,ST0068,2025-11-19 13:00,2025-11-19 22:14,接触不良,紧固接线端子,9.2
ST0068-P03,ST0068,2025-12-30 04:00,2025-12-30 13:27,过温保护,检查风扇,9.5
ST0068-P03,ST0068,2026-01-12 08:00,2026-01-12 08:32,硬件损坏,返厂维修,0.5
ST0068-P03,ST0068,2026-07-02 17:00,2026-07-03 02:17,接触不良,紧固接线端子,9.3
ST0068-P04,ST0068,2025-09-20 23:00,2025-09-21 08:02,过温保护,降低功率运行,9.0
ST0068-P04,ST0068,2025-12-01 23:00,2025-12-01 23:36,接触不良,清洁接头,0.6
ST0068-P04,ST0068,2026-02-25 04:00,2026-02-25 10:29,硬件损坏,返厂维修,6.5
ST0068-P04,ST0068,2026-06-01 21:00,2026-06-01 21:30,过温保护,降低功率运行,0.5
ST0068-P04,ST0068,2026-07-31 02:00,2026-07-31 07:59,通讯故障,检查天线连接,6.0
ST0068-P05,ST0068,2025-11-24 07:00,2025-11-24 07:56,接触不良,清洁接头,0.9
ST0068-P05,ST0068,2025-12-01 04:00,2025-12-01 07:45,通讯故障,检查天线连接,3.8
ST0068-P05,ST0068,2025-12-23 14:00,2025-12-23 14:30,通讯故障,重启通讯模块,0.5
ST0068-P05,ST0068,2026-02-03 17:00,2026-02-03 17:51,接触不良,更换充电枪头,0.9
ST0068-P05,ST0068,2026-02-04 21:00,2026-02-04 23:34,接触不良,更换充电枪头,2.6
ST0068-P06,ST0068,2025-08-15 11:00,2025-08-15 14:04,接触不良,紧固接线端子,3.1
ST0068-P06,ST0068,2025-12-15 11:00,2025-12-15 16:34,通讯故障,更换4G/5G模块,5.6
ST0068-P06,ST0068,2026-02-16 22:00,2026-02-16 22:36,接触不良,紧固接线端子,0.6
ST0068-P06,ST0068,2026-04-28 15:00,2026-04-28 23:07,功率异常,更换传感器,8.1
ST0068-P06,ST0068,2026-07-28 11:00,2026-07-28 16:31,功率异常,固件升级,5.5
ST0068-P07,ST0068,2025-12-01 13:00,2025-12-01 14:22,通讯故障,更换4G/5G模块,1.4
ST0068-P07,ST0068,2025-12-16 23:00,2025-12-16 23:45,通讯故障,检查天线连接,0.8
ST0068-P07,ST0068,2026-01-19 06:00,2026-01-19 07:46,过温保护,检查风扇,1.8
ST0068-P07,ST0068,2026-02-18 12:00,2026-02-18 21:19,通讯故障,检查天线连接,9.3
ST0068-P07,ST0068,2026-05-16 15:00,2026-05-16 18:48,过温保护,检查风扇,3.8
ST0068-P08,ST0068,2025-09-10 05:00,2025-09-10 10:25,过温保护,检查风扇,5.4
ST0068-P08,ST0068,2025-12-25 11:00,2025-12-25 11:59,过温保护,清理散热片,1.0
ST0068-P08,ST0068,2026-01-04 16:00,2026-01-05 04:49,接触不良,更换充电枪头,12.8
ST0068-P08,ST0068,2026-01-22 05:00,2026-01-22 07:20,接触不良,清洁接头,2.3
ST0068-P08,ST0068,2026-05-02 22:00,2026-05-02 23:50,线缆问题,更换充电线缆,1.8
ST0068-P08,ST0068,2026-05-21 10:00,2026-05-21 11:48,接触不良,紧固接线端子,1.8
ST0068-P09,ST0068,2025-08-27 21:00,2025-08-28 08:02,硬件损坏,更换控制板,11.0
ST0068-P09,ST0068,2025-09-30 08:00,2025-10-01 03:37,过温保护,清理散热片,19.6
ST0068-P09,ST0068,2025-12-01 00:00,2025-12-01 00:30,过温保护,检查风扇,0.5
ST0068-P09,ST0068,2025-12-20 04:00,2025-12-20 12:52,接触不良,更换充电枪头,8.9
ST0068-P09,ST0068,2026-02-05 22:00,2026-02-06 05:31,功率异常,固件升级,7.5
ST0068-P09,ST0068,2026-02-14 03:00,2026-02-14 07:33,过温保护,检查风扇,4.6
ST0068-P09,ST0068,2026-06-30 17:00,2026-07-01 00:01,接触不良,紧固接线端子,7.0
ST0068-P10,ST0068,2025-08-29 14:00,2025-08-29 16:32,通讯故障,检查天线连接,2.5
ST0068-P10,ST0068,2026-01-06 06:00,2026-01-06 09:19,接触不良,紧固接线端子,3.3
ST0068-P10,ST0068,2026-02-28 07:00,2026-02-28 07:30,接触不良,紧固接线端子,0.5
ST0068-P10,ST0068,2026-03-23 07:00,2026-03-23 15:32,过温保护,清理散热片,8.5
ST0068-P10,ST0068,2026-05-01 20:00,2026-05-01 23:33,通讯故障,检查天线连接,3.6
ST0068-P10,ST0068,2026-07-15 00:00,2026-07-15 02:21,接触不良,更换充电枪头,2.4
ST0068-P11,ST0068,2026-04-11 16:00,2026-04-11 17:07,通讯故障,更换4G/5G模块,1.1
ST0068-P12,ST0068,2025-12-22 10:00,2025-12-22 10:30,接触不良,更换充电枪头,0.5
ST0068-P12,ST0068,2026-02-05 23:00,2026-02-05 23:54,功率异常,固件升级,0.9
ST0068-P12,ST0068,2026-03-17 02:00,2026-03-17 02:48,接触不良,紧固接线端子,0.8
ST0068-P13,ST0068,2025-10-30 13:00,2025-10-30 15:35,接触不良,紧固接线端子,2.6
ST0068-P13,ST0068,2026-03-24 08:00,2026-03-24 20:20,硬件损坏,更换控制板,12.3
ST0068-P13,ST0068,2026-04-13 01:00,2026-04-13 06:15,通讯故障,重启通讯模块,5.3
ST0068-P13,ST0068,2026-07-15 20:00,2026-07-15 21:08,通讯故障,检查天线连接,1.1
ST0068-P14,ST0068,2026-01-22 23:00,2026-01-23 04:10,接触不良,更换充电枪头,5.2
ST0068-P14,ST0068,2026-06-28 21:00,2026-06-29 03:24,过温保护,清理散热片,6.4
ST0068-P14,ST0068,2026-07-21 16:00,2026-07-21 17:06,通讯故障,更换4G/5G模块,1.1
ST0068-P15,ST0068,2026-03-09 12:00,2026-03-09 18:37,过温保护,降低功率运行,6.6
ST0068-P15,ST0068,2026-03-20 04:00,2026-03-20 12:34,接触不良,紧固接线端子,8.6
ST0068-P16,ST0068,2025-09-01 20:00,2025-09-01 22:20,接触不良,更换充电枪头,2.3
ST0068-P16,ST0068,2025-09-02 00:00,2025-09-02 00:30,接触不良,清洁接头,0.5
ST0068-P16,ST0068,2025-10-18 14:00,2025-10-19 06:04,过温保护,降低功率运行,16.1
ST0068-P16,ST0068,2026-06-19 22:00,2026-06-19 22:43,接触不良,清洁接头,0.7
ST0068-P17,ST0068,2025-09-03 09:00,2025-09-03 20:15,线缆问题,更换充电线缆,11.3
ST0068-P17,ST0068,2025-10-17 15:00,2025-10-17 18:14,接触不良,紧固接线端子,3.2
ST0068-P17,ST0068,2025-10-31 23:00,2025-11-01 00:21,过温保护,清理散热片,1.4
ST0068-P17,ST0068,2026-01-11 14:00,2026-01-11 19:44,接触不良,紧固接线端子,5.7
ST0068-P18,ST0068,2026-01-02 07:00,2026-01-02 07:30,接触不良,紧固接线端子,0.5
ST0068-P18,ST0068,2026-03-06 00:00,2026-03-06 00:52,硬件损坏,返厂维修,0.9
ST0068-P19,ST0068,2025-10-24 01:00,2025-10-24 03:00,功率异常,校准功率表,2.0
ST0068-P19,ST0068,2026-02-20 16:00,2026-02-21 00:45,通讯故障,检查天线连接,8.8
ST0068-P19,ST0068,2026-07-22 02:00,2026-07-22 06:44,接触不良,清洁接头,4.7
ST0068-P20,ST0068,2025-10-18 16:00,2025-10-18 17:48,过温保护,检查风扇,1.8
ST0068-P20,ST0068,2026-01-25 11:00,2026-01-25 15:01,接触不良,紧固接线端子,4.0
ST0069-P01,ST0069,2026-01-24 04:00,2026-01-24 06:39,通讯故障,检查天线连接,2.7
ST0069-P01,ST0069,2026-02-08 19:00,2026-02-08 20:01,通讯故障,更换4G/5G模块,1.0
ST0069-P01,ST0069,2026-06-20 15:00,2026-06-20 20:59,接触不良,更换充电枪头,6.0
ST0069-P01,ST0069,2026-07-04 21:00,2026-07-04 21:52,接触不良,更换充电枪头,0.9
ST0069-P02,ST0069,2025-10-17 20:00,2025-10-17 22:59,功率异常,固件升级,3.0
ST0069-P02,ST0069,2026-03-15 07:00,2026-03-15 09:24,接触不良,紧固接线端子,2.4
ST0069-P03,ST0069,2025-11-25 13:00,2025-11-25 17:12,接触不良,清洁接头,4.2
ST0069-P03,ST0069,2025-12-26 11:00,2025-12-26 13:13,通讯故障,更换4G/5G模块,2.2
ST0069-P03,ST0069,2026-01-29 07:00,2026-01-29 10:15,通讯故障,重启通讯模块,3.3
ST0069-P03,ST0069,2026-07-20 22:00,2026-07-21 01:43,硬件损坏,更换功率模块,3.7
ST0069-P04,ST0069,2025-08-18 15:00,2025-08-18 20:33,接触不良,清洁接头,5.6
ST0069-P04,ST0069,2025-09-16 01:00,2025-09-16 02:39,过温保护,降低功率运行,1.7
ST0069-P05,ST0069,2025-11-04 12:00,2025-11-04 16:53,线缆问题,更换连接器,4.9
ST0069-P05,ST0069,2026-04-12 03:00,2026-04-12 04:01,接触不良,紧固接线端子,1.0
ST0069-P06,ST0069,2025-09-21 11:00,2025-09-21 15:47,硬件损坏,返厂维修,4.8
ST0069-P06,ST0069,2025-10-03 04:00,2025-10-03 06:33,硬件损坏,更换控制板,2.6
ST0069-P06,ST0069,2025-11-02 22:00,2025-11-02 22:57,接触不良,更换充电枪头,1.0
ST0069-P06,ST0069,2026-05-11 07:00,2026-05-11 09:16,接触不良,紧固接线端子,2.3
ST0069-P06,ST0069,2026-07-14 17:00,2026-07-14 17:54,接触不良,紧固接线端子,0.9
ST0069-P07,ST0069,2026-04-10 21:00,2026-04-10 22:25,线缆问题,更换连接器,1.4
ST0069-P08,ST0069,2025-10-18 04:00,2025-10-18 04:30,接触不良,更换充电枪头,0.5
ST0069-P08,ST0069,2025-11-16 06:00,2025-11-16 06:59,通讯故障,检查天线连接,1.0
ST0069-P08,ST0069,2025-12-13 04:00,2025-12-13 04:30,过温保护,清理散热片,0.5
ST0069-P08,ST0069,2025-12-28 08:00,2025-12-28 14:10,过温保护,清理散热片,6.2
ST0069-P08,ST0069,2026-01-25 17:00,2026-01-25 18:39,接触不良,紧固接线端子,1.7
ST0069-P08,ST0069,2026-06-21 03:00,2026-06-21 04:41,通讯故障,检查天线连接,1.7
ST0069-P08,ST0069,2026-07-31 16:00,2026-07-31 21:02,硬件损坏,更换功率模块,5.0
ST0069-P09,ST0069,2025-11-03 05:00,2025-11-03 07:06,过温保护,降低功率运行,2.1
ST0069-P09,ST0069,2026-07-07 21:00,2026-07-07 22:40,硬件损坏,返厂维修,1.7
ST0069-P10,ST0069,2026-01-20 06:00,2026-01-20 13:15,过温保护,检查风扇,7.3
ST0069-P10,ST0069,2026-02-10 05:00,2026-02-10 06:43,线缆问题,更换连接器,1.7
ST0069-P11,ST0069,2025-09-28 17:00,2025-09-28 22:59,接触不良,更换充电枪头,6.0
ST0069-P11,ST0069,2025-12-04 02:00,2025-12-04 03:51,功率异常,固件升级,1.9
ST0069-P11,ST0069,2026-06-22 23:00,2026-06-23 00:22,通讯故障,更换4G/5G模块,1.4
ST0069-P12,ST0069,2025-11-29 00:00,2025-11-29 04:53,接触不良,清洁接头,4.9
ST0069-P12,ST0069,2026-05-14 09:00,2026-05-14 17:49,过温保护,清理散热片,8.8
ST0069-P12,ST0069,2026-07-01 17:00,2026-07-01 21:49,接触不良,清洁接头,4.8
ST0069-P12,ST0069,2026-07-09 10:00,2026-07-09 13:26,通讯故障,重启通讯模块,3.4
ST0069-P13,ST0069,2025-12-25 21:00,2025-12-26 01:46,接触不良,清洁接头,4.8
ST0069-P13,ST0069,2026-02-14 05:00,2026-02-14 17:22,接触不良,清洁接头,12.4
ST0069-P13,ST0069,2026-07-05 01:00,2026-07-05 01:33,硬件损坏,返厂维修,0.6
ST0069-P14,ST0069,2026-03-31 21:00,2026-04-01 07:20,接触不良,清洁接头,10.3
ST0069-P15,ST0069,2025-09-07 05:00,2025-09-07 07:49,接触不良,紧固接线端子,2.8
ST0069-P15,ST0069,2026-01-11 08:00,2026-01-11 09:10,接触不良,紧固接线端子,1.2
ST0069-P15,ST0069,2026-04-01 01:00,2026-04-01 02:48,过温保护,检查风扇,1.8
ST0069-P16,ST0069,2025-08-31 15:00,2025-08-31 17:46,功率异常,校准功率表,2.8
ST0069-P16,ST0069,2025-10-10 00:00,2025-10-10 01:52,接触不良,清洁接头,1.9
ST0069-P16,ST0069,2026-01-12 14:00,2026-01-13 01:06,接触不良,紧固接线端子,11.1
ST0069-P16,ST0069,2026-03-08 08:00,2026-03-08 08:33,通讯故障,重启通讯模块,0.6
ST0069-P16,ST0069,2026-04-12 11:00,2026-04-12 11:30,过温保护,清理散热片,0.5
ST0069-P16,ST0069,2026-05-19 21:00,2026-05-20 04:43,过温保护,清理散热片,7.7
ST0069-P16,ST0069,2026-05-23 23:00,2026-05-24 02:32,过温保护,检查风扇,3.5
ST0069-P16,ST0069,2026-05-31 06:00,2026-05-31 14:47,通讯故障,检查天线连接,8.8
ST0069-P17,ST0069,2026-01-05 02:00,2026-01-05 13:56,通讯故障,重启通讯模块,11.9
ST0069-P17,ST0069,2026-03-09 19:00,2026-03-09 19:30,硬件损坏,更换控制板,0.5
ST0069-P17,ST0069,2026-04-12 03:00,2026-04-12 09:43,接触不良,更换充电枪头,6.7
ST0069-P17,ST0069,2026-05-20 07:00,2026-05-20 08:39,接触不良,紧固接线端子,1.7
ST0069-P17,ST0069,2026-07-05 02:00,2026-07-05 05:43,线缆问题,更换充电线缆,3.7
ST0069-P18,ST0069,2025-08-19 18:00,2025-08-19 23:36,过温保护,降低功率运行,5.6
ST0069-P18,ST0069,2025-10-24 13:00,2025-10-24 14:50,过温保护,检查风扇,1.8
ST0069-P18,ST0069,2026-03-31 06:00,2026-03-31 08:58,过温保护,清理散热片,3.0
ST0069-P19,ST0069,2026-03-13 20:00,2026-03-14 05:38,接触不良,清洁接头,9.6
ST0069-P19,ST0069,2026-06-05 05:00,2026-06-05 06:19,硬件损坏,更换功率模块,1.3
ST0069-P20,ST0069,2026-05-01 19:00,2026-05-01 20:52,接触不良,清洁接头,1.9
ST0069-P20,ST0069,2026-06-29 17:00,2026-06-29 17:30,线缆问题,修补线缆外皮,0.5
ST0069-P20,ST0069,2026-07-23 18:00,2026-07-24 04:45,通讯故障,检查天线连接,10.8
ST0070-P01,ST0070,2025-09-29 19:00,2025-09-29 19:30,功率异常,校准功率表,0.5
ST0070-P01,ST0070,2026-06-19 12:00,2026-06-19 19:44,功率异常,更换传感器,7.7
ST0070-P01,ST0070,2026-07-17 18:00,2026-07-17 19:20,过温保护,降低功率运行,1.3
ST0070-P01,ST0070,2026-07-21 09:00,2026-07-21 15:50,硬件损坏,更换功率模块,6.8
ST0070-P02,ST0070,2026-04-20 21:00,2026-04-21 00:47,接触不良,紧固接线端子,3.8
ST0070-P02,ST0070,2026-05-24 20:00,2026-05-24 20:39,接触不良,清洁接头,0.7
ST0070-P03,ST0070,2025-10-03 04:00,2025-10-03 04:32,接触不良,更换充电枪头,0.5
ST0070-P04,ST0070,2025-10-11 13:00,2025-10-11 14:02,接触不良,紧固接线端子,1.0
ST0070-P04,ST0070,2025-12-24 15:00,2025-12-24 17:08,过温保护,清理散热片,2.1
ST0070-P04,ST0070,2026-02-10 08:00,2026-02-10 10:07,接触不良,清洁接头,2.1
ST0070-P04,ST0070,2026-05-16 20:00,2026-05-16 22:34,过温保护,检查风扇,2.6
ST0070-P04,ST0070,2026-07-31 01:00,2026-07-31 08:23,接触不良,更换充电枪头,7.4
ST0070-P05,ST0070,2026-01-04 09:00,2026-01-04 13:12,过温保护,降低功率运行,4.2
ST0070-P06,ST0070,2026-03-03 06:00,2026-03-03 09:45,过温保护,检查风扇,3.8
ST0070-P06,ST0070,2026-03-19 09:00,2026-03-19 11:44,过温保护,清理散热片,2.7
ST0070-P06,ST0070,2026-05-21 14:00,2026-05-21 14:30,通讯故障,检查天线连接,0.5
ST0070-P07,ST0070,2026-01-09 22:00,2026-01-10 05:11,线缆问题,更换充电线缆,7.2
ST0070-P07,ST0070,2026-01-17 01:00,2026-01-17 06:32,硬件损坏,更换功率模块,5.5
ST0070-P07,ST0070,2026-02-25 07:00,2026-02-25 07:58,过温保护,检查风扇,1.0
ST0070-P07,ST0070,2026-03-29 06:00,2026-03-29 08:10,接触不良,更换充电枪头,2.2
ST0070-P08,ST0070,2025-09-26 20:00,2025-09-26 20:51,过温保护,降低功率运行,0.9
ST0070-P08,ST0070,2025-11-23 10:00,2025-11-23 10:30,接触不良,更换充电枪头,0.5
ST0070-P08,ST0070,2026-03-26 14:00,2026-03-26 16:16,过温保护,清理散热片,2.3
ST0070-P08,ST0070,2026-05-19 22:00,2026-05-19 22:52,过温保护,检查风扇,0.9
ST0070-P08,ST0070,2026-06-29 11:00,2026-06-29 20:23,接触不良,更换充电枪头,9.4
ST0070-P09,ST0070,2026-02-06 18:00,2026-02-06 21:53,接触不良,清洁接头,3.9
ST0070-P10,ST0070,2025-10-22 16:00,2025-10-22 20:33,通讯故障,重启通讯模块,4.6
ST0070-P10,ST0070,2025-11-14 13:00,2025-11-14 23:35,接触不良,清洁接头,10.6
ST0070-P10,ST0070,2026-03-25 13:00,2026-03-25 13:30,接触不良,紧固接线端子,0.5
ST0070-P11,ST0070,2025-12-27 16:00,2025-12-27 17:00,接触不良,紧固接线端子,1.0
ST0070-P11,ST0070,2026-05-14 18:00,2026-05-14 18:30,接触不良,清洁接头,0.5
ST0070-P11,ST0070,2026-06-10 12:00,2026-06-10 20:18,接触不良,清洁接头,8.3
ST0070-P12,ST0070,2025-09-07 09:00,2025-09-07 17:52,过温保护,降低功率运行,8.9
ST0070-P12,ST0070,2025-10-02 12:00,2025-10-02 12:43,接触不良,紧固接线端子,0.7
ST0070-P12,ST0070,2025-12-28 23:00,2025-12-29 01:39,功率异常,校准功率表,2.7
ST0070-P12,ST0070,2026-01-05 22:00,2026-01-05 23:44,过温保护,检查风扇,1.7
ST0070-P12,ST0070,2026-06-05 18:00,2026-06-05 18:38,接触不良,更换充电枪头,0.6
ST0070-P12,ST0070,2026-06-08 07:00,2026-06-08 10:26,接触不良,紧固接线端子,3.4
ST0070-P13,ST0070,2025-12-14 00:00,2025-12-14 05:23,接触不良,紧固接线端子,5.4
ST0070-P13,ST0070,2026-05-15 05:00,2026-05-15 16:05,接触不良,更换充电枪头,11.1
ST0070-P13,ST0070,2026-05-22 08:00,2026-05-22 12:24,功率异常,更换传感器,4.4
ST0070-P13,ST0070,2026-07-13 21:00,2026-07-13 23:22,过温保护,降低功率运行,2.4
ST0070-P14,ST0070,2025-08-05 18:00,2025-08-06 02:09,通讯故障,更换4G/5G模块,8.2
ST0070-P14,ST0070,2025-10-06 01:00,2025-10-06 05:32,通讯故障,检查天线连接,4.5
ST0070-P14,ST0070,2025-11-20 18:00,2025-11-20 19:25,接触不良,紧固接线端子,1.4
ST0070-P14,ST0070,2025-12-06 05:00,2025-12-06 05:30,接触不良,更换充电枪头,0.5
ST0070-P14,ST0070,2026-04-30 20:00,2026-04-30 20:57,过温保护,降低功率运行,1.0
ST0070-P14,ST0070,2026-05-26 08:00,2026-05-26 08:30,过温保护,清理散热片,0.5
ST0070-P15,ST0070,2025-09-02 04:00,2025-09-02 15:52,接触不良,紧固接线端子,11.9
ST0070-P15,ST0070,2025-10-07 04:00,2025-10-07 04:35,通讯故障,重启通讯模块,0.6
ST0070-P15,ST0070,2025-12-04 00:00,2025-12-04 03:34,过温保护,清理散热片,3.6
ST0070-P15,ST0070,2026-01-02 08:00,2026-01-02 09:30,接触不良,紧固接线端子,1.5
ST0070-P15,ST0070,2026-01-20 15:00,2026-01-20 18:02,硬件损坏,返厂维修,3.0
ST0070-P15,ST0070,2026-03-10 09:00,2026-03-10 09:30,硬件损坏,更换控制板,0.5
ST0070-P15,ST0070,2026-06-09 07:00,2026-06-09 11:06,接触不良,紧固接线端子,4.1
ST0070-P15,ST0070,2026-07-30 13:00,2026-07-30 16:19,接触不良,清洁接头,3.3
ST0070-P16,ST0070,2025-11-13 23:00,2025-11-14 07:19,接触不良,清洁接头,8.3
ST0070-P16,ST0070,2026-01-18 12:00,2026-01-18 22:18,接触不良,清洁接头,10.3
ST0070-P16,ST0070,2026-02-17 06:00,2026-02-17 16:42,硬件损坏,更换控制板,10.7
ST0070-P16,ST0070,2026-04-28 22:00,2026-04-29 02:26,硬件损坏,返厂维修,4.4
ST0070-P16,ST0070,2026-05-26 10:00,2026-05-26 12:01,接触不良,紧固接线端子,2.0
ST0070-P16,ST0070,2026-07-13 15:00,2026-07-14 03:13,通讯故障,重启通讯模块,12.2
ST0070-P17,ST0070,2026-03-09 02:00,2026-03-09 11:29,过温保护,降低功率运行,9.5
ST0070-P18,ST0070,2025-11-05 08:00,2025-11-05 15:06,功率异常,固件升级,7.1
ST0070-P18,ST0070,2026-01-15 12:00,2026-01-15 12:30,接触不良,清洁接头,0.5
ST0070-P18,ST0070,2026-02-01 17:00,2026-02-01 19:31,通讯故障,更换4G/5G模块,2.5
ST0070-P19,ST0070,2025-09-07 07:00,2025-09-07 09:08,接触不良,紧固接线端子,2.1
ST0070-P20,ST0070,2025-08-10 09:00,2025-08-10 09:30,接触不良,更换充电枪头,0.5
ST0070-P20,ST0070,2025-08-18 07:00,2025-08-18 17:19,过温保护,清理散热片,10.3
ST0070-P20,ST0070,2025-11-02 08:00,2025-11-02 09:50,接触不良,清洁接头,1.8
ST0070-P20,ST0070,2025-11-15 20:00,2025-11-16 00:59,硬件损坏,更换功率模块,5.0
ST0070-P20,ST0070,2026-01-06 14:00,2026-01-06 18:59,接触不良,清洁接头,5.0
ST0070-P20,ST0070,2026-05-24 13:00,2026-05-24 15:05,功率异常,固件升级,2.1
ST0070-P20,ST0070,2026-07-06 14:00,2026-07-06 15:57,过温保护,降低功率运行,2.0
ST0070-P20,ST0070,2026-07-21 21:00,2026-07-21 21:43,通讯故障,检查天线连接,0.7
ST0071-P01,ST0071,2026-05-04 00:00,2026-05-04 00:34,过温保护,清理散热片,0.6
ST0071-P02,ST0071,2025-08-26 04:00,2025-08-26 09:37,功率异常,固件升级,5.6
ST0071-P02,ST0071,2025-09-02 14:00,2025-09-02 20:42,通讯故障,更换4G/5G模块,6.7
ST0071-P02,ST0071,2025-09-15 20:00,2025-09-15 20:30,功率异常,固件升级,0.5
ST0071-P02,ST0071,2025-11-05 01:00,2025-11-05 01:30,接触不良,清洁接头,0.5
ST0071-P02,ST0071,2025-12-22 12:00,2025-12-22 17:03,过温保护,降低功率运行,5.1
ST0071-P02,ST0071,2026-04-07 14:00,2026-04-07 21:54,接触不良,清洁接头,7.9
ST0071-P03,ST0071,2026-01-11 01:00,2026-01-11 02:37,接触不良,更换充电枪头,1.6
ST0071-P04,ST0071,2025-10-23 05:00,2025-10-23 05:30,接触不良,紧固接线端子,0.5
ST0071-P04,ST0071,2026-02-17 10:00,2026-02-17 13:01,硬件损坏,更换功率模块,3.0
ST0071-P04,ST0071,2026-03-18 10:00,2026-03-18 12:05,功率异常,固件升级,2.1
ST0071-P04,ST0071,2026-06-09 08:00,2026-06-09 09:25,通讯故障,更换4G/5G模块,1.4
ST0071-P05,ST0071,2025-10-08 16:00,2025-10-08 17:35,功率异常,校准功率表,1.6
ST0071-P05,ST0071,2025-10-21 06:00,2025-10-22 04:14,硬件损坏,更换功率模块,22.2
ST0071-P06,ST0071,2025-11-10 08:00,2025-11-10 14:19,接触不良,清洁接头,6.3
ST0071-P06,ST0071,2025-11-19 06:00,2025-11-19 10:09,通讯故障,重启通讯模块,4.2
ST0071-P06,ST0071,2025-11-26 00:00,2025-11-26 12:12,接触不良,更换充电枪头,12.2
ST0071-P06,ST0071,2026-03-08 14:00,2026-03-08 16:32,线缆问题,修补线缆外皮,2.5
ST0071-P06,ST0071,2026-03-28 14:00,2026-03-28 14:30,接触不良,更换充电枪头,0.5
ST0071-P06,ST0071,2026-07-21 03:00,2026-07-21 04:36,过温保护,降低功率运行,1.6
ST0071-P07,ST0071,2025-08-29 02:00,2025-08-29 08:13,接触不良,更换充电枪头,6.2
ST0071-P07,ST0071,2025-08-30 05:00,2025-08-30 10:17,接触不良,清洁接头,5.3
ST0071-P07,ST0071,2025-10-27 07:00,2025-10-27 11:15,通讯故障,重启通讯模块,4.3
ST0071-P07,ST0071,2025-11-27 23:00,2025-11-28 02:02,过温保护,降低功率运行,3.0
ST0071-P07,ST0071,2026-01-09 07:00,2026-01-09 08:47,功率异常,固件升级,1.8
ST0071-P07,ST0071,2026-05-12 08:00,2026-05-12 09:22,通讯故障,更换4G/5G模块,1.4
ST0071-P07,ST0071,2026-06-25 11:00,2026-06-25 11:30,硬件损坏,更换功率模块,0.5
ST0071-P08,ST0071,2025-10-07 01:00,2025-10-07 03:16,接触不良,更换充电枪头,2.3
ST0071-P08,ST0071,2026-05-04 09:00,2026-05-04 12:22,通讯故障,更换4G/5G模块,3.4
ST0071-P09,ST0071,2025-09-16 14:00,2025-09-16 15:51,接触不良,紧固接线端子,1.9
ST0071-P09,ST0071,2025-10-07 09:00,2025-10-07 09:30,过温保护,清理散热片,0.5
ST0071-P09,ST0071,2025-10-23 05:00,2025-10-23 09:01,线缆问题,更换连接器,4.0
ST0071-P09,ST0071,2026-02-08 01:00,2026-02-08 06:07,通讯故障,更换4G/5G模块,5.1
ST0071-P09,ST0071,2026-02-28 08:00,2026-02-28 15:13,线缆问题,更换连接器,7.2
ST0071-P09,ST0071,2026-05-07 14:00,2026-05-07 16:02,通讯故障,检查天线连接,2.0
ST0071-P10,ST0071,2025-12-12 13:00,2025-12-12 16:18,接触不良,更换充电枪头,3.3
ST0071-P10,ST0071,2025-12-14 01:00,2025-12-14 02:29,通讯故障,更换4G/5G模块,1.5
ST0071-P10,ST0071,2026-06-15 19:00,2026-06-15 19:42,功率异常,校准功率表,0.7
ST0071-P10,ST0071,2026-07-20 15:00,2026-07-20 19:32,通讯故障,更换4G/5G模块,4.5
ST0071-P11,ST0071,2025-10-15 07:00,2025-10-15 10:45,通讯故障,更换4G/5G模块,3.8
ST0071-P11,ST0071,2025-11-01 04:00,2025-11-01 06:32,过温保护,检查风扇,2.5
ST0071-P11,ST0071,2026-01-21 16:00,2026-01-21 20:26,过温保护,清理散热片,4.4
ST0071-P11,ST0071,2026-02-18 17:00,2026-02-19 00:42,接触不良,清洁接头,7.7
ST0071-P11,ST0071,2026-06-03 01:00,2026-06-03 02:42,过温保护,降低功率运行,1.7
ST0071-P11,ST0071,2026-07-19 10:00,2026-07-19 17:56,功率异常,更换传感器,7.9
ST0071-P11,ST0071,2026-07-31 08:00,2026-07-31 08:30,通讯故障,检查天线连接,0.5
ST0071-P12,ST0071,2025-08-22 07:00,2025-08-22 08:34,功率异常,固件升级,1.6
ST0071-P12,ST0071,2025-09-14 01:00,2025-09-14 05:27,接触不良,更换充电枪头,4.5
ST0071-P12,ST0071,2025-09-21 04:00,2025-09-21 08:20,接触不良,更换充电枪头,4.3
ST0071-P12,ST0071,2026-01-25 22:00,2026-01-26 05:12,通讯故障,检查天线连接,7.2
ST0071-P12,ST0071,2026-04-29 14:00,2026-04-29 15:09,过温保护,降低功率运行,1.2
ST0071-P13,ST0071,2025-08-26 15:00,2025-08-26 17:39,功率异常,更换传感器,2.7
ST0071-P13,ST0071,2026-07-09 02:00,2026-07-09 02:56,过温保护,检查风扇,0.9
ST0071-P13,ST0071,2026-07-22 01:00,2026-07-22 01:30,通讯故障,检查天线连接,0.5
ST0071-P14,ST0071,2025-09-26 15:00,2025-09-26 20:08,功率异常,校准功率表,5.1
ST0071-P14,ST0071,2025-09-27 12:00,2025-09-27 16:24,过温保护,清理散热片,4.4
ST0071-P14,ST0071,2025-10-23 00:00,2025-10-23 18:29,接触不良,清洁接头,18.5
ST0071-P14,ST0071,2025-10-28 05:00,2025-10-28 14:26,过温保护,清理散热片,9.4
ST0071-P14,ST0071,2025-12-09 07:00,2025-12-09 10:30,过温保护,清理散热片,3.5
ST0071-P14,ST0071,2025-12-27 04:00,2025-12-27 04:30,过温保护,清理散热片,0.5
ST0071-P14,ST0071,2026-02-09 21:00,2026-02-09 22:19,通讯故障,更换4G/5G模块,1.3
ST0071-P14,ST0071,2026-04-10 12:00,2026-04-10 18:21,过温保护,降低功率运行,6.4
ST0071-P14,ST0071,2026-05-13 14:00,2026-05-13 18:27,通讯故障,重启通讯模块,4.5
ST0071-P15,ST0071,2025-08-01 22:00,2025-08-01 22:32,接触不良,紧固接线端子,0.5
ST0071-P15,ST0071,2025-11-09 06:00,2025-11-09 07:13,硬件损坏,更换控制板,1.2
ST0071-P15,ST0071,2026-02-12 06:00,2026-02-12 09:53,通讯故障,重启通讯模块,3.9
ST0071-P16,ST0071,2026-01-17 00:00,2026-01-17 05:37,功率异常,更换传感器,5.6
ST0071-P16,ST0071,2026-03-26 00:00,2026-03-26 09:16,接触不良,更换充电枪头,9.3
ST0071-P16,ST0071,2026-04-15 16:00,2026-04-15 17:58,接触不良,清洁接头,2.0
ST0071-P16,ST0071,2026-04-18 19:00,2026-04-18 22:43,过温保护,降低功率运行,3.7
ST0071-P17,ST0071,2025-09-06 19:00,2025-09-06 19:36,过温保护,检查风扇,0.6
ST0071-P17,ST0071,2025-11-06 21:00,2025-11-07 01:57,通讯故障,更换4G/5G模块,5.0
ST0071-P17,ST0071,2026-04-17 21:00,2026-04-17 22:56,接触不良,清洁接头,1.9
ST0071-P18,ST0071,2026-06-16 22:00,2026-06-17 05:14,过温保护,清理散热片,7.2
ST0071-P19,ST0071,2025-11-03 14:00,2025-11-03 19:47,接触不良,清洁接头,5.8
ST0071-P19,ST0071,2026-03-01 07:00,2026-03-01 09:03,通讯故障,更换4G/5G模块,2.1
ST0071-P19,ST0071,2026-03-31 10:00,2026-03-31 19:52,功率异常,校准功率表,9.9
ST0071-P19,ST0071,2026-06-03 23:00,2026-06-03 23:30,过温保护,检查风扇,0.5
ST0071-P20,ST0071,2025-08-15 20:00,2025-08-15 20:30,接触不良,清洁接头,0.5
ST0071-P20,ST0071,2025-10-12 19:00,2025-10-12 22:45,过温保护,清理散热片,3.8
ST0071-P20,ST0071,2025-10-17 18:00,2025-10-17 18:49,硬件损坏,更换控制板,0.8
ST0071-P20,ST0071,2026-01-26 17:00,2026-01-26 23:21,接触不良,更换充电枪头,6.4
ST0071-P20,ST0071,2026-05-21 23:00,2026-05-22 02:57,过温保护,清理散热片,4.0
ST0072-P01,ST0072,2025-08-22 04:00,2025-08-22 12:17,接触不良,紧固接线端子,8.3
ST0072-P01,ST0072,2025-11-28 13:00,2025-11-28 13:49,功率异常,校准功率表,0.8
ST0072-P01,ST0072,2026-01-10 10:00,2026-01-10 10:45,接触不良,紧固接线端子,0.8
ST0072-P01,ST0072,2026-03-26 21:00,2026-03-27 02:56,过温保护,降低功率运行,5.9
ST0072-P01,ST0072,2026-07-25 18:00,2026-07-25 20:13,硬件损坏,更换控制板,2.2
ST0072-P02,ST0072,2025-08-22 13:00,2025-08-22 22:05,通讯故障,更换4G/5G模块,9.1
ST0072-P02,ST0072,2025-09-08 10:00,2025-09-08 19:16,接触不良,紧固接线端子,9.3
ST0072-P02,ST0072,2025-12-11 19:00,2025-12-11 20:35,通讯故障,检查天线连接,1.6
ST0072-P02,ST0072,2025-12-30 21:00,2025-12-31 02:03,硬件损坏,更换功率模块,5.1
ST0072-P03,ST0072,2026-07-09 17:00,2026-07-09 18:53,接触不良,清洁接头,1.9
ST0072-P04,ST0072,2025-08-23 08:00,2025-08-23 10:18,接触不良,紧固接线端子,2.3
ST0072-P04,ST0072,2026-05-01 07:00,2026-05-01 12:11,接触不良,紧固接线端子,5.2
ST0072-P04,ST0072,2026-07-02 17:00,2026-07-02 20:47,接触不良,更换充电枪头,3.8
ST0072-P05,ST0072,2025-09-27 22:00,2025-09-27 22:30,通讯故障,更换4G/5G模块,0.5
ST0072-P05,ST0072,2025-10-28 02:00,2025-10-28 02:30,硬件损坏,更换控制板,0.5
ST0072-P05,ST0072,2025-12-30 16:00,2025-12-30 19:18,接触不良,紧固接线端子,3.3
ST0072-P05,ST0072,2026-05-03 04:00,2026-05-03 04:35,接触不良,清洁接头,0.6
ST0072-P05,ST0072,2026-05-06 13:00,2026-05-06 14:25,接触不良,紧固接线端子,1.4
ST0072-P06,ST0072,2026-01-06 09:00,2026-01-06 17:28,接触不良,更换充电枪头,8.5
ST0072-P06,ST0072,2026-01-15 08:00,2026-01-15 21:30,过温保护,降低功率运行,13.5
ST0072-P06,ST0072,2026-05-03 01:00,2026-05-03 01:30,硬件损坏,更换控制板,0.5
ST0072-P06,ST0072,2026-05-26 03:00,2026-05-26 04:07,过温保护,降低功率运行,1.1
ST0072-P07,ST0072,2026-02-15 05:00,2026-02-15 09:54,硬件损坏,返厂维修,4.9
ST0072-P07,ST0072,2026-04-15 15:00,2026-04-15 18:32,通讯故障,更换4G/5G模块,3.5
ST0072-P07,ST0072,2026-06-23 16:00,2026-06-23 17:31,接触不良,清洁接头,1.5
ST0072-P08,ST0072,2026-01-15 23:00,2026-01-15 23:30,接触不良,清洁接头,0.5
ST0072-P08,ST0072,2026-06-23 12:00,2026-06-23 14:27,接触不良,清洁接头,2.5
ST0072-P09,ST0072,2026-01-07 23:00,2026-01-08 01:16,功率异常,校准功率表,2.3
ST0072-P09,ST0072,2026-06-02 13:00,2026-06-02 13:52,过温保护,降低功率运行,0.9
ST0072-P10,ST0072,2025-10-12 22:00,2025-10-13 10:20,接触不良,清洁接头,12.3
ST0072-P10,ST0072,2025-11-01 03:00,2025-11-01 03:30,接触不良,紧固接线端子,0.5
ST0072-P11,ST0072,2025-11-07 05:00,2025-11-07 05:30,硬件损坏,更换功率模块,0.5
ST0072-P11,ST0072,2026-01-04 22:00,2026-01-05 00:50,接触不良,更换充电枪头,2.8
ST0072-P12,ST0072,2025-09-19 20:00,2025-09-19 22:20,过温保护,清理散热片,2.3
ST0072-P12,ST0072,2025-09-27 02:00,2025-09-27 05:27,接触不良,清洁接头,3.5
ST0072-P12,ST0072,2026-02-25 18:00,2026-02-25 18:30,接触不良,紧固接线端子,0.5
ST0072-P12,ST0072,2026-04-19 18:00,2026-04-19 21:41,接触不良,紧固接线端子,3.7
ST0072-P12,ST0072,2026-05-22 22:00,2026-05-22 23:30,接触不良,紧固接线端子,1.5
ST0072-P12,ST0072,2026-06-01 19:00,2026-06-02 06:36,线缆问题,修补线缆外皮,11.6
ST0072-P12,ST0072,2026-06-11 14:00,2026-06-11 15:03,接触不良,更换充电枪头,1.1
ST0072-P13,ST0072,2025-11-21 13:00,2025-11-21 13:36,接触不良,清洁接头,0.6
ST0072-P13,ST0072,2026-05-09 00:00,2026-05-09 07:10,过温保护,清理散热片,7.2
ST0072-P14,ST0072,2025-09-01 00:00,2025-09-01 00:47,过温保护,检查风扇,0.8
ST0072-P14,ST0072,2025-11-09 23:00,2025-11-10 06:50,通讯故障,重启通讯模块,7.8
ST0072-P14,ST0072,2026-05-04 10:00,2026-05-04 12:04,通讯故障,重启通讯模块,2.1
ST0072-P14,ST0072,2026-05-06 12:00,2026-05-06 14:02,通讯故障,重启通讯模块,2.0
ST0072-P15,ST0072,2025-12-04 16:00,2025-12-05 03:41,接触不良,更换充电枪头,11.7
ST0072-P15,ST0072,2026-01-15 05:00,2026-01-15 17:06,硬件损坏,更换控制板,12.1
ST0072-P15,ST0072,2026-05-09 22:00,2026-05-09 22:37,通讯故障,重启通讯模块,0.6
ST0072-P16,ST0072,2025-09-01 01:00,2025-09-01 07:25,接触不良,清洁接头,6.4
ST0072-P16,ST0072,2026-03-02 19:00,2026-03-02 20:16,功率异常,校准功率表,1.3
ST0072-P16,ST0072,2026-07-04 18:00,2026-07-04 21:38,过温保护,降低功率运行,3.6
ST0072-P17,ST0072,2026-07-24 13:00,2026-07-24 23:12,过温保护,清理散热片,10.2
ST0072-P18,ST0072,2025-09-12 16:00,2025-09-12 17:43,硬件损坏,更换控制板,1.7
ST0072-P18,ST0072,2025-11-14 16:00,2025-11-14 21:13,硬件损坏,返厂维修,5.2
ST0072-P18,ST0072,2025-11-18 15:00,2025-11-19 06:56,功率异常,更换传感器,15.9
ST0072-P18,ST0072,2026-02-14 21:00,2026-02-14 23:10,通讯故障,重启通讯模块,2.2
ST0072-P18,ST0072,2026-05-05 12:00,2026-05-05 22:48,过温保护,清理散热片,10.8
ST0072-P18,ST0072,2026-06-22 03:00,2026-06-22 13:11,接触不良,紧固接线端子,10.2
ST0072-P19,ST0072,2025-08-01 02:00,2025-08-01 04:31,过温保护,清理散热片,2.5
ST0072-P19,ST0072,2025-10-19 21:00,2025-10-19 22:02,接触不良,紧固接线端子,1.0
ST0072-P19,ST0072,2025-10-20 06:00,2025-10-20 06:53,过温保护,清理散热片,0.9
ST0072-P19,ST0072,2026-06-08 04:00,2026-06-08 06:12,接触不良,更换充电枪头,2.2
ST0072-P19,ST0072,2026-07-11 17:00,2026-07-11 22:38,通讯故障,检查天线连接,5.6
ST0072-P20,ST0072,2025-08-11 12:00,2025-08-11 12:30,过温保护,检查风扇,0.5
ST0072-P20,ST0072,2026-04-28 15:00,2026-04-29 09:22,接触不良,清洁接头,18.4
ST0072-P20,ST0072,2026-06-04 23:00,2026-06-05 05:48,通讯故障,重启通讯模块,6.8
ST0072-P20,ST0072,2026-07-29 23:00,2026-07-30 01:05,硬件损坏,返厂维修,2.1
ST0073-P01,ST0073,2025-08-04 20:00,2025-08-05 00:39,接触不良,紧固接线端子,4.7
ST0073-P01,ST0073,2025-12-15 07:00,2025-12-15 10:09,通讯故障,重启通讯模块,3.2
ST0073-P01,ST0073,2026-02-06 18:00,2026-02-06 23:46,过温保护,清理散热片,5.8
ST0073-P01,ST0073,2026-04-25 03:00,2026-04-25 04:33,接触不良,紧固接线端子,1.6
ST0073-P02,ST0073,2026-01-28 18:00,2026-01-28 18:51,过温保护,检查风扇,0.9
ST0073-P02,ST0073,2026-02-26 03:00,2026-02-26 10:19,通讯故障,更换4G/5G模块,7.3
ST0073-P02,ST0073,2026-04-15 22:00,2026-04-16 01:34,过温保护,清理散热片,3.6
ST0073-P03,ST0073,2026-07-05 15:00,2026-07-05 15:30,过温保护,清理散热片,0.5
ST0073-P03,ST0073,2026-07-12 00:00,2026-07-12 00:30,接触不良,紧固接线端子,0.5
ST0073-P03,ST0073,2026-07-21 09:00,2026-07-21 11:09,过温保护,检查风扇,2.2
ST0073-P04,ST0073,2025-10-27 19:00,2025-10-27 20:12,接触不良,清洁接头,1.2
ST0073-P04,ST0073,2026-01-05 19:00,2026-01-06 02:07,线缆问题,更换连接器,7.1
ST0073-P04,ST0073,2026-01-13 14:00,2026-01-13 17:01,过温保护,清理散热片,3.0
ST0073-P04,ST0073,2026-02-21 17:00,2026-02-21 21:52,硬件损坏,更换控制板,4.9
ST0073-P04,ST0073,2026-05-22 03:00,2026-05-22 14:22,过温保护,清理散热片,11.4
ST0073-P05,ST0073,2025-10-23 10:00,2025-10-23 10:30,过温保护,检查风扇,0.5
ST0073-P05,ST0073,2025-11-23 19:00,2025-11-23 21:34,硬件损坏,更换控制板,2.6
ST0073-P06,ST0073,2025-08-12 14:00,2025-08-13 00:39,通讯故障,更换4G/5G模块,10.7
ST0073-P06,ST0073,2025-10-09 18:00,2025-10-09 20:44,通讯故障,检查天线连接,2.7
ST0073-P06,ST0073,2026-05-30 09:00,2026-05-30 10:24,接触不良,更换充电枪头,1.4
ST0073-P06,ST0073,2026-06-13 13:00,2026-06-13 19:09,过温保护,检查风扇,6.2
ST0073-P06,ST0073,2026-06-18 15:00,2026-06-18 23:49,接触不良,更换充电枪头,8.8
ST0073-P07,ST0073,2025-08-12 17:00,2025-08-13 00:07,通讯故障,重启通讯模块,7.1
ST0073-P07,ST0073,2026-01-05 21:00,2026-01-05 23:08,过温保护,降低功率运行,2.1
ST0073-P07,ST0073,2026-05-11 19:00,2026-05-12 04:03,过温保护,检查风扇,9.1
ST0073-P08,ST0073,2026-05-14 11:00,2026-05-14 18:54,过温保护,降低功率运行,7.9
ST0073-P09,ST0073,2026-02-24 08:00,2026-02-24 10:02,通讯故障,重启通讯模块,2.0
ST0073-P09,ST0073,2026-04-18 06:00,2026-04-18 23:03,过温保护,降低功率运行,17.1
ST0073-P10,ST0073,2025-09-27 13:00,2025-09-27 22:25,硬件损坏,更换控制板,9.4
ST0073-P10,ST0073,2025-12-03 09:00,2025-12-03 17:08,硬件损坏,更换控制板,8.1
ST0073-P11,ST0073,2026-06-19 10:00,2026-06-19 13:56,过温保护,清理散热片,3.9
ST0073-P12,ST0073,2025-12-28 18:00,2025-12-28 22:38,过温保护,降低功率运行,4.6
ST0073-P12,ST0073,2026-05-01 03:00,2026-05-01 03:34,过温保护,检查风扇,0.6
ST0073-P13,ST0073,2025-08-06 19:00,2025-08-06 19:58,接触不良,更换充电枪头,1.0
ST0073-P13,ST0073,2026-07-06 20:00,2026-07-07 22:10,接触不良,紧固接线端子,26.2
ST0073-P14,ST0073,2025-08-17 05:00,2025-08-17 06:30,硬件损坏,更换控制板,1.5
ST0073-P14,ST0073,2025-10-11 14:00,2025-10-11 21:03,硬件损坏,更换功率模块,7.1
ST0073-P14,ST0073,2026-02-20 12:00,2026-02-20 15:41,接触不良,清洁接头,3.7
ST0073-P14,ST0073,2026-05-11 19:00,2026-05-11 20:58,接触不良,更换充电枪头,2.0
ST0073-P15,ST0073,2025-09-23 07:00,2025-09-23 09:02,过温保护,清理散热片,2.0
ST0073-P15,ST0073,2025-12-08 11:00,2025-12-08 12:40,接触不良,紧固接线端子,1.7
ST0073-P15,ST0073,2026-05-12 17:00,2026-05-12 22:43,接触不良,紧固接线端子,5.7
ST0073-P16,ST0073,2025-09-24 17:00,2025-09-24 18:15,接触不良,清洁接头,1.3
ST0073-P16,ST0073,2026-03-01 07:00,2026-03-02 12:15,接触不良,更换充电枪头,29.3
ST0073-P16,ST0073,2026-03-31 08:00,2026-03-31 10:02,硬件损坏,返厂维修,2.0
ST0073-P16,ST0073,2026-05-04 17:00,2026-05-04 20:10,过温保护,清理散热片,3.2
ST0073-P16,ST0073,2026-06-13 19:00,2026-06-13 19:30,硬件损坏,返厂维修,0.5
ST0073-P17,ST0073,2025-11-17 01:00,2025-11-17 09:35,接触不良,紧固接线端子,8.6
ST0073-P17,ST0073,2026-01-24 23:00,2026-01-24 23:41,线缆问题,修补线缆外皮,0.7
ST0073-P17,ST0073,2026-05-31 19:00,2026-05-31 20:37,功率异常,更换传感器,1.6
ST0073-P17,ST0073,2026-06-27 06:00,2026-06-27 06:30,接触不良,更换充电枪头,0.5
ST0073-P17,ST0073,2026-07-14 12:00,2026-07-14 13:39,通讯故障,重启通讯模块,1.7
ST0073-P18,ST0073,2025-12-29 13:00,2025-12-29 20:42,线缆问题,修补线缆外皮,7.7
ST0073-P18,ST0073,2026-03-13 17:00,2026-03-13 21:56,功率异常,固件升级,4.9
ST0073-P18,ST0073,2026-03-30 05:00,2026-03-30 05:30,过温保护,检查风扇,0.5
ST0073-P18,ST0073,2026-04-03 23:00,2026-04-03 23:30,接触不良,更换充电枪头,0.5
ST0073-P18,ST0073,2026-05-19 01:00,2026-05-19 05:37,过温保护,降低功率运行,4.6
ST0073-P18,ST0073,2026-07-01 03:00,2026-07-01 03:58,接触不良,紧固接线端子,1.0
ST0073-P19,ST0073,2025-11-13 13:00,2025-11-13 17:41,硬件损坏,更换控制板,4.7
ST0073-P19,ST0073,2025-11-27 08:00,2025-11-27 08:30,接触不良,清洁接头,0.5
ST0073-P19,ST0073,2026-01-03 08:00,2026-01-03 17:15,通讯故障,重启通讯模块,9.3
ST0073-P19,ST0073,2026-07-19 03:00,2026-07-19 17:13,硬件损坏,更换功率模块,14.2
ST0073-P20,ST0073,2025-10-12 04:00,2025-10-12 04:31,接触不良,更换充电枪头,0.5
ST0073-P20,ST0073,2026-01-02 01:00,2026-01-02 08:09,过温保护,检查风扇,7.2
ST0073-P20,ST0073,2026-01-23 13:00,2026-01-23 16:36,通讯故障,检查天线连接,3.6
ST0073-P20,ST0073,2026-02-22 11:00,2026-02-22 15:55,功率异常,校准功率表,4.9
ST0074-P01,ST0074,2025-10-03 19:00,2025-10-03 19:47,接触不良,更换充电枪头,0.8
ST0074-P01,ST0074,2025-10-31 05:00,2025-10-31 17:14,接触不良,更换充电枪头,12.2
ST0074-P01,ST0074,2025-12-11 15:00,2025-12-11 18:44,功率异常,更换传感器,3.7
ST0074-P01,ST0074,2025-12-29 14:00,2025-12-29 18:32,接触不良,更换充电枪头,4.5
ST0074-P01,ST0074,2026-01-17 07:00,2026-01-17 12:09,过温保护,清理散热片,5.2
ST0074-P01,ST0074,2026-06-22 20:00,2026-06-23 02:41,硬件损坏,返厂维修,6.7
ST0074-P02,ST0074,2025-09-19 07:00,2025-09-19 09:15,过温保护,降低功率运行,2.3
ST0074-P02,ST0074,2025-11-24 10:00,2025-11-24 16:36,通讯故障,重启通讯模块,6.6
ST0074-P02,ST0074,2026-03-12 10:00,2026-03-12 18:09,过温保护,清理散热片,8.2
ST0074-P02,ST0074,2026-04-08 02:00,2026-04-08 03:13,接触不良,更换充电枪头,1.2
ST0074-P02,ST0074,2026-06-02 07:00,2026-06-02 08:10,过温保护,降低功率运行,1.2
ST0074-P03,ST0074,2026-01-26 06:00,2026-01-26 08:44,接触不良,更换充电枪头,2.7
ST0074-P04,ST0074,2025-12-06 12:00,2025-12-06 12:30,硬件损坏,更换功率模块,0.5
ST0074-P04,ST0074,2026-06-02 01:00,2026-06-02 03:20,接触不良,更换充电枪头,2.3
ST0074-P05,ST0074,2025-09-04 22:00,2025-09-05 07:58,通讯故障,更换4G/5G模块,10.0
ST0074-P05,ST0074,2025-11-30 20:00,2025-12-01 00:33,功率异常,校准功率表,4.6
ST0074-P05,ST0074,2026-06-21 14:00,2026-06-21 20:39,功率异常,更换传感器,6.7
ST0074-P06,ST0074,2025-12-17 17:00,2025-12-18 01:59,接触不良,紧固接线端子,9.0
ST0074-P07,ST0074,2025-10-27 21:00,2025-10-28 06:12,接触不良,清洁接头,9.2
ST0074-P07,ST0074,2026-01-14 05:00,2026-01-14 09:32,接触不良,更换充电枪头,4.5
ST0074-P07,ST0074,2026-05-27 21:00,2026-05-27 23:33,接触不良,清洁接头,2.6
ST0074-P07,ST0074,2026-07-12 10:00,2026-07-12 16:08,过温保护,降低功率运行,6.1
ST0074-P08,ST0074,2025-08-29 10:00,2025-08-29 11:56,接触不良,更换充电枪头,1.9
ST0074-P08,ST0074,2025-09-13 14:00,2025-09-13 18:16,硬件损坏,更换功率模块,4.3
ST0074-P08,ST0074,2026-02-02 09:00,2026-02-02 20:58,过温保护,降低功率运行,12.0
ST0074-P08,ST0074,2026-04-08 11:00,2026-04-08 11:58,接触不良,紧固接线端子,1.0
ST0074-P08,ST0074,2026-04-28 20:00,2026-04-29 03:14,接触不良,更换充电枪头,7.2
ST0074-P09,ST0074,2025-12-30 03:00,2025-12-30 04:05,过温保护,检查风扇,1.1
ST0074-P09,ST0074,2026-01-30 04:00,2026-01-30 05:56,过温保护,检查风扇,1.9
ST0074-P09,ST0074,2026-02-04 20:00,2026-02-04 20:30,接触不良,更换充电枪头,0.5
ST0074-P09,ST0074,2026-03-13 16:00,2026-03-14 01:21,接触不良,紧固接线端子,9.4
ST0074-P10,ST0074,2025-11-11 08:00,2025-11-11 09:33,过温保护,检查风扇,1.6
ST0074-P10,ST0074,2026-07-26 18:00,2026-07-27 00:09,接触不良,清洁接头,6.2
ST0074-P11,ST0074,2025-08-19 10:00,2025-08-19 13:12,硬件损坏,更换功率模块,3.2
ST0074-P11,ST0074,2026-04-08 16:00,2026-04-08 17:16,通讯故障,检查天线连接,1.3
ST0074-P12,ST0074,2025-11-08 03:00,2025-11-08 03:30,接触不良,紧固接线端子,0.5
ST0074-P13,ST0074,2025-09-05 22:00,2025-09-05 23:40,接触不良,更换充电枪头,1.7
ST0074-P13,ST0074,2025-12-01 20:00,2025-12-01 22:10,接触不良,紧固接线端子,2.2
ST0074-P14,ST0074,2025-09-02 10:00,2025-09-02 15:11,过温保护,清理散热片,5.2
ST0074-P14,ST0074,2025-10-02 14:00,2025-10-02 15:15,接触不良,紧固接线端子,1.3
ST0074-P14,ST0074,2025-10-29 15:00,2025-10-29 17:02,线缆问题,更换连接器,2.0
ST0074-P14,ST0074,2025-11-03 10:00,2025-11-03 12:17,过温保护,降低功率运行,2.3
ST0074-P14,ST0074,2025-12-25 17:00,2025-12-25 23:53,接触不良,清洁接头,6.9
ST0074-P14,ST0074,2026-04-01 06:00,2026-04-01 23:07,过温保护,清理散热片,17.1
ST0074-P14,ST0074,2026-05-13 02:00,2026-05-13 04:37,功率异常,更换传感器,2.6
ST0074-P15,ST0074,2025-11-24 15:00,2025-11-24 21:44,接触不良,紧固接线端子,6.7
ST0074-P15,ST0074,2026-07-05 06:00,2026-07-05 06:30,接触不良,清洁接头,0.5
ST0074-P16,ST0074,2025-09-24 11:00,2025-09-24 11:46,接触不良,清洁接头,0.8
ST0074-P16,ST0074,2026-07-18 15:00,2026-07-18 23:49,过温保护,清理散热片,8.8
ST0074-P17,ST0074,2025-08-15 22:00,2025-08-15 22:37,硬件损坏,更换功率模块,0.6
ST0074-P17,ST0074,2025-10-09 18:00,2025-10-09 21:24,过温保护,降低功率运行,3.4
ST0074-P17,ST0074,2025-11-23 06:00,2025-11-23 07:45,硬件损坏,更换控制板,1.8
ST0074-P17,ST0074,2026-01-22 01:00,2026-01-22 01:30,过温保护,降低功率运行,0.5
ST0074-P17,ST0074,2026-05-22 08:00,2026-05-22 15:09,通讯故障,更换4G/5G模块,7.2
ST0074-P17,ST0074,2026-05-28 18:00,2026-05-28 19:38,接触不良,紧固接线端子,1.6
ST0074-P17,ST0074,2026-05-29 02:00,2026-05-29 08:05,接触不良,清洁接头,6.1
ST0074-P17,ST0074,2026-06-19 13:00,2026-06-19 17:39,过温保护,检查风扇,4.7
ST0074-P18,ST0074,2025-11-25 18:00,2025-11-25 19:28,过温保护,清理散热片,1.5
ST0074-P18,ST0074,2026-05-11 10:00,2026-05-11 10:59,接触不良,清洁接头,1.0
ST0074-P19,ST0074,2025-09-18 22:00,2025-09-19 00:47,接触不良,更换充电枪头,2.8
ST0074-P19,ST0074,2026-05-04 19:00,2026-05-04 20:15,功率异常,更换传感器,1.3
ST0074-P19,ST0074,2026-07-29 10:00,2026-07-29 11:04,过温保护,清理散热片,1.1
ST0074-P20,ST0074,2025-12-26 05:00,2025-12-26 10:13,通讯故障,检查天线连接,5.2
ST0074-P20,ST0074,2025-12-29 12:00,2025-12-29 13:35,接触不良,清洁接头,1.6
ST0075-P01,ST0075,2026-02-06 15:00,2026-02-07 00:15,通讯故障,更换4G/5G模块,9.3
ST0075-P01,ST0075,2026-03-13 05:00,2026-03-13 15:28,过温保护,降低功率运行,10.5
ST0075-P01,ST0075,2026-03-23 18:00,2026-03-23 20:29,过温保护,检查风扇,2.5
ST0075-P01,ST0075,2026-06-22 22:00,2026-06-22 22:30,功率异常,固件升级,0.5
ST0075-P01,ST0075,2026-07-10 19:00,2026-07-10 20:37,通讯故障,检查天线连接,1.6
ST0075-P02,ST0075,2026-04-23 23:00,2026-04-24 00:41,接触不良,更换充电枪头,1.7
ST0075-P02,ST0075,2026-05-31 01:00,2026-05-31 01:38,过温保护,清理散热片,0.6
ST0075-P03,ST0075,2025-08-08 10:00,2025-08-08 10:30,通讯故障,检查天线连接,0.5
ST0075-P03,ST0075,2025-11-05 20:00,2025-11-05 20:55,过温保护,降低功率运行,0.9
ST0075-P03,ST0075,2026-01-01 16:00,2026-01-01 18:06,过温保护,降低功率运行,2.1
ST0075-P03,ST0075,2026-03-20 02:00,2026-03-20 04:03,通讯故障,更换4G/5G模块,2.1
ST0075-P03,ST0075,2026-04-28 09:00,2026-04-28 13:45,硬件损坏,更换控制板,4.8
ST0075-P03,ST0075,2026-06-20 02:00,2026-06-20 06:40,接触不良,更换充电枪头,4.7
ST0075-P04,ST0075,2025-12-15 06:00,2025-12-15 13:59,功率异常,更换传感器,8.0
ST0075-P04,ST0075,2026-04-12 05:00,2026-04-12 07:43,硬件损坏,返厂维修,2.7
ST0075-P05,ST0075,2025-11-02 23:00,2025-11-03 04:28,线缆问题,更换充电线缆,5.5
ST0075-P05,ST0075,2026-04-28 16:00,2026-04-28 16:30,接触不良,清洁接头,0.5
ST0075-P05,ST0075,2026-06-23 00:00,2026-06-23 00:32,线缆问题,更换充电线缆,0.5
ST0075-P06,ST0075,2025-09-10 08:00,2025-09-10 11:54,接触不良,清洁接头,3.9
ST0075-P06,ST0075,2025-09-11 18:00,2025-09-11 20:23,通讯故障,重启通讯模块,2.4
ST0075-P06,ST0075,2026-06-09 15:00,2026-06-09 19:55,硬件损坏,返厂维修,4.9
ST0075-P07,ST0075,2025-08-25 11:00,2025-08-25 11:43,通讯故障,更换4G/5G模块,0.7
ST0075-P07,ST0075,2026-03-16 14:00,2026-03-16 20:43,接触不良,紧固接线端子,6.7
ST0075-P07,ST0075,2026-06-19 05:00,2026-06-19 21:46,硬件损坏,更换功率模块,16.8
ST0075-P07,ST0075,2026-07-03 23:00,2026-07-04 00:28,过温保护,降低功率运行,1.5
ST0075-P08,ST0075,2026-03-06 13:00,2026-03-06 13:30,接触不良,紧固接线端子,0.5
ST0075-P09,ST0075,2026-02-08 02:00,2026-02-08 05:02,接触不良,紧固接线端子,3.0
ST0075-P10,ST0075,2025-08-11 23:00,2025-08-12 01:50,通讯故障,检查天线连接,2.8
ST0075-P10,ST0075,2025-10-04 21:00,2025-10-05 06:37,过温保护,检查风扇,9.6
ST0075-P10,ST0075,2026-03-26 23:00,2026-03-27 05:38,硬件损坏,更换功率模块,6.6
ST0075-P10,ST0075,2026-07-09 10:00,2026-07-09 17:18,接触不良,更换充电枪头,7.3
ST0075-P11,ST0075,2025-09-10 00:00,2025-09-10 02:15,接触不良,更换充电枪头,2.3
ST0075-P11,ST0075,2026-03-31 09:00,2026-03-31 10:11,通讯故障,重启通讯模块,1.2
ST0075-P11,ST0075,2026-04-30 04:00,2026-04-30 08:01,过温保护,降低功率运行,4.0
ST0075-P12,ST0075,2026-01-09 11:00,2026-01-09 11:30,通讯故障,重启通讯模块,0.5
ST0075-P13,ST0075,2026-03-07 01:00,2026-03-07 01:30,接触不良,紧固接线端子,0.5
ST0075-P14,ST0075,2025-09-21 16:00,2025-09-21 16:32,接触不良,紧固接线端子,0.5
ST0075-P14,ST0075,2025-10-02 01:00,2025-10-02 04:09,过温保护,检查风扇,3.2
ST0075-P14,ST0075,2026-01-15 01:00,2026-01-15 08:48,硬件损坏,更换功率模块,7.8
ST0075-P15,ST0075,2025-09-10 06:00,2025-09-10 10:06,接触不良,紧固接线端子,4.1
ST0075-P15,ST0075,2025-12-02 19:00,2025-12-02 19:48,通讯故障,重启通讯模块,0.8
ST0075-P15,ST0075,2025-12-04 06:00,2025-12-05 01:18,通讯故障,更换4G/5G模块,19.3
ST0075-P15,ST0075,2026-01-26 16:00,2026-01-26 22:49,接触不良,紧固接线端子,6.8
ST0075-P15,ST0075,2026-02-22 04:00,2026-02-22 06:14,通讯故障,更换4G/5G模块,2.2
ST0075-P15,ST0075,2026-04-12 06:00,2026-04-12 09:27,接触不良,清洁接头,3.5
ST0075-P15,ST0075,2026-06-03 12:00,2026-06-03 12:30,接触不良,紧固接线端子,0.5
ST0075-P16,ST0075,2026-03-09 02:00,2026-03-09 04:00,通讯故障,更换4G/5G模块,2.0
ST0075-P16,ST0075,2026-06-21 09:00,2026-06-21 09:46,通讯故障,更换4G/5G模块,0.8
ST0075-P16,ST0075,2026-06-30 10:00,2026-06-30 11:52,线缆问题,修补线缆外皮,1.9
ST0075-P16,ST0075,2026-07-07 07:00,2026-07-07 08:48,过温保护,清理散热片,1.8
ST0075-P17,ST0075,2025-08-22 21:00,2025-08-23 08:18,接触不良,更换充电枪头,11.3
ST0075-P17,ST0075,2026-01-25 03:00,2026-01-25 03:30,硬件损坏,更换功率模块,0.5
ST0075-P17,ST0075,2026-02-11 09:00,2026-02-11 09:30,接触不良,更换充电枪头,0.5
ST0075-P17,ST0075,2026-02-18 21:00,2026-02-19 10:27,过温保护,降低功率运行,13.5
ST0075-P18,ST0075,2026-03-22 00:00,2026-03-22 03:22,功率异常,校准功率表,3.4
ST0075-P18,ST0075,2026-03-30 15:00,2026-03-30 17:53,硬件损坏,更换功率模块,2.9
ST0075-P19,ST0075,2025-09-09 01:00,2025-09-09 11:59,接触不良,更换充电枪头,11.0
ST0075-P19,ST0075,2025-12-06 09:00,2025-12-06 15:14,过温保护,清理散热片,6.2
ST0075-P19,ST0075,2025-12-09 08:00,2025-12-09 09:22,通讯故障,重启通讯模块,1.4
ST0075-P19,ST0075,2026-04-24 02:00,2026-04-24 08:48,过温保护,检查风扇,6.8
ST0075-P19,ST0075,2026-07-27 21:00,2026-07-27 22:39,过温保护,检查风扇,1.7
ST0075-P20,ST0075,2026-07-23 14:00,2026-07-23 16:25,通讯故障,更换4G/5G模块,2.4
ST0076-P01,ST0076,2025-11-05 21:00,2025-11-05 21:45,过温保护,降低功率运行,0.8
ST0076-P01,ST0076,2026-02-08 03:00,2026-02-08 03:30,接触不良,更换充电枪头,0.5
ST0076-P01,ST0076,2026-02-26 08:00,2026-02-26 14:01,通讯故障,重启通讯模块,6.0
ST0076-P01,ST0076,2026-04-09 06:00,2026-04-09 09:36,功率异常,校准功率表,3.6
ST0076-P01,ST0076,2026-05-07 00:00,2026-05-07 00:30,硬件损坏,更换功率模块,0.5
ST0076-P02,ST0076,2025-09-22 08:00,2025-09-22 09:30,接触不良,紧固接线端子,1.5
ST0076-P02,ST0076,2025-12-11 21:00,2025-12-12 11:31,过温保护,检查风扇,14.5
ST0076-P02,ST0076,2026-01-10 06:00,2026-01-10 14:30,硬件损坏,更换功率模块,8.5
ST0076-P02,ST0076,2026-03-21 03:00,2026-03-21 04:21,接触不良,紧固接线端子,1.4
ST0076-P02,ST0076,2026-05-24 07:00,2026-05-24 15:48,接触不良,紧固接线端子,8.8
ST0076-P03,ST0076,2026-04-11 12:00,2026-04-11 13:45,过温保护,检查风扇,1.8
ST0076-P03,ST0076,2026-06-17 22:00,2026-06-18 03:40,接触不良,更换充电枪头,5.7
ST0076-P03,ST0076,2026-07-22 21:00,2026-07-23 03:17,过温保护,降低功率运行,6.3
ST0076-P04,ST0076,2025-10-28 16:00,2025-10-28 22:37,过温保护,降低功率运行,6.6
ST0076-P05,ST0076,2025-11-30 10:00,2025-11-30 13:58,通讯故障,检查天线连接,4.0
ST0076-P05,ST0076,2026-01-27 03:00,2026-01-27 06:57,接触不良,紧固接线端子,4.0
ST0076-P05,ST0076,2026-03-21 08:00,2026-03-21 08:30,通讯故障,更换4G/5G模块,0.5
ST0076-P06,ST0076,2025-09-03 16:00,2025-09-03 16:30,接触不良,清洁接头,0.5
ST0076-P06,ST0076,2025-10-01 03:00,2025-10-01 10:45,过温保护,检查风扇,7.8
ST0076-P06,ST0076,2025-11-12 09:00,2025-11-12 09:58,接触不良,更换充电枪头,1.0
ST0076-P06,ST0076,2025-11-14 17:00,2025-11-14 22:04,通讯故障,更换4G/5G模块,5.1
ST0076-P06,ST0076,2025-12-17 23:00,2025-12-18 01:41,硬件损坏,更换功率模块,2.7
ST0076-P06,ST0076,2026-03-06 17:00,2026-03-06 21:01,通讯故障,检查天线连接,4.0
ST0076-P06,ST0076,2026-05-30 16:00,2026-05-30 16:44,接触不良,紧固接线端子,0.7
ST0076-P07,ST0076,2026-01-31 16:00,2026-01-31 17:24,过温保护,清理散热片,1.4
ST0076-P08,ST0076,2025-08-05 19:00,2025-08-05 20:38,接触不良,更换充电枪头,1.6
ST0076-P08,ST0076,2025-12-07 03:00,2025-12-07 05:45,接触不良,更换充电枪头,2.8
ST0076-P08,ST0076,2026-04-01 14:00,2026-04-01 14:31,通讯故障,重启通讯模块,0.5
ST0076-P09,ST0076,2025-09-27 11:00,2025-09-27 20:02,通讯故障,重启通讯模块,9.0
ST0076-P10,ST0076,2026-03-03 00:00,2026-03-03 14:44,过温保护,清理散热片,14.7
ST0076-P10,ST0076,2026-05-07 04:00,2026-05-07 08:34,通讯故障,更换4G/5G模块,4.6
ST0076-P11,ST0076,2025-08-11 01:00,2025-08-11 19:06,通讯故障,检查天线连接,18.1
ST0076-P11,ST0076,2025-10-27 07:00,2025-10-27 17:26,接触不良,更换充电枪头,10.4
ST0076-P11,ST0076,2025-12-16 08:00,2025-12-16 17:51,接触不良,更换充电枪头,9.9
ST0076-P11,ST0076,2026-03-25 04:00,2026-03-25 14:04,接触不良,更换充电枪头,10.1
ST0076-P11,ST0076,2026-06-09 01:00,2026-06-09 04:41,接触不良,紧固接线端子,3.7
ST0076-P11,ST0076,2026-07-01 11:00,2026-07-01 11:54,接触不良,清洁接头,0.9
ST0076-P12,ST0076,2025-12-20 17:00,2025-12-20 19:30,接触不良,清洁接头,2.5
ST0076-P12,ST0076,2026-02-07 07:00,2026-02-07 22:32,通讯故障,检查天线连接,15.5
ST0076-P12,ST0076,2026-06-12 09:00,2026-06-12 09:30,接触不良,更换充电枪头,0.5
ST0076-P12,ST0076,2026-06-15 15:00,2026-06-15 23:11,硬件损坏,返厂维修,8.2
ST0076-P12,ST0076,2026-06-21 04:00,2026-06-21 04:30,过温保护,清理散热片,0.5
ST0076-P12,ST0076,2026-06-26 02:00,2026-06-26 03:24,通讯故障,重启通讯模块,1.4
ST0076-P13,ST0076,2025-10-17 23:00,2025-10-17 23:42,接触不良,清洁接头,0.7
ST0076-P13,ST0076,2025-11-13 05:00,2025-11-13 05:49,过温保护,清理散热片,0.8
ST0076-P13,ST0076,2025-12-09 18:00,2025-12-09 19:57,通讯故障,更换4G/5G模块,2.0
ST0076-P14,ST0076,2025-08-08 08:00,2025-08-08 08:33,线缆问题,更换连接器,0.6
ST0076-P14,ST0076,2025-10-13 05:00,2025-10-13 05:30,过温保护,检查风扇,0.5
ST0076-P14,ST0076,2026-06-27 21:00,2026-06-27 22:05,硬件损坏,更换功率模块,1.1
ST0076-P15,ST0076,2025-08-26 15:00,2025-08-26 15:30,过温保护,清理散热片,0.5
ST0076-P15,ST0076,2025-10-16 17:00,2025-10-16 21:44,通讯故障,更换4G/5G模块,4.7
ST0076-P15,ST0076,2025-10-26 01:00,2025-10-26 08:29,接触不良,更换充电枪头,7.5
ST0076-P15,ST0076,2026-03-18 22:00,2026-03-19 05:08,接触不良,紧固接线端子,7.1
ST0076-P15,ST0076,2026-04-27 13:00,2026-04-28 09:03,接触不良,更换充电枪头,20.1
ST0076-P15,ST0076,2026-07-19 12:00,2026-07-19 12:33,接触不良,更换充电枪头,0.6
ST0076-P16,ST0076,2025-08-31 03:00,2025-08-31 08:34,硬件损坏,更换控制板,5.6
ST0076-P16,ST0076,2025-09-05 18:00,2025-09-05 21:10,通讯故障,更换4G/5G模块,3.2
ST0076-P16,ST0076,2025-11-09 13:00,2025-11-09 15:24,接触不良,紧固接线端子,2.4
ST0076-P16,ST0076,2025-12-03 04:00,2025-12-03 04:30,通讯故障,更换4G/5G模块,0.5
ST0076-P16,ST0076,2026-01-21 14:00,2026-01-21 14:30,通讯故障,更换4G/5G模块,0.5
ST0076-P16,ST0076,2026-05-26 00:00,2026-05-26 08:24,接触不良,更换充电枪头,8.4
ST0076-P16,ST0076,2026-06-06 10:00,2026-06-06 11:11,过温保护,清理散热片,1.2
ST0076-P17,ST0076,2025-08-18 20:00,2025-08-19 05:57,接触不良,清洁接头,10.0
ST0076-P17,ST0076,2026-03-25 02:00,2026-03-25 04:22,过温保护,清理散热片,2.4
ST0076-P17,ST0076,2026-03-25 06:00,2026-03-25 13:52,线缆问题,更换连接器,7.9
ST0076-P18,ST0076,2025-11-13 17:00,2025-11-13 17:30,接触不良,清洁接头,0.5
ST0076-P18,ST0076,2026-05-17 01:00,2026-05-17 04:02,接触不良,紧固接线端子,3.0
ST0076-P19,ST0076,2025-10-12 05:00,2025-10-12 05:46,硬件损坏,更换功率模块,0.8
ST0076-P19,ST0076,2026-07-02 12:00,2026-07-02 13:17,过温保护,检查风扇,1.3
ST0076-P20,ST0076,2025-09-26 18:00,2025-09-27 09:12,接触不良,更换充电枪头,15.2
ST0076-P20,ST0076,2026-02-25 03:00,2026-02-25 03:30,硬件损坏,更换控制板,0.5
ST0076-P20,ST0076,2026-07-30 08:00,2026-07-30 20:52,接触不良,紧固接线端子,12.9
ST0077-P01,ST0077,2025-09-05 15:00,2025-09-05 23:16,过温保护,清理散热片,8.3
ST0077-P02,ST0077,2025-10-14 07:00,2025-10-14 08:06,过温保护,检查风扇,1.1
ST0077-P02,ST0077,2025-12-29 04:00,2025-12-29 09:56,接触不良,更换充电枪头,5.9
ST0077-P02,ST0077,2026-02-01 04:00,2026-02-01 07:00,过温保护,清理散热片,3.0
ST0077-P02,ST0077,2026-06-28 12:00,2026-06-28 22:31,线缆问题,更换充电线缆,10.5
ST0077-P03,ST0077,2025-08-09 18:00,2025-08-09 21:54,接触不良,清洁接头,3.9
ST0077-P03,ST0077,2025-10-06 15:00,2025-10-06 22:43,通讯故障,更换4G/5G模块,7.7
ST0077-P03,ST0077,2026-01-04 23:00,2026-01-04 23:30,接触不良,清洁接头,0.5
ST0077-P03,ST0077,2026-01-09 03:00,2026-01-09 06:26,功率异常,校准功率表,3.4
ST0077-P03,ST0077,2026-03-31 05:00,2026-03-31 12:14,功率异常,更换传感器,7.2
ST0077-P03,ST0077,2026-06-12 00:00,2026-06-12 00:46,接触不良,更换充电枪头,0.8
ST0077-P03,ST0077,2026-06-25 20:00,2026-06-25 22:02,线缆问题,修补线缆外皮,2.0
ST0077-P03,ST0077,2026-07-12 05:00,2026-07-12 05:30,接触不良,清洁接头,0.5
ST0077-P04,ST0077,2025-08-13 21:00,2025-08-14 00:19,过温保护,清理散热片,3.3
ST0077-P04,ST0077,2026-01-01 23:00,2026-01-02 04:31,接触不良,紧固接线端子,5.5
ST0077-P05,ST0077,2025-09-27 12:00,2025-09-27 15:08,接触不良,更换充电枪头,3.1
ST0077-P05,ST0077,2025-10-07 03:00,2025-10-07 11:22,通讯故障,重启通讯模块,8.4
ST0077-P05,ST0077,2026-05-27 17:00,2026-05-27 22:39,接触不良,清洁接头,5.7
ST0077-P06,ST0077,2025-09-16 05:00,2025-09-16 08:54,过温保护,检查风扇,3.9
ST0077-P06,ST0077,2025-12-25 23:00,2025-12-26 06:26,线缆问题,更换连接器,7.4
ST0077-P06,ST0077,2026-05-02 13:00,2026-05-02 15:24,过温保护,检查风扇,2.4
ST0077-P06,ST0077,2026-05-04 12:00,2026-05-04 13:46,接触不良,紧固接线端子,1.8
ST0077-P07,ST0077,2025-10-04 06:00,2025-10-04 12:36,过温保护,检查风扇,6.6
ST0077-P07,ST0077,2026-04-21 21:00,2026-04-22 13:21,过温保护,检查风扇,16.4
ST0077-P08,ST0077,2025-08-05 16:00,2025-08-05 20:12,过温保护,降低功率运行,4.2
ST0077-P08,ST0077,2025-12-16 09:00,2025-12-16 14:39,接触不良,清洁接头,5.7
ST0077-P09,ST0077,2025-09-26 18:00,2025-09-27 06:10,过温保护,清理散热片,12.2
ST0077-P09,ST0077,2026-04-09 09:00,2026-04-09 15:18,接触不良,紧固接线端子,6.3
ST0077-P09,ST0077,2026-05-13 02:00,2026-05-13 05:19,接触不良,紧固接线端子,3.3
ST0077-P09,ST0077,2026-05-18 04:00,2026-05-18 07:27,硬件损坏,更换功率模块,3.5
ST0077-P10,ST0077,2025-08-21 16:00,2025-08-22 00:19,功率异常,校准功率表,8.3
ST0077-P10,ST0077,2025-11-12 12:00,2025-11-12 14:29,过温保护,降低功率运行,2.5
ST0077-P10,ST0077,2026-01-14 07:00,2026-01-14 07:38,过温保护,检查风扇,0.6
ST0077-P10,ST0077,2026-03-12 08:00,2026-03-12 10:04,通讯故障,更换4G/5G模块,2.1
ST0077-P10,ST0077,2026-05-04 08:00,2026-05-04 20:39,通讯故障,检查天线连接,12.7
ST0077-P10,ST0077,2026-06-17 04:00,2026-06-17 06:08,接触不良,更换充电枪头,2.1
ST0077-P11,ST0077,2025-12-19 13:00,2025-12-19 16:28,过温保护,清理散热片,3.5
ST0077-P11,ST0077,2026-04-28 13:00,2026-04-28 18:46,接触不良,清洁接头,5.8
ST0077-P12,ST0077,2025-10-26 02:00,2025-10-26 02:30,接触不良,更换充电枪头,0.5
ST0077-P12,ST0077,2025-11-11 23:00,2025-11-12 00:21,硬件损坏,返厂维修,1.4
ST0077-P13,ST0077,2025-08-01 06:00,2025-08-01 06:35,过温保护,清理散热片,0.6
ST0077-P13,ST0077,2025-08-02 01:00,2025-08-02 08:33,功率异常,校准功率表,7.6
ST0077-P13,ST0077,2025-08-10 17:00,2025-08-10 20:50,接触不良,紧固接线端子,3.8
ST0077-P13,ST0077,2026-02-09 07:00,2026-02-09 07:49,接触不良,清洁接头,0.8
ST0077-P13,ST0077,2026-02-23 14:00,2026-02-23 14:46,功率异常,校准功率表,0.8
ST0077-P14,ST0077,2025-08-02 00:00,2025-08-02 05:41,通讯故障,检查天线连接,5.7
ST0077-P14,ST0077,2025-09-17 12:00,2025-09-17 13:24,接触不良,紧固接线端子,1.4
ST0077-P14,ST0077,2025-10-11 21:00,2025-10-11 21:49,通讯故障,更换4G/5G模块,0.8
ST0077-P14,ST0077,2025-11-12 14:00,2025-11-12 14:30,过温保护,降低功率运行,0.5
ST0077-P14,ST0077,2025-12-08 03:00,2025-12-08 10:31,过温保护,检查风扇,7.5
ST0077-P14,ST0077,2026-05-25 21:00,2026-05-26 02:07,接触不良,紧固接线端子,5.1
ST0077-P14,ST0077,2026-06-18 04:00,2026-06-18 06:13,过温保护,清理散热片,2.2
ST0077-P15,ST0077,2025-08-05 17:00,2025-08-05 23:28,过温保护,降低功率运行,6.5
ST0077-P15,ST0077,2026-01-20 09:00,2026-01-20 15:13,过温保护,降低功率运行,6.2
ST0077-P15,ST0077,2026-06-13 01:00,2026-06-13 03:33,功率异常,更换传感器,2.6
ST0077-P16,ST0077,2025-08-12 19:00,2025-08-13 13:03,功率异常,固件升级,18.1
ST0077-P16,ST0077,2025-11-21 07:00,2025-11-21 09:29,过温保护,检查风扇,2.5
ST0077-P16,ST0077,2025-12-04 01:00,2025-12-04 02:15,线缆问题,更换充电线缆,1.3
ST0077-P16,ST0077,2026-04-03 08:00,2026-04-03 18:15,线缆问题,修补线缆外皮,10.3
ST0077-P16,ST0077,2026-04-21 08:00,2026-04-21 12:26,硬件损坏,返厂维修,4.4
ST0077-P17,ST0077,2025-09-17 21:00,2025-09-18 02:45,硬件损坏,返厂维修,5.8
ST0077-P17,ST0077,2026-03-17 02:00,2026-03-17 02:30,接触不良,更换充电枪头,0.5
ST0077-P17,ST0077,2026-04-25 02:00,2026-04-25 03:42,接触不良,清洁接头,1.7
ST0077-P18,ST0077,2025-11-05 20:00,2025-11-05 22:34,过温保护,检查风扇,2.6
ST0077-P18,ST0077,2025-12-01 08:00,2025-12-01 08:30,通讯故障,更换4G/5G模块,0.5
ST0077-P18,ST0077,2026-01-06 04:00,2026-01-06 04:46,过温保护,清理散热片,0.8
ST0077-P18,ST0077,2026-02-02 06:00,2026-02-02 06:30,过温保护,检查风扇,0.5
ST0077-P18,ST0077,2026-07-07 00:00,2026-07-07 04:10,接触不良,更换充电枪头,4.2
ST0077-P19,ST0077,2026-02-09 18:00,2026-02-09 20:40,过温保护,降低功率运行,2.7
ST0077-P19,ST0077,2026-06-02 08:00,2026-06-02 08:35,过温保护,检查风扇,0.6
ST0077-P20,ST0077,2025-08-28 03:00,2025-08-28 04:59,通讯故障,重启通讯模块,2.0
ST0077-P20,ST0077,2026-03-10 14:00,2026-03-10 14:30,过温保护,清理散热片,0.5
ST0077-P20,ST0077,2026-05-09 04:00,2026-05-09 04:40,硬件损坏,更换控制板,0.7
ST0078-P01,ST0078,2025-10-10 20:00,2025-10-11 03:53,硬件损坏,更换功率模块,7.9
ST0078-P01,ST0078,2026-07-19 16:00,2026-07-19 19:48,通讯故障,重启通讯模块,3.8
ST0078-P01,ST0078,2026-07-28 17:00,2026-07-28 18:41,硬件损坏,更换功率模块,1.7
ST0078-P02,ST0078,2025-09-05 15:00,2025-09-05 19:34,通讯故障,更换4G/5G模块,4.6
ST0078-P02,ST0078,2026-02-17 04:00,2026-02-17 21:41,过温保护,清理散热片,17.7
ST0078-P02,ST0078,2026-03-28 07:00,2026-03-28 10:43,接触不良,清洁接头,3.7
ST0078-P02,ST0078,2026-04-29 11:00,2026-04-29 15:22,过温保护,降低功率运行,4.4
ST0078-P02,ST0078,2026-07-19 10:00,2026-07-19 10:30,线缆问题,更换充电线缆,0.5
ST0078-P03,ST0078,2026-01-07 05:00,2026-01-07 13:50,通讯故障,重启通讯模块,8.8
ST0078-P03,ST0078,2026-01-24 14:00,2026-01-24 17:11,接触不良,更换充电枪头,3.2
ST0078-P04,ST0078,2025-09-14 05:00,2025-09-14 10:00,接触不良,紧固接线端子,5.0
ST0078-P05,ST0078,2025-10-30 20:00,2025-10-30 21:29,线缆问题,修补线缆外皮,1.5
ST0078-P05,ST0078,2025-12-25 21:00,2025-12-26 03:33,接触不良,清洁接头,6.6
ST0078-P05,ST0078,2026-01-25 18:00,2026-01-25 20:23,过温保护,清理散热片,2.4
ST0078-P05,ST0078,2026-03-03 02:00,2026-03-03 05:33,通讯故障,检查天线连接,3.6
ST0078-P05,ST0078,2026-05-09 03:00,2026-05-09 14:20,接触不良,紧固接线端子,11.3
ST0078-P06,ST0078,2025-08-13 01:00,2025-08-13 06:45,过温保护,清理散热片,5.8
ST0078-P06,ST0078,2025-10-28 07:00,2025-10-28 13:17,接触不良,更换充电枪头,6.3
ST0078-P06,ST0078,2025-12-14 13:00,2025-12-14 13:33,接触不良,清洁接头,0.6
ST0078-P07,ST0078,2025-12-03 16:00,2025-12-04 01:08,接触不良,更换充电枪头,9.1
ST0078-P08,ST0078,2025-10-29 06:00,2025-10-29 08:50,过温保护,清理散热片,2.8
ST0078-P08,ST0078,2026-03-07 02:00,2026-03-07 18:20,通讯故障,更换4G/5G模块,16.3
ST0078-P08,ST0078,2026-05-18 23:00,2026-05-19 18:07,接触不良,紧固接线端子,19.1
ST0078-P09,ST0078,2025-11-23 23:00,2025-11-23 23:30,功率异常,更换传感器,0.5
ST0078-P09,ST0078,2026-01-07 12:00,2026-01-07 12:52,功率异常,固件升级,0.9
ST0078-P09,ST0078,2026-02-08 00:00,2026-02-08 01:35,接触不良,清洁接头,1.6
ST0078-P09,ST0078,2026-03-08 13:00,2026-03-08 13:30,接触不良,清洁接头,0.5
ST0078-P10,ST0078,2025-08-13 03:00,2025-08-13 06:49,通讯故障,检查天线连接,3.8
ST0078-P10,ST0078,2025-09-15 10:00,2025-09-16 01:07,硬件损坏,更换功率模块,15.1
ST0078-P10,ST0078,2026-03-14 13:00,2026-03-14 16:11,接触不良,更换充电枪头,3.2
ST0078-P10,ST0078,2026-06-21 09:00,2026-06-21 10:15,硬件损坏,更换控制板,1.3
ST0078-P11,ST0078,2026-04-13 23:00,2026-04-14 01:33,接触不良,紧固接线端子,2.6
ST0078-P12,ST0078,2025-09-21 23:00,2025-09-21 23:30,硬件损坏,返厂维修,0.5
ST0078-P12,ST0078,2025-10-26 05:00,2025-10-26 05:30,接触不良,清洁接头,0.5
ST0078-P12,ST0078,2025-12-11 07:00,2025-12-11 07:30,通讯故障,更换4G/5G模块,0.5
ST0078-P12,ST0078,2026-04-09 13:00,2026-04-09 23:29,线缆问题,更换连接器,10.5
ST0078-P12,ST0078,2026-05-13 13:00,2026-05-13 20:44,线缆问题,更换充电线缆,7.7
ST0078-P13,ST0078,2026-03-23 21:00,2026-03-23 21:56,接触不良,更换充电枪头,0.9
ST0078-P14,ST0078,2025-10-21 18:00,2025-10-21 23:59,过温保护,清理散热片,6.0
ST0078-P14,ST0078,2025-12-20 02:00,2025-12-20 08:56,线缆问题,更换连接器,6.9
ST0078-P14,ST0078,2026-02-21 04:00,2026-02-21 07:03,过温保护,清理散热片,3.1
ST0078-P14,ST0078,2026-03-15 13:00,2026-03-16 05:00,过温保护,降低功率运行,16.0
ST0078-P14,ST0078,2026-03-15 16:00,2026-03-15 18:07,硬件损坏,更换控制板,2.1
ST0078-P14,ST0078,2026-03-28 02:00,2026-03-28 02:30,过温保护,降低功率运行,0.5
ST0078-P14,ST0078,2026-06-16 09:00,2026-06-16 14:45,通讯故障,更换4G/5G模块,5.8
ST0078-P14,ST0078,2026-06-24 06:00,2026-06-24 07:51,通讯故障,更换4G/5G模块,1.9
ST0078-P15,ST0078,2026-02-28 03:00,2026-02-28 06:46,接触不良,紧固接线端子,3.8
ST0078-P16,ST0078,2025-11-29 10:00,2025-11-29 14:54,过温保护,检查风扇,4.9
ST0078-P16,ST0078,2026-01-02 04:00,2026-01-02 14:38,接触不良,更换充电枪头,10.6
ST0078-P17,ST0078,2025-09-26 04:00,2025-09-26 22:22,接触不良,更换充电枪头,18.4
ST0078-P17,ST0078,2025-12-08 19:00,2025-12-08 21:09,过温保护,降低功率运行,2.2
ST0078-P17,ST0078,2026-01-20 20:00,2026-01-20 20:57,接触不良,清洁接头,1.0
ST0078-P17,ST0078,2026-01-30 05:00,2026-01-30 06:22,通讯故障,更换4G/5G模块,1.4
ST0078-P17,ST0078,2026-02-10 17:00,2026-02-10 19:40,硬件损坏,更换功率模块,2.7
ST0078-P18,ST0078,2025-09-15 03:00,2025-09-15 05:06,接触不良,更换充电枪头,2.1
ST0078-P18,ST0078,2025-12-20 09:00,2025-12-20 11:13,通讯故障,检查天线连接,2.2
ST0078-P18,ST0078,2026-02-21 21:00,2026-02-21 21:30,接触不良,紧固接线端子,0.5
ST0078-P19,ST0078,2025-09-03 16:00,2025-09-04 01:39,接触不良,紧固接线端子,9.7
ST0078-P19,ST0078,2025-11-24 10:00,2025-11-24 13:33,通讯故障,检查天线连接,3.6
ST0078-P19,ST0078,2025-12-06 00:00,2025-12-06 01:55,通讯故障,检查天线连接,1.9
ST0078-P19,ST0078,2026-03-08 07:00,2026-03-08 18:32,通讯故障,更换4G/5G模块,11.5
ST0078-P19,ST0078,2026-04-15 05:00,2026-04-15 08:55,接触不良,紧固接线端子,3.9
ST0078-P19,ST0078,2026-05-28 09:00,2026-05-28 10:41,过温保护,降低功率运行,1.7
ST0078-P20,ST0078,2025-08-10 11:00,2025-08-10 14:48,硬件损坏,更换功率模块,3.8
ST0078-P20,ST0078,2025-09-21 01:00,2025-09-21 05:33,过温保护,清理散热片,4.6
ST0078-P20,ST0078,2026-02-24 12:00,2026-02-24 17:05,接触不良,清洁接头,5.1
ST0079-P01,ST0079,2025-11-04 07:00,2025-11-04 07:30,过温保护,清理散热片,0.5
ST0079-P01,ST0079,2025-11-09 21:00,2025-11-09 23:10,接触不良,紧固接线端子,2.2
ST0079-P01,ST0079,2025-12-21 02:00,2025-12-21 02:50,硬件损坏,返厂维修,0.8
ST0079-P02,ST0079,2025-08-03 07:00,2025-08-03 13:14,接触不良,清洁接头,6.2
ST0079-P02,ST0079,2025-08-28 01:00,2025-08-28 10:43,通讯故障,重启通讯模块,9.7
ST0079-P02,ST0079,2025-10-12 03:00,2025-10-12 09:07,过温保护,降低功率运行,6.1
ST0079-P02,ST0079,2025-10-23 01:00,2025-10-23 01:51,过温保护,降低功率运行,0.9
ST0079-P02,ST0079,2026-06-25 16:00,2026-06-25 16:30,接触不良,清洁接头,0.5
ST0079-P03,ST0079,2025-08-26 02:00,2025-08-26 02:50,接触不良,更换充电枪头,0.8
ST0079-P03,ST0079,2025-09-29 07:00,2025-09-29 07:39,过温保护,清理散热片,0.7
ST0079-P03,ST0079,2025-11-16 09:00,2025-11-16 15:18,过温保护,检查风扇,6.3
ST0079-P03,ST0079,2025-12-20 01:00,2025-12-20 03:46,过温保护,清理散热片,2.8
ST0079-P03,ST0079,2026-07-20 15:00,2026-07-20 19:18,通讯故障,检查天线连接,4.3
ST0079-P04,ST0079,2025-08-24 23:00,2025-08-24 23:40,接触不良,更换充电枪头,0.7
ST0079-P04,ST0079,2026-01-29 21:00,2026-01-29 21:30,通讯故障,检查天线连接,0.5
ST0079-P04,ST0079,2026-06-12 01:00,2026-06-12 01:51,过温保护,降低功率运行,0.9
ST0079-P04,ST0079,2026-06-19 12:00,2026-06-19 18:14,硬件损坏,更换功率模块,6.2
ST0079-P05,ST0079,2025-11-14 14:00,2025-11-14 14:37,硬件损坏,更换控制板,0.6
ST0079-P05,ST0079,2026-01-16 11:00,2026-01-16 17:40,接触不良,更换充电枪头,6.7
ST0079-P05,ST0079,2026-06-18 03:00,2026-06-18 08:56,通讯故障,重启通讯模块,5.9
ST0079-P05,ST0079,2026-06-22 14:00,2026-06-22 14:57,过温保护,降低功率运行,1.0
ST0079-P06,ST0079,2025-08-02 15:00,2025-08-02 22:06,通讯故障,重启通讯模块,7.1
ST0079-P06,ST0079,2025-10-25 17:00,2025-10-25 20:45,接触不良,紧固接线端子,3.8
ST0079-P06,ST0079,2026-03-28 19:00,2026-03-28 20:45,接触不良,更换充电枪头,1.8
ST0079-P06,ST0079,2026-07-13 14:00,2026-07-13 14:39,过温保护,降低功率运行,0.7
ST0079-P07,ST0079,2025-08-15 17:00,2025-08-15 18:50,过温保护,降低功率运行,1.8
ST0079-P07,ST0079,2026-03-01 03:00,2026-03-01 05:01,通讯故障,更换4G/5G模块,2.0
ST0079-P08,ST0079,2025-10-19 04:00,2025-10-19 09:01,过温保护,清理散热片,5.0
ST0079-P08,ST0079,2026-06-21 12:00,2026-06-21 21:14,过温保护,检查风扇,9.2
ST0079-P08,ST0079,2026-07-13 19:00,2026-07-13 21:59,通讯故障,检查天线连接,3.0
ST0079-P09,ST0079,2025-08-04 05:00,2025-08-04 07:24,过温保护,检查风扇,2.4
ST0079-P09,ST0079,2025-11-25 01:00,2025-11-25 01:55,过温保护,检查风扇,0.9
ST0079-P09,ST0079,2026-03-03 17:00,2026-03-03 22:38,通讯故障,重启通讯模块,5.6
ST0079-P09,ST0079,2026-05-08 00:00,2026-05-08 12:43,过温保护,降低功率运行,12.7
ST0079-P10,ST0079,2025-10-09 06:00,2025-10-09 09:04,通讯故障,更换4G/5G模块,3.1
ST0079-P10,ST0079,2025-10-26 20:00,2025-10-26 23:39,通讯故障,更换4G/5G模块,3.7
ST0079-P10,ST0079,2025-11-04 05:00,2025-11-04 06:02,过温保护,清理散热片,1.0
ST0079-P10,ST0079,2026-02-13 19:00,2026-02-13 22:00,接触不良,紧固接线端子,3.0
ST0079-P10,ST0079,2026-02-17 18:00,2026-02-17 23:26,线缆问题,更换充电线缆,5.4
ST0079-P10,ST0079,2026-07-09 09:00,2026-07-09 09:40,过温保护,清理散热片,0.7
ST0079-P11,ST0079,2025-12-11 12:00,2025-12-11 12:30,通讯故障,检查天线连接,0.5
ST0079-P11,ST0079,2026-03-15 21:00,2026-03-16 11:10,硬件损坏,返厂维修,14.2
ST0079-P11,ST0079,2026-03-30 00:00,2026-03-30 00:58,过温保护,检查风扇,1.0
ST0079-P12,ST0079,2025-08-29 23:00,2025-08-30 02:24,通讯故障,重启通讯模块,3.4
ST0079-P12,ST0079,2025-10-12 02:00,2025-10-12 02:30,过温保护,检查风扇,0.5
ST0079-P12,ST0079,2026-02-03 22:00,2026-02-03 22:30,过温保护,降低功率运行,0.5
ST0079-P12,ST0079,2026-02-15 02:00,2026-02-15 03:49,硬件损坏,更换功率模块,1.8
ST0079-P12,ST0079,2026-02-25 09:00,2026-02-25 15:04,接触不良,更换充电枪头,6.1
ST0079-P13,ST0079,2025-08-24 20:00,2025-08-25 00:32,过温保护,降低功率运行,4.5
ST0079-P13,ST0079,2025-11-17 22:00,2025-11-18 00:27,接触不良,紧固接线端子,2.5
ST0079-P13,ST0079,2025-12-11 05:00,2025-12-11 12:08,接触不良,清洁接头,7.1
ST0079-P14,ST0079,2025-08-13 00:00,2025-08-13 01:09,硬件损坏,更换控制板,1.2
ST0079-P14,ST0079,2025-09-24 23:00,2025-09-25 11:23,过温保护,检查风扇,12.4
ST0079-P14,ST0079,2025-12-26 17:00,2025-12-27 01:42,通讯故障,更换4G/5G模块,8.7
ST0079-P14,ST0079,2026-04-15 02:00,2026-04-15 05:18,通讯故障,重启通讯模块,3.3
ST0079-P15,ST0079,2025-08-08 10:00,2025-08-08 11:07,通讯故障,重启通讯模块,1.1
ST0079-P15,ST0079,2025-08-24 04:00,2025-08-24 11:09,硬件损坏,更换功率模块,7.2
ST0079-P16,ST0079,2026-02-03 22:00,2026-02-03 22:30,过温保护,降低功率运行,0.5
ST0079-P16,ST0079,2026-02-15 22:00,2026-02-16 00:50,接触不良,清洁接头,2.8
ST0079-P16,ST0079,2026-02-23 22:00,2026-02-24 23:31,过温保护,清理散热片,25.5
ST0079-P17,ST0079,2025-08-09 03:00,2025-08-09 03:38,通讯故障,更换4G/5G模块,0.6
ST0079-P17,ST0079,2025-09-17 00:00,2025-09-17 01:25,硬件损坏,更换控制板,1.4
ST0079-P17,ST0079,2026-01-06 17:00,2026-01-06 23:47,接触不良,更换充电枪头,6.8
ST0079-P17,ST0079,2026-04-13 13:00,2026-04-13 14:01,接触不良,清洁接头,1.0
ST0079-P18,ST0079,2026-01-11 15:00,2026-01-12 09:27,接触不良,更换充电枪头,18.5
ST0079-P18,ST0079,2026-05-10 10:00,2026-05-10 16:00,过温保护,检查风扇,6.0
ST0079-P18,ST0079,2026-05-27 13:00,2026-05-27 18:44,通讯故障,重启通讯模块,5.7
ST0079-P19,ST0079,2025-09-09 14:00,2025-09-09 17:12,功率异常,更换传感器,3.2
ST0079-P19,ST0079,2025-09-26 04:00,2025-09-26 04:35,通讯故障,检查天线连接,0.6
ST0079-P20,ST0079,2025-09-20 10:00,2025-09-20 11:43,接触不良,清洁接头,1.7
ST0079-P20,ST0079,2025-12-11 04:00,2025-12-11 04:57,接触不良,清洁接头,1.0
ST0079-P20,ST0079,2026-05-16 15:00,2026-05-16 19:34,接触不良,紧固接线端子,4.6
ST0079-P20,ST0079,2026-06-24 01:00,2026-06-24 02:52,过温保护,降低功率运行,1.9
ST0080-P01,ST0080,2026-03-25 05:00,2026-03-25 12:05,硬件损坏,更换功率模块,7.1
ST0080-P02,ST0080,2025-12-30 09:00,2025-12-30 14:22,通讯故障,更换4G/5G模块,5.4
ST0080-P02,ST0080,2026-02-06 08:00,2026-02-06 08:57,接触不良,清洁接头,1.0
ST0080-P03,ST0080,2026-03-28 04:00,2026-03-28 05:01,通讯故障,重启通讯模块,1.0
ST0080-P04,ST0080,2026-02-02 12:00,2026-02-03 07:24,过温保护,检查风扇,19.4
ST0080-P04,ST0080,2026-04-14 14:00,2026-04-14 14:30,过温保护,清理散热片,0.5
ST0080-P04,ST0080,2026-06-25 07:00,2026-06-25 10:07,接触不良,清洁接头,3.1
ST0080-P04,ST0080,2026-06-30 15:00,2026-06-30 19:15,接触不良,紧固接线端子,4.3
ST0080-P05,ST0080,2026-01-10 09:00,2026-01-10 09:49,通讯故障,重启通讯模块,0.8
ST0080-P05,ST0080,2026-03-15 09:00,2026-03-15 10:53,接触不良,更换充电枪头,1.9
ST0080-P05,ST0080,2026-04-29 00:00,2026-04-29 04:15,接触不良,更换充电枪头,4.3
ST0080-P06,ST0080,2025-08-06 14:00,2025-08-06 17:42,过温保护,降低功率运行,3.7
ST0080-P06,ST0080,2025-08-24 14:00,2025-08-25 07:10,接触不良,清洁接头,17.2
ST0080-P06,ST0080,2025-10-15 14:00,2025-10-15 16:16,接触不良,更换充电枪头,2.3
ST0080-P06,ST0080,2026-01-18 08:00,2026-01-18 10:54,硬件损坏,更换控制板,2.9
ST0080-P06,ST0080,2026-03-08 08:00,2026-03-08 10:12,接触不良,更换充电枪头,2.2
ST0080-P06,ST0080,2026-05-12 16:00,2026-05-12 18:31,过温保护,检查风扇,2.5
ST0080-P06,ST0080,2026-07-17 16:00,2026-07-17 22:17,过温保护,检查风扇,6.3
ST0080-P07,ST0080,2025-10-13 15:00,2025-10-13 17:04,硬件损坏,更换功率模块,2.1
ST0080-P07,ST0080,2026-07-28 06:00,2026-07-28 06:30,通讯故障,更换4G/5G模块,0.5
ST0080-P08,ST0080,2026-05-08 12:00,2026-05-08 12:30,接触不良,清洁接头,0.5
ST0080-P09,ST0080,2026-04-28 13:00,2026-04-28 13:30,接触不良,紧固接线端子,0.5
ST0080-P09,ST0080,2026-06-06 04:00,2026-06-06 08:14,过温保护,清理散热片,4.2
ST0080-P10,ST0080,2025-08-27 13:00,2025-08-27 17:20,过温保护,降低功率运行,4.3
ST0080-P10,ST0080,2026-07-22 00:00,2026-07-22 05:06,过温保护,检查风扇,5.1
ST0080-P11,ST0080,2026-04-25 12:00,2026-04-25 12:30,过温保护,降低功率运行,0.5
ST0080-P12,ST0080,2025-08-04 11:00,2025-08-04 14:43,接触不良,更换充电枪头,3.7
ST0080-P12,ST0080,2026-02-06 07:00,2026-02-06 07:30,通讯故障,更换4G/5G模块,0.5
ST0080-P12,ST0080,2026-07-18 16:00,2026-07-18 20:33,通讯故障,检查天线连接,4.6
ST0080-P13,ST0080,2026-01-08 06:00,2026-01-08 09:01,过温保护,降低功率运行,3.0
ST0080-P13,ST0080,2026-01-15 19:00,2026-01-15 23:20,通讯故障,更换4G/5G模块,4.3
ST0080-P13,ST0080,2026-03-08 08:00,2026-03-08 11:47,过温保护,清理散热片,3.8
ST0080-P13,ST0080,2026-07-02 23:00,2026-07-03 03:35,通讯故障,更换4G/5G模块,4.6
ST0080-P14,ST0080,2025-10-06 14:00,2025-10-07 03:41,通讯故障,检查天线连接,13.7
ST0080-P14,ST0080,2025-10-15 05:00,2025-10-15 08:29,过温保护,检查风扇,3.5
ST0080-P14,ST0080,2025-10-21 13:00,2025-10-21 19:02,过温保护,清理散热片,6.0
ST0080-P14,ST0080,2025-11-14 05:00,2025-11-14 11:40,接触不良,更换充电枪头,6.7
ST0080-P14,ST0080,2025-11-16 12:00,2025-11-16 12:33,过温保护,降低功率运行,0.6
ST0080-P14,ST0080,2025-12-02 16:00,2025-12-02 16:30,过温保护,检查风扇,0.5
ST0080-P14,ST0080,2026-05-28 22:00,2026-05-29 03:09,接触不良,更换充电枪头,5.2
ST0080-P15,ST0080,2025-10-29 20:00,2025-10-29 23:36,通讯故障,重启通讯模块,3.6
ST0080-P16,ST0080,2025-09-24 02:00,2025-09-24 05:07,过温保护,检查风扇,3.1
ST0080-P17,ST0080,2025-08-30 09:00,2025-08-30 09:58,过温保护,清理散热片,1.0
ST0080-P17,ST0080,2025-09-24 13:00,2025-09-24 19:54,通讯故障,重启通讯模块,6.9
ST0080-P17,ST0080,2026-06-07 03:00,2026-06-07 08:39,硬件损坏,更换控制板,5.7
ST0080-P18,ST0080,2026-02-08 05:00,2026-02-08 06:57,接触不良,更换充电枪头,2.0
ST0080-P18,ST0080,2026-03-06 18:00,2026-03-06 20:13,接触不良,更换充电枪头,2.2
ST0080-P18,ST0080,2026-05-10 12:00,2026-05-10 20:31,通讯故障,检查天线连接,8.5
ST0080-P18,ST0080,2026-05-11 07:00,2026-05-11 11:04,过温保护,清理散热片,4.1
ST0080-P19,ST0080,2025-10-31 05:00,2025-10-31 09:45,接触不良,更换充电枪头,4.8
ST0080-P20,ST0080,2025-09-09 01:00,2025-09-09 03:23,线缆问题,修补线缆外皮,2.4
ST0080-P20,ST0080,2025-12-15 05:00,2025-12-15 06:58,通讯故障,检查天线连接,2.0
ST0080-P20,ST0080,2026-02-20 08:00,2026-02-20 14:52,线缆问题,修补线缆外皮,6.9
ST0080-P20,ST0080,2026-05-09 00:00,2026-05-09 02:32,硬件损坏,更换功率模块,2.5
ST0081-P01,ST0081,2025-08-17 09:00,2025-08-17 13:11,硬件损坏,返厂维修,4.2
ST0081-P01,ST0081,2025-11-08 14:00,2025-11-08 15:18,硬件损坏,更换功率模块,1.3
ST0081-P01,ST0081,2025-11-10 06:00,2025-11-10 06:30,通讯故障,重启通讯模块,0.5
ST0081-P01,ST0081,2025-11-19 02:00,2025-11-19 03:12,过温保护,检查风扇,1.2
ST0081-P01,ST0081,2026-01-23 21:00,2026-01-24 06:36,过温保护,清理散热片,9.6
ST0081-P02,ST0081,2026-03-23 05:00,2026-03-23 08:58,过温保护,检查风扇,4.0
ST0081-P03,ST0081,2025-10-21 18:00,2025-10-21 19:46,功率异常,更换传感器,1.8
ST0081-P03,ST0081,2025-11-22 18:00,2025-11-22 23:21,接触不良,更换充电枪头,5.4
ST0081-P03,ST0081,2026-02-20 10:00,2026-02-20 12:41,硬件损坏,更换控制板,2.7
ST0081-P03,ST0081,2026-03-16 13:00,2026-03-16 22:50,过温保护,清理散热片,9.8
ST0081-P03,ST0081,2026-05-12 00:00,2026-05-12 03:25,接触不良,紧固接线端子,3.4
ST0081-P04,ST0081,2026-01-27 19:00,2026-01-27 19:30,接触不良,紧固接线端子,0.5
ST0081-P05,ST0081,2025-09-14 05:00,2025-09-14 10:46,通讯故障,检查天线连接,5.8
ST0081-P05,ST0081,2025-09-30 12:00,2025-10-01 07:16,接触不良,更换充电枪头,19.3
ST0081-P05,ST0081,2026-03-25 22:00,2026-03-26 00:04,线缆问题,更换充电线缆,2.1
ST0081-P05,ST0081,2026-04-10 05:00,2026-04-10 09:32,接触不良,紧固接线端子,4.5
ST0081-P05,ST0081,2026-06-06 07:00,2026-06-06 12:29,通讯故障,重启通讯模块,5.5
ST0081-P06,ST0081,2025-10-04 13:00,2025-10-04 17:43,接触不良,紧固接线端子,4.7
ST0081-P06,ST0081,2026-05-16 13:00,2026-05-16 13:54,接触不良,更换充电枪头,0.9
ST0081-P07,ST0081,2025-10-27 14:00,2025-10-27 16:25,过温保护,清理散热片,2.4
ST0081-P07,ST0081,2026-01-30 06:00,2026-01-30 07:03,接触不良,紧固接线端子,1.1
ST0081-P07,ST0081,2026-05-11 20:00,2026-05-11 21:22,过温保护,检查风扇,1.4
ST0081-P08,ST0081,2026-06-16 23:00,2026-06-17 02:05,过温保护,降低功率运行,3.1
ST0081-P09,ST0081,2025-08-12 05:00,2025-08-12 10:40,通讯故障,重启通讯模块,5.7
ST0081-P09,ST0081,2025-09-22 18:00,2025-09-22 18:30,过温保护,清理散热片,0.5
ST0081-P09,ST0081,2026-01-02 00:00,2026-01-02 01:42,过温保护,检查风扇,1.7
ST0081-P09,ST0081,2026-04-11 11:00,2026-04-11 18:13,接触不良,清洁接头,7.2
ST0081-P09,ST0081,2026-05-07 00:00,2026-05-07 01:33,过温保护,降低功率运行,1.6
ST0081-P10,ST0081,2025-10-24 05:00,2025-10-24 08:29,过温保护,清理散热片,3.5
ST0081-P11,ST0081,2026-01-01 07:00,2026-01-01 12:35,功率异常,固件升级,5.6
ST0081-P12,ST0081,2025-10-25 07:00,2025-10-25 09:56,接触不良,清洁接头,2.9
ST0081-P12,ST0081,2025-11-14 05:00,2025-11-14 05:56,过温保护,清理散热片,0.9
ST0081-P12,ST0081,2025-11-24 05:00,2025-11-24 10:30,接触不良,更换充电枪头,5.5
ST0081-P12,ST0081,2026-01-26 06:00,2026-01-26 08:01,接触不良,更换充电枪头,2.0
ST0081-P13,ST0081,2025-09-28 19:00,2025-09-29 00:17,接触不良,紧固接线端子,5.3
ST0081-P13,ST0081,2025-11-24 10:00,2025-11-24 12:53,过温保护,检查风扇,2.9
ST0081-P13,ST0081,2026-01-16 22:00,2026-01-17 04:43,通讯故障,检查天线连接,6.7
ST0081-P13,ST0081,2026-01-17 11:00,2026-01-17 14:34,接触不良,更换充电枪头,3.6
ST0081-P14,ST0081,2025-10-23 18:00,2025-10-23 18:36,过温保护,检查风扇,0.6
ST0081-P14,ST0081,2025-11-15 19:00,2025-11-15 20:11,接触不良,更换充电枪头,1.2
ST0081-P14,ST0081,2025-12-04 06:00,2025-12-04 11:37,过温保护,清理散热片,5.6
ST0081-P14,ST0081,2025-12-29 07:00,2025-12-29 12:06,过温保护,检查风扇,5.1
ST0081-P14,ST0081,2026-05-14 09:00,2026-05-14 11:40,硬件损坏,返厂维修,2.7
ST0081-P15,ST0081,2025-10-02 04:00,2025-10-02 04:44,硬件损坏,更换控制板,0.7
ST0081-P15,ST0081,2025-12-17 02:00,2025-12-17 06:20,接触不良,更换充电枪头,4.3
ST0081-P15,ST0081,2026-05-03 20:00,2026-05-03 20:41,接触不良,更换充电枪头,0.7
ST0081-P15,ST0081,2026-05-24 01:00,2026-05-24 04:11,过温保护,检查风扇,3.2
ST0081-P16,ST0081,2026-06-03 12:00,2026-06-03 12:30,通讯故障,更换4G/5G模块,0.5
ST0081-P17,ST0081,2025-08-29 03:00,2025-08-29 03:30,功率异常,校准功率表,0.5
ST0081-P17,ST0081,2025-11-10 02:00,2025-11-10 11:30,通讯故障,更换4G/5G模块,9.5
ST0081-P17,ST0081,2025-12-03 15:00,2025-12-04 00:21,通讯故障,更换4G/5G模块,9.4
ST0081-P18,ST0081,2025-12-16 20:00,2025-12-16 21:35,过温保护,清理散热片,1.6
ST0081-P18,ST0081,2026-01-23 19:00,2026-01-23 19:45,接触不良,更换充电枪头,0.8
ST0081-P18,ST0081,2026-02-19 14:00,2026-02-19 16:31,接触不良,更换充电枪头,2.5
ST0081-P18,ST0081,2026-05-17 06:00,2026-05-17 09:57,过温保护,检查风扇,4.0
ST0081-P18,ST0081,2026-05-28 04:00,2026-05-28 05:11,接触不良,更换充电枪头,1.2
ST0081-P18,ST0081,2026-07-26 07:00,2026-07-26 08:03,接触不良,更换充电枪头,1.1
ST0081-P19,ST0081,2025-10-12 22:00,2025-10-13 03:32,功率异常,校准功率表,5.5
ST0081-P19,ST0081,2025-12-07 12:00,2025-12-07 12:30,过温保护,清理散热片,0.5
ST0081-P19,ST0081,2026-01-11 04:00,2026-01-11 13:00,过温保护,降低功率运行,9.0
ST0081-P19,ST0081,2026-03-18 07:00,2026-03-18 08:51,接触不良,更换充电枪头,1.9
ST0081-P19,ST0081,2026-04-18 20:00,2026-04-18 21:08,接触不良,清洁接头,1.1
ST0081-P19,ST0081,2026-06-14 13:00,2026-06-14 13:46,硬件损坏,更换功率模块,0.8
ST0081-P20,ST0081,2026-05-31 05:00,2026-05-31 05:35,接触不良,紧固接线端子,0.6
ST0082-P01,ST0082,2026-04-30 08:00,2026-04-30 12:16,通讯故障,更换4G/5G模块,4.3
ST0082-P02,ST0082,2025-08-06 10:00,2025-08-06 12:10,接触不良,更换充电枪头,2.2
ST0082-P02,ST0082,2025-09-02 11:00,2025-09-02 11:39,硬件损坏,返厂维修,0.7
ST0082-P02,ST0082,2025-11-26 10:00,2025-11-26 13:52,接触不良,清洁接头,3.9
ST0082-P02,ST0082,2025-12-17 06:00,2025-12-17 09:48,通讯故障,检查天线连接,3.8
ST0082-P03,ST0082,2025-08-26 16:00,2025-08-26 21:03,通讯故障,更换4G/5G模块,5.1
ST0082-P03,ST0082,2026-02-08 22:00,2026-02-09 00:31,通讯故障,检查天线连接,2.5
ST0082-P03,ST0082,2026-03-27 19:00,2026-03-27 20:53,接触不良,更换充电枪头,1.9
ST0082-P03,ST0082,2026-04-06 18:00,2026-04-06 21:46,接触不良,清洁接头,3.8
ST0082-P03,ST0082,2026-06-23 04:00,2026-06-23 04:47,通讯故障,更换4G/5G模块,0.8
ST0082-P04,ST0082,2025-11-29 22:00,2025-11-30 02:33,接触不良,清洁接头,4.6
ST0082-P04,ST0082,2026-05-30 05:00,2026-05-30 06:09,过温保护,降低功率运行,1.2
ST0082-P04,ST0082,2026-06-18 21:00,2026-06-19 06:06,接触不良,清洁接头,9.1
ST0082-P04,ST0082,2026-07-25 17:00,2026-07-25 17:35,线缆问题,更换充电线缆,0.6
ST0082-P05,ST0082,2025-08-22 13:00,2025-08-22 15:25,接触不良,清洁接头,2.4
ST0082-P05,ST0082,2026-05-05 15:00,2026-05-06 07:32,功率异常,更换传感器,16.5
ST0082-P06,ST0082,2025-10-27 18:00,2025-10-28 06:26,硬件损坏,返厂维修,12.4
ST0082-P06,ST0082,2025-11-10 06:00,2025-11-10 12:16,通讯故障,重启通讯模块,6.3
ST0082-P07,ST0082,2025-12-19 01:00,2025-12-19 01:30,接触不良,紧固接线端子,0.5
ST0082-P07,ST0082,2026-01-18 20:00,2026-01-19 02:47,硬件损坏,返厂维修,6.8
ST0082-P07,ST0082,2026-01-31 23:00,2026-02-01 05:58,功率异常,固件升级,7.0
ST0082-P07,ST0082,2026-03-28 22:00,2026-03-28 22:30,线缆问题,更换连接器,0.5
ST0082-P07,ST0082,2026-04-29 06:00,2026-04-29 07:04,接触不良,紧固接线端子,1.1
ST0082-P07,ST0082,2026-07-07 09:00,2026-07-07 13:45,过温保护,检查风扇,4.8
ST0082-P08,ST0082,2025-08-10 23:00,2025-08-10 23:30,接触不良,紧固接线端子,0.5
ST0082-P08,ST0082,2025-10-09 12:00,2025-10-09 13:24,线缆问题,更换充电线缆,1.4
ST0082-P08,ST0082,2026-03-12 22:00,2026-03-13 01:35,过温保护,检查风扇,3.6
ST0082-P09,ST0082,2026-04-04 04:00,2026-04-04 04:30,接触不良,紧固接线端子,0.5
ST0082-P10,ST0082,2025-10-21 05:00,2025-10-21 15:49,接触不良,更换充电枪头,10.8
ST0082-P10,ST0082,2026-02-08 02:00,2026-02-08 02:37,接触不良,紧固接线端子,0.6
ST0082-P10,ST0082,2026-02-17 05:00,2026-02-17 08:46,接触不良,紧固接线端子,3.8
ST0082-P10,ST0082,2026-06-23 10:00,2026-06-23 13:12,过温保护,降低功率运行,3.2
ST0082-P11,ST0082,2025-09-24 17:00,2025-09-24 18:52,硬件损坏,更换功率模块,1.9
ST0082-P11,ST0082,2026-01-28 23:00,2026-01-28 23:30,接触不良,紧固接线端子,0.5
ST0082-P12,ST0082,2026-01-01 14:00,2026-01-01 16:09,功率异常,校准功率表,2.2
ST0082-P12,ST0082,2026-05-10 13:00,2026-05-10 14:25,过温保护,清理散热片,1.4
ST0082-P13,ST0082,2025-10-26 05:00,2025-10-26 12:41,过温保护,清理散热片,7.7
ST0082-P13,ST0082,2025-12-19 02:00,2025-12-19 05:23,接触不良,清洁接头,3.4
ST0082-P13,ST0082,2026-05-19 18:00,2026-05-19 20:25,接触不良,更换充电枪头,2.4
ST0082-P13,ST0082,2026-06-01 00:00,2026-06-01 00:38,接触不良,更换充电枪头,0.6
ST0082-P14,ST0082,2025-12-13 10:00,2025-12-13 12:06,过温保护,清理散热片,2.1
ST0082-P14,ST0082,2026-02-26 12:00,2026-02-26 13:01,通讯故障,重启通讯模块,1.0
ST0082-P14,ST0082,2026-03-16 01:00,2026-03-16 03:54,通讯故障,重启通讯模块,2.9
ST0082-P14,ST0082,2026-05-25 11:00,2026-05-25 19:22,硬件损坏,更换控制板,8.4
ST0082-P15,ST0082,2025-08-26 23:00,2025-08-26 23:58,硬件损坏,更换功率模块,1.0
ST0082-P15,ST0082,2025-11-27 19:00,2025-11-27 21:31,接触不良,更换充电枪头,2.5
ST0082-P15,ST0082,2026-06-28 01:00,2026-06-28 04:55,接触不良,更换充电枪头,3.9
ST0082-P16,ST0082,2025-08-11 16:00,2025-08-11 20:59,接触不良,更换充电枪头,5.0
ST0082-P16,ST0082,2025-09-17 02:00,2025-09-17 02:47,接触不良,紧固接线端子,0.8
ST0082-P16,ST0082,2025-10-22 09:00,2025-10-22 10:39,过温保护,检查风扇,1.7
ST0082-P16,ST0082,2025-11-22 12:00,2025-11-22 15:31,通讯故障,重启通讯模块,3.5
ST0082-P16,ST0082,2026-07-22 01:00,2026-07-22 05:22,过温保护,检查风扇,4.4
ST0082-P17,ST0082,2026-01-12 12:00,2026-01-13 00:42,过温保护,检查风扇,12.7
ST0082-P17,ST0082,2026-02-21 03:00,2026-02-21 05:17,通讯故障,检查天线连接,2.3
ST0082-P18,ST0082,2026-01-29 00:00,2026-01-29 00:30,接触不良,更换充电枪头,0.5
ST0082-P18,ST0082,2026-02-17 09:00,2026-02-17 12:13,通讯故障,重启通讯模块,3.2
ST0082-P18,ST0082,2026-03-26 05:00,2026-03-26 06:39,硬件损坏,更换功率模块,1.7
ST0082-P18,ST0082,2026-05-21 10:00,2026-05-21 10:30,线缆问题,更换充电线缆,0.5
ST0082-P18,ST0082,2026-07-29 16:00,2026-07-29 18:40,硬件损坏,返厂维修,2.7
ST0082-P19,ST0082,2025-08-07 20:00,2025-08-07 20:30,硬件损坏,返厂维修,0.5
ST0082-P19,ST0082,2025-09-17 13:00,2025-09-17 21:17,硬件损坏,更换控制板,8.3
ST0082-P19,ST0082,2025-11-10 13:00,2025-11-10 14:52,接触不良,更换充电枪头,1.9
ST0082-P19,ST0082,2025-12-11 09:00,2025-12-11 11:43,通讯故障,检查天线连接,2.7
ST0082-P19,ST0082,2026-07-11 03:00,2026-07-11 18:21,接触不良,更换充电枪头,15.4
ST0082-P20,ST0082,2025-11-11 22:00,2025-11-12 06:41,接触不良,更换充电枪头,8.7
ST0083-P01,ST0083,2025-12-20 09:00,2025-12-20 16:31,过温保护,清理散热片,7.5
ST0083-P02,ST0083,2025-08-17 13:00,2025-08-17 20:34,功率异常,固件升级,7.6
ST0083-P02,ST0083,2025-08-24 08:00,2025-08-24 11:47,过温保护,检查风扇,3.8
ST0083-P02,ST0083,2025-09-05 15:00,2025-09-05 15:30,硬件损坏,更换控制板,0.5
ST0083-P02,ST0083,2025-09-14 15:00,2025-09-14 15:57,过温保护,降低功率运行,1.0
ST0083-P02,ST0083,2025-11-15 08:00,2025-11-15 10:46,接触不良,紧固接线端子,2.8
ST0083-P02,ST0083,2025-12-28 05:00,2025-12-28 06:57,接触不良,紧固接线端子,2.0
ST0083-P02,ST0083,2026-01-22 03:00,2026-01-22 05:49,过温保护,降低功率运行,2.8
ST0083-P02,ST0083,2026-05-09 14:00,2026-05-09 22:11,过温保护,清理散热片,8.2
ST0083-P02,ST0083,2026-06-12 18:00,2026-06-12 20:13,功率异常,校准功率表,2.2
ST0083-P03,ST0083,2025-10-26 07:00,2025-10-26 13:48,接触不良,清洁接头,6.8
ST0083-P03,ST0083,2025-11-09 16:00,2025-11-09 17:39,过温保护,检查风扇,1.7
ST0083-P03,ST0083,2025-12-15 02:00,2025-12-15 04:24,通讯故障,更换4G/5G模块,2.4
ST0083-P03,ST0083,2026-01-24 13:00,2026-01-24 16:03,接触不良,清洁接头,3.1
ST0083-P03,ST0083,2026-03-16 09:00,2026-03-16 15:27,接触不良,清洁接头,6.5
ST0083-P04,ST0083,2025-08-06 05:00,2025-08-06 05:44,过温保护,检查风扇,0.7
ST0083-P04,ST0083,2025-11-24 12:00,2025-11-24 13:19,通讯故障,重启通讯模块,1.3
ST0083-P04,ST0083,2025-12-29 17:00,2025-12-29 18:20,过温保护,检查风扇,1.3
ST0083-P05,ST0083,2026-05-18 01:00,2026-05-18 06:38,过温保护,检查风扇,5.6
ST0083-P06,ST0083,2026-06-01 10:00,2026-06-01 12:21,过温保护,清理散热片,2.4
ST0083-P06,ST0083,2026-07-01 00:00,2026-07-01 00:30,接触不良,更换充电枪头,0.5
ST0083-P06,ST0083,2026-07-28 08:00,2026-07-28 16:37,通讯故障,重启通讯模块,8.6
ST0083-P07,ST0083,2025-08-17 18:00,2025-08-17 18:30,硬件损坏,更换功率模块,0.5
ST0083-P07,ST0083,2025-08-26 09:00,2025-08-26 09:30,接触不良,清洁接头,0.5
ST0083-P07,ST0083,2025-12-13 21:00,2025-12-13 21:53,功率异常,更换传感器,0.9
ST0083-P07,ST0083,2025-12-21 07:00,2025-12-22 08:16,过温保护,检查风扇,25.3
ST0083-P07,ST0083,2026-04-02 17:00,2026-04-02 23:56,过温保护,清理散热片,6.9
ST0083-P07,ST0083,2026-05-30 19:00,2026-05-30 19:30,接触不良,更换充电枪头,0.5
ST0083-P07,ST0083,2026-06-28 20:00,2026-06-28 21:04,过温保护,检查风扇,1.1
ST0083-P08,ST0083,2025-09-12 17:00,2025-09-13 09:07,线缆问题,修补线缆外皮,16.1
ST0083-P08,ST0083,2025-11-17 14:00,2025-11-17 20:44,接触不良,更换充电枪头,6.7
ST0083-P08,ST0083,2026-02-19 23:00,2026-02-20 00:33,过温保护,检查风扇,1.6
ST0083-P08,ST0083,2026-04-25 08:00,2026-04-25 18:25,通讯故障,更换4G/5G模块,10.4
ST0083-P09,ST0083,2026-01-27 13:00,2026-01-27 13:44,硬件损坏,更换控制板,0.7
ST0083-P09,ST0083,2026-03-01 14:00,2026-03-01 19:12,线缆问题,更换充电线缆,5.2
ST0083-P10,ST0083,2025-09-04 11:00,2025-09-04 12:41,过温保护,降低功率运行,1.7
ST0083-P10,ST0083,2025-11-28 12:00,2025-11-28 22:08,通讯故障,检查天线连接,10.1
ST0083-P11,ST0083,2026-04-23 11:00,2026-04-23 13:29,接触不良,紧固接线端子,2.5
ST0083-P11,ST0083,2026-06-08 18:00,2026-06-08 18:30,通讯故障,重启通讯模块,0.5
ST0083-P12,ST0083,2025-09-26 00:00,2025-09-26 11:16,接触不良,紧固接线端子,11.3
ST0083-P12,ST0083,2026-01-05 10:00,2026-01-05 14:43,过温保护,清理散热片,4.7
ST0083-P12,ST0083,2026-07-23 05:00,2026-07-23 06:56,功率异常,固件升级,1.9
ST0083-P13,ST0083,2025-12-27 07:00,2025-12-27 07:30,通讯故障,更换4G/5G模块,0.5
ST0083-P13,ST0083,2026-05-15 12:00,2026-05-16 02:38,通讯故障,重启通讯模块,14.6
ST0083-P14,ST0083,2025-08-18 10:00,2025-08-18 14:40,过温保护,清理散热片,4.7
ST0083-P14,ST0083,2025-11-25 22:00,2025-11-26 13:45,硬件损坏,更换功率模块,15.8
ST0083-P15,ST0083,2025-11-17 00:00,2025-11-17 04:03,功率异常,更换传感器,4.1
ST0083-P15,ST0083,2026-05-31 16:00,2026-05-31 19:20,过温保护,清理散热片,3.3
ST0083-P16,ST0083,2025-09-11 19:00,2025-09-11 23:30,过温保护,清理散热片,4.5
ST0083-P16,ST0083,2025-10-01 17:00,2025-10-02 08:07,过温保护,清理散热片,15.1
ST0083-P16,ST0083,2025-11-02 23:00,2025-11-03 02:29,过温保护,清理散热片,3.5
ST0083-P16,ST0083,2026-03-04 13:00,2026-03-04 21:03,接触不良,清洁接头,8.1
ST0083-P16,ST0083,2026-04-20 14:00,2026-04-20 17:11,通讯故障,检查天线连接,3.2
ST0083-P16,ST0083,2026-05-22 20:00,2026-05-23 08:15,硬件损坏,更换控制板,12.3
ST0083-P17,ST0083,2026-03-09 10:00,2026-03-09 10:30,通讯故障,重启通讯模块,0.5
ST0083-P18,ST0083,2026-03-30 06:00,2026-03-30 07:47,接触不良,紧固接线端子,1.8
ST0083-P18,ST0083,2026-06-03 01:00,2026-06-03 02:27,过温保护,检查风扇,1.5
ST0083-P19,ST0083,2025-10-26 22:00,2025-10-27 02:28,过温保护,降低功率运行,4.5
ST0083-P19,ST0083,2026-07-22 19:00,2026-07-22 22:04,接触不良,紧固接线端子,3.1
ST0083-P20,ST0083,2025-08-31 08:00,2025-08-31 23:55,硬件损坏,返厂维修,15.9
ST0083-P20,ST0083,2025-09-09 17:00,2025-09-10 03:30,通讯故障,更换4G/5G模块,10.5
ST0083-P20,ST0083,2025-09-30 22:00,2025-10-01 01:17,接触不良,清洁接头,3.3
ST0083-P20,ST0083,2026-05-15 13:00,2026-05-15 15:55,通讯故障,检查天线连接,2.9
ST0083-P20,ST0083,2026-05-20 04:00,2026-05-20 04:46,线缆问题,更换充电线缆,0.8
ST0083-P20,ST0083,2026-07-10 20:00,2026-07-11 00:08,通讯故障,更换4G/5G模块,4.1
ST0083-P20,ST0083,2026-07-16 23:00,2026-07-17 01:05,硬件损坏,更换控制板,2.1
ST0084-P01,ST0084,2025-11-04 01:00,2025-11-04 04:32,接触不良,更换充电枪头,3.5
ST0084-P01,ST0084,2026-02-22 05:00,2026-02-22 06:17,过温保护,降低功率运行,1.3
ST0084-P02,ST0084,2026-07-13 00:00,2026-07-13 01:17,功率异常,更换传感器,1.3
ST0084-P03,ST0084,2025-10-21 15:00,2025-10-21 18:17,过温保护,清理散热片,3.3
ST0084-P03,ST0084,2026-04-18 19:00,2026-04-18 22:40,接触不良,更换充电枪头,3.7
ST0084-P03,ST0084,2026-05-15 04:00,2026-05-15 13:50,通讯故障,更换4G/5G模块,9.8
ST0084-P03,ST0084,2026-07-11 18:00,2026-07-11 21:45,硬件损坏,返厂维修,3.8
ST0084-P04,ST0084,2025-11-28 14:00,2025-11-29 02:01,通讯故障,重启通讯模块,12.0
ST0084-P04,ST0084,2026-03-23 23:00,2026-03-24 02:55,线缆问题,更换充电线缆,3.9
ST0084-P04,ST0084,2026-05-01 13:00,2026-05-01 19:47,通讯故障,更换4G/5G模块,6.8
ST0084-P04,ST0084,2026-06-09 08:00,2026-06-09 12:14,通讯故障,重启通讯模块,4.2
ST0084-P05,ST0084,2026-01-02 21:00,2026-01-02 22:40,通讯故障,检查天线连接,1.7
ST0084-P05,ST0084,2026-05-30 17:00,2026-05-30 21:50,过温保护,降低功率运行,4.8
ST0084-P05,ST0084,2026-07-07 07:00,2026-07-07 08:01,接触不良,更换充电枪头,1.0
ST0084-P05,ST0084,2026-07-12 07:00,2026-07-12 07:30,接触不良,清洁接头,0.5
ST0084-P06,ST0084,2025-08-14 12:00,2025-08-14 12:30,接触不良,紧固接线端子,0.5
ST0084-P06,ST0084,2025-10-31 02:00,2025-10-31 11:29,接触不良,紧固接线端子,9.5
ST0084-P06,ST0084,2026-01-22 17:00,2026-01-23 17:12,通讯故障,更换4G/5G模块,24.2
ST0084-P06,ST0084,2026-06-09 13:00,2026-06-09 13:44,通讯故障,更换4G/5G模块,0.7
ST0084-P07,ST0084,2026-02-05 08:00,2026-02-05 09:36,接触不良,紧固接线端子,1.6
ST0084-P08,ST0084,2025-12-18 07:00,2025-12-18 07:53,过温保护,降低功率运行,0.9
ST0084-P08,ST0084,2026-04-20 23:00,2026-04-21 04:57,线缆问题,修补线缆外皮,6.0
ST0084-P09,ST0084,2025-09-27 13:00,2025-09-27 13:30,接触不良,清洁接头,0.5
ST0084-P09,ST0084,2026-03-27 23:00,2026-03-28 01:58,接触不良,紧固接线端子,3.0
ST0084-P09,ST0084,2026-04-15 00:00,2026-04-15 02:17,接触不良,清洁接头,2.3
ST0084-P09,ST0084,2026-06-21 12:00,2026-06-21 15:29,硬件损坏,返厂维修,3.5
ST0084-P09,ST0084,2026-07-14 23:00,2026-07-15 00:00,通讯故障,重启通讯模块,1.0
ST0084-P10,ST0084,2025-09-22 12:00,2025-09-22 12:30,接触不良,紧固接线端子,0.5
ST0084-P10,ST0084,2025-12-08 18:00,2025-12-08 18:30,接触不良,紧固接线端子,0.5
ST0084-P10,ST0084,2026-04-28 18:00,2026-04-28 22:15,接触不良,更换充电枪头,4.3
ST0084-P10,ST0084,2026-07-03 04:00,2026-07-03 07:12,硬件损坏,返厂维修,3.2
ST0084-P11,ST0084,2026-01-16 00:00,2026-01-16 00:45,过温保护,清理散热片,0.8
ST0084-P12,ST0084,2025-08-16 16:00,2025-08-17 13:14,接触不良,紧固接线端子,21.2
ST0084-P12,ST0084,2026-03-17 01:00,2026-03-17 05:14,接触不良,更换充电枪头,4.2
ST0084-P12,ST0084,2026-06-03 04:00,2026-06-03 07:48,功率异常,更换传感器,3.8
ST0084-P12,ST0084,2026-06-19 09:00,2026-06-19 11:07,通讯故障,重启通讯模块,2.1
ST0084-P13,ST0084,2026-04-23 20:00,2026-04-24 04:39,过温保护,清理散热片,8.7
ST0084-P14,ST0084,2026-03-01 17:00,2026-03-01 17:30,过温保护,清理散热片,0.5
ST0084-P14,ST0084,2026-04-28 05:00,2026-04-28 06:55,过温保护,降低功率运行,1.9
ST0084-P15,ST0084,2025-08-16 21:00,2025-08-16 22:13,通讯故障,重启通讯模块,1.2
ST0084-P15,ST0084,2026-01-21 18:00,2026-01-21 19:43,硬件损坏,更换功率模块,1.7
ST0084-P15,ST0084,2026-03-23 04:00,2026-03-23 04:30,通讯故障,检查天线连接,0.5
ST0084-P15,ST0084,2026-04-17 21:00,2026-04-17 21:30,硬件损坏,返厂维修,0.5
ST0084-P15,ST0084,2026-06-25 20:00,2026-06-25 21:06,接触不良,清洁接头,1.1
ST0084-P16,ST0084,2025-09-15 02:00,2025-09-15 02:31,通讯故障,更换4G/5G模块,0.5
ST0084-P17,ST0084,2025-10-27 15:00,2025-10-27 16:32,过温保护,检查风扇,1.5
ST0084-P17,ST0084,2026-02-17 04:00,2026-02-17 04:30,过温保护,清理散热片,0.5
ST0084-P17,ST0084,2026-05-13 01:00,2026-05-13 03:00,接触不良,紧固接线端子,2.0
ST0084-P17,ST0084,2026-06-04 12:00,2026-06-04 12:30,过温保护,清理散热片,0.5
ST0084-P18,ST0084,2025-11-08 21:00,2025-11-09 04:22,接触不良,清洁接头,7.4
ST0084-P18,ST0084,2025-12-22 08:00,2025-12-22 08:59,通讯故障,重启通讯模块,1.0
ST0084-P18,ST0084,2026-01-14 19:00,2026-01-15 00:18,过温保护,检查风扇,5.3
ST0084-P18,ST0084,2026-06-22 05:00,2026-06-22 06:57,接触不良,清洁接头,2.0
ST0084-P19,ST0084,2025-09-11 05:00,2025-09-11 05:30,接触不良,更换充电枪头,0.5
ST0084-P19,ST0084,2025-10-13 09:00,2025-10-13 11:48,线缆问题,更换充电线缆,2.8
ST0084-P19,ST0084,2025-12-30 21:00,2025-12-30 21:49,接触不良,紧固接线端子,0.8
ST0084-P19,ST0084,2026-07-15 15:00,2026-07-15 15:30,通讯故障,重启通讯模块,0.5
ST0084-P20,ST0084,2025-08-05 05:00,2025-08-05 08:16,过温保护,降低功率运行,3.3
ST0084-P20,ST0084,2025-10-07 09:00,2025-10-07 09:49,线缆问题,更换充电线缆,0.8
ST0084-P20,ST0084,2025-12-06 19:00,2025-12-06 21:50,接触不良,清洁接头,2.8
ST0084-P20,ST0084,2025-12-15 18:00,2025-12-16 01:35,过温保护,检查风扇,7.6
ST0084-P20,ST0084,2026-02-24 22:00,2026-02-25 20:04,接触不良,更换充电枪头,22.1
ST0084-P20,ST0084,2026-03-23 11:00,2026-03-23 14:21,通讯故障,重启通讯模块,3.4
ST0084-P20,ST0084,2026-06-29 14:00,2026-06-29 15:41,功率异常,校准功率表,1.7
ST0085-P01,ST0085,2025-10-08 22:00,2025-10-09 00:50,过温保护,检查风扇,2.8
ST0085-P02,ST0085,2025-10-15 03:00,2025-10-15 13:26,过温保护,检查风扇,10.4
ST0085-P02,ST0085,2025-12-03 12:00,2025-12-03 12:44,通讯故障,检查天线连接,0.7
ST0085-P02,ST0085,2025-12-18 16:00,2025-12-18 16:50,过温保护,降低功率运行,0.8
ST0085-P02,ST0085,2025-12-21 21:00,2025-12-22 01:29,过温保护,清理散热片,4.5
ST0085-P02,ST0085,2026-04-30 14:00,2026-04-30 21:44,接触不良,清洁接头,7.7
ST0085-P02,ST0085,2026-05-19 14:00,2026-05-19 14:30,接触不良,清洁接头,0.5
ST0085-P03,ST0085,2025-10-17 06:00,2025-10-17 08:13,接触不良,更换充电枪头,2.2
ST0085-P03,ST0085,2025-11-27 13:00,2025-11-28 05:03,过温保护,清理散热片,16.1
ST0085-P03,ST0085,2026-02-12 12:00,2026-02-12 18:07,功率异常,更换传感器,6.1
ST0085-P03,ST0085,2026-06-06 19:00,2026-06-07 04:06,过温保护,降低功率运行,9.1
ST0085-P04,ST0085,2025-08-26 08:00,2025-08-26 10:15,接触不良,更换充电枪头,2.3
ST0085-P04,ST0085,2025-10-29 04:00,2025-10-29 04:30,过温保护,降低功率运行,0.5
ST0085-P04,ST0085,2026-05-18 15:00,2026-05-18 16:15,过温保护,降低功率运行,1.3
ST0085-P04,ST0085,2026-06-06 16:00,2026-06-06 23:01,过温保护,检查风扇,7.0
ST0085-P05,ST0085,2026-02-27 18:00,2026-02-27 22:29,接触不良,紧固接线端子,4.5
ST0085-P06,ST0085,2025-10-19 18:00,2025-10-19 22:29,线缆问题,更换连接器,4.5
ST0085-P06,ST0085,2025-12-05 06:00,2025-12-05 06:44,过温保护,检查风扇,0.7
ST0085-P06,ST0085,2026-01-24 12:00,2026-01-24 16:50,过温保护,降低功率运行,4.8
ST0085-P06,ST0085,2026-02-25 05:00,2026-02-25 05:38,接触不良,更换充电枪头,0.6
ST0085-P06,ST0085,2026-05-30 19:00,2026-05-31 00:10,过温保护,降低功率运行,5.2
ST0085-P06,ST0085,2026-06-05 23:00,2026-06-06 00:38,功率异常,固件升级,1.6
ST0085-P07,ST0085,2025-10-02 07:00,2025-10-02 08:42,过温保护,检查风扇,1.7
ST0085-P07,ST0085,2026-03-11 00:00,2026-03-11 00:30,硬件损坏,更换控制板,0.5
ST0085-P07,ST0085,2026-04-26 05:00,2026-04-26 05:30,过温保护,清理散热片,0.5
ST0085-P07,ST0085,2026-06-09 05:00,2026-06-09 06:14,通讯故障,更换4G/5G模块,1.2
ST0085-P07,ST0085,2026-07-30 15:00,2026-07-30 15:57,通讯故障,更换4G/5G模块,1.0
ST0085-P08,ST0085,2025-10-19 04:00,2025-10-19 09:22,通讯故障,更换4G/5G模块,5.4
ST0085-P08,ST0085,2025-11-06 19:00,2025-11-06 19:30,接触不良,更换充电枪头,0.5
ST0085-P08,ST0085,2025-11-11 19:00,2025-11-12 07:44,硬件损坏,返厂维修,12.7
ST0085-P08,ST0085,2025-12-05 03:00,2025-12-05 06:28,过温保护,检查风扇,3.5
ST0085-P09,ST0085,2025-09-04 09:00,2025-09-04 12:06,接触不良,紧固接线端子,3.1
ST0085-P09,ST0085,2026-03-27 12:00,2026-03-27 16:58,接触不良,更换充电枪头,5.0
ST0085-P09,ST0085,2026-06-12 23:00,2026-06-13 00:31,接触不良,紧固接线端子,1.5
ST0085-P09,ST0085,2026-07-01 21:00,2026-07-02 00:40,接触不良,紧固接线端子,3.7
ST0085-P10,ST0085,2025-11-13 16:00,2025-11-13 19:15,接触不良,紧固接线端子,3.3
ST0085-P10,ST0085,2026-01-01 03:00,2026-01-01 04:04,接触不良,更换充电枪头,1.1
ST0085-P10,ST0085,2026-04-11 10:00,2026-04-11 22:34,接触不良,更换充电枪头,12.6
ST0085-P10,ST0085,2026-05-16 02:00,2026-05-16 05:52,通讯故障,重启通讯模块,3.9
ST0085-P11,ST0085,2025-08-17 18:00,2025-08-17 21:02,功率异常,固件升级,3.0
ST0085-P11,ST0085,2026-01-15 21:00,2026-01-16 00:11,过温保护,检查风扇,3.2
ST0085-P11,ST0085,2026-05-04 13:00,2026-05-04 13:30,硬件损坏,返厂维修,0.5
ST0085-P12,ST0085,2026-07-08 22:00,2026-07-08 23:33,接触不良,更换充电枪头,1.6
ST0085-P13,ST0085,2025-10-17 01:00,2025-10-17 03:54,接触不良,紧固接线端子,2.9
ST0085-P13,ST0085,2025-11-02 07:00,2025-11-02 07:57,接触不良,清洁接头,1.0
ST0085-P13,ST0085,2025-11-27 00:00,2025-11-27 03:04,通讯故障,检查天线连接,3.1
ST0085-P13,ST0085,2026-04-06 13:00,2026-04-06 20:12,通讯故障,更换4G/5G模块,7.2
ST0085-P14,ST0085,2025-08-02 14:00,2025-08-02 14:52,过温保护,降低功率运行,0.9
ST0085-P14,ST0085,2025-09-13 15:00,2025-09-13 17:46,接触不良,紧固接线端子,2.8
ST0085-P14,ST0085,2026-02-03 07:00,2026-02-03 07:30,功率异常,固件升级,0.5
ST0085-P14,ST0085,2026-05-01 04:00,2026-05-01 08:02,通讯故障,重启通讯模块,4.0
ST0085-P14,ST0085,2026-05-19 17:00,2026-05-19 19:27,通讯故障,重启通讯模块,2.5
ST0085-P14,ST0085,2026-06-29 11:00,2026-06-29 11:49,硬件损坏,更换控制板,0.8
ST0085-P15,ST0085,2025-09-07 21:00,2025-09-08 09:58,接触不良,更换充电枪头,13.0
ST0085-P15,ST0085,2025-10-23 10:00,2025-10-23 11:34,线缆问题,更换充电线缆,1.6
ST0085-P15,ST0085,2025-12-05 09:00,2025-12-05 11:43,过温保护,检查风扇,2.7
ST0085-P15,ST0085,2025-12-10 03:00,2025-12-10 04:24,过温保护,降低功率运行,1.4
ST0085-P15,ST0085,2025-12-27 00:00,2025-12-27 00:30,接触不良,清洁接头,0.5
ST0085-P15,ST0085,2026-06-30 23:00,2026-07-01 03:18,过温保护,降低功率运行,4.3
ST0085-P16,ST0085,2025-08-27 15:00,2025-08-27 17:09,通讯故障,更换4G/5G模块,2.2
ST0085-P16,ST0085,2026-02-24 03:00,2026-02-24 10:57,过温保护,清理散热片,8.0
ST0085-P17,ST0085,2025-10-15 22:00,2025-10-16 02:33,线缆问题,修补线缆外皮,4.6
ST0085-P17,ST0085,2026-01-27 01:00,2026-01-27 08:09,过温保护,清理散热片,7.2
ST0085-P17,ST0085,2026-03-03 02:00,2026-03-03 02:30,通讯故障,检查天线连接,0.5
ST0085-P17,ST0085,2026-07-06 05:00,2026-07-06 06:28,接触不良,更换充电枪头,1.5
ST0085-P18,ST0085,2025-09-06 18:00,2025-09-06 20:15,硬件损坏,更换功率模块,2.3
ST0085-P18,ST0085,2025-11-16 14:00,2025-11-16 23:15,过温保护,清理散热片,9.3
ST0085-P18,ST0085,2026-04-22 15:00,2026-04-22 17:47,通讯故障,重启通讯模块,2.8
ST0085-P19,ST0085,2025-08-01 08:00,2025-08-02 07:46,硬件损坏,更换控制板,23.8
ST0085-P19,ST0085,2025-12-25 17:00,2025-12-25 17:30,通讯故障,检查天线连接,0.5
ST0085-P19,ST0085,2026-01-06 08:00,2026-01-06 13:09,接触不良,清洁接头,5.2
ST0085-P20,ST0085,2026-01-09 02:00,2026-01-09 03:51,过温保护,清理散热片,1.9
ST0085-P20,ST0085,2026-03-01 04:00,2026-03-01 05:45,过温保护,清理散热片,1.8
ST0085-P20,ST0085,2026-07-21 15:00,2026-07-21 16:31,线缆问题,修补线缆外皮,1.5
ST0086-P01,ST0086,2025-09-10 08:00,2025-09-10 11:20,通讯故障,更换4G/5G模块,3.3
ST0086-P01,ST0086,2025-09-15 15:00,2025-09-15 15:30,通讯故障,检查天线连接,0.5
ST0086-P01,ST0086,2025-12-01 21:00,2025-12-02 00:51,通讯故障,重启通讯模块,3.9
ST0086-P01,ST0086,2026-05-03 18:00,2026-05-03 20:26,通讯故障,更换4G/5G模块,2.4
ST0086-P01,ST0086,2026-07-19 17:00,2026-07-19 18:08,接触不良,清洁接头,1.1
ST0086-P02,ST0086,2025-09-10 23:00,2025-09-11 01:21,接触不良,紧固接线端子,2.4
ST0086-P02,ST0086,2025-09-18 10:00,2025-09-18 11:28,硬件损坏,更换控制板,1.5
ST0086-P02,ST0086,2025-12-12 08:00,2025-12-12 11:44,过温保护,降低功率运行,3.7
ST0086-P02,ST0086,2026-01-24 11:00,2026-01-24 13:15,线缆问题,更换连接器,2.3
ST0086-P02,ST0086,2026-01-29 16:00,2026-01-29 21:17,过温保护,清理散热片,5.3
ST0086-P03,ST0086,2026-02-04 07:00,2026-02-04 07:30,硬件损坏,返厂维修,0.5
ST0086-P03,ST0086,2026-07-08 03:00,2026-07-08 04:36,过温保护,检查风扇,1.6
ST0086-P04,ST0086,2025-12-24 00:00,2025-12-24 03:10,过温保护,降低功率运行,3.2
ST0086-P04,ST0086,2026-03-31 00:00,2026-03-31 00:46,接触不良,更换充电枪头,0.8
ST0086-P05,ST0086,2025-08-07 22:00,2025-08-07 22:30,接触不良,清洁接头,0.5
ST0086-P06,ST0086,2025-09-11 17:00,2025-09-12 01:34,过温保护,清理散热片,8.6
ST0086-P06,ST0086,2025-12-06 19:00,2025-12-06 20:41,接触不良,紧固接线端子,1.7
ST0086-P06,ST0086,2026-05-07 04:00,2026-05-07 08:11,接触不良,更换充电枪头,4.2
ST0086-P06,ST0086,2026-07-15 06:00,2026-07-15 06:48,线缆问题,更换连接器,0.8
ST0086-P07,ST0086,2025-08-21 07:00,2025-08-21 07:30,过温保护,降低功率运行,0.5
ST0086-P07,ST0086,2026-02-07 17:00,2026-02-07 17:36,通讯故障,检查天线连接,0.6
ST0086-P08,ST0086,2025-08-11 21:00,2025-08-12 02:37,过温保护,检查风扇,5.6
ST0086-P08,ST0086,2025-10-17 12:00,2025-10-17 12:59,通讯故障,更换4G/5G模块,1.0
ST0086-P08,ST0086,2025-10-20 19:00,2025-10-21 02:14,通讯故障,检查天线连接,7.2
ST0086-P08,ST0086,2026-05-01 17:00,2026-05-02 03:50,功率异常,校准功率表,10.8
ST0086-P09,ST0086,2025-10-07 06:00,2025-10-07 07:22,过温保护,清理散热片,1.4
ST0086-P09,ST0086,2025-11-06 19:00,2025-11-06 21:56,通讯故障,更换4G/5G模块,2.9
ST0086-P09,ST0086,2025-11-13 23:00,2025-11-13 23:30,接触不良,更换充电枪头,0.5
ST0086-P09,ST0086,2026-01-01 08:00,2026-01-01 09:59,通讯故障,重启通讯模块,2.0
ST0086-P09,ST0086,2026-01-23 23:00,2026-01-24 09:56,线缆问题,修补线缆外皮,10.9
ST0086-P09,ST0086,2026-04-15 16:00,2026-04-16 04:52,接触不良,更换充电枪头,12.9
ST0086-P10,ST0086,2025-09-17 17:00,2025-09-17 18:57,线缆问题,更换连接器,2.0
ST0086-P10,ST0086,2026-05-13 15:00,2026-05-14 00:45,通讯故障,重启通讯模块,9.8
ST0086-P10,ST0086,2026-06-02 05:00,2026-06-02 10:37,硬件损坏,更换功率模块,5.6
ST0086-P10,ST0086,2026-06-03 22:00,2026-06-04 06:46,过温保护,降低功率运行,8.8
ST0086-P10,ST0086,2026-07-14 22:00,2026-07-14 23:01,过温保护,清理散热片,1.0
ST0086-P11,ST0086,2025-09-21 03:00,2025-09-21 10:09,通讯故障,更换4G/5G模块,7.2
ST0086-P11,ST0086,2025-10-14 12:00,2025-10-14 14:11,硬件损坏,更换控制板,2.2
ST0086-P11,ST0086,2025-12-02 05:00,2025-12-02 06:18,接触不良,紧固接线端子,1.3
ST0086-P11,ST0086,2026-01-21 17:00,2026-01-21 17:30,硬件损坏,更换功率模块,0.5
ST0086-P11,ST0086,2026-01-23 05:00,2026-01-23 23:39,接触不良,清洁接头,18.7
ST0086-P11,ST0086,2026-05-03 08:00,2026-05-03 08:30,线缆问题,更换连接器,0.5
ST0086-P12,ST0086,2025-10-15 00:00,2025-10-15 07:25,过温保护,检查风扇,7.4
ST0086-P12,ST0086,2025-11-24 19:00,2025-11-24 20:04,过温保护,检查风扇,1.1
ST0086-P12,ST0086,2026-04-02 08:00,2026-04-02 08:40,过温保护,检查风扇,0.7
ST0086-P12,ST0086,2026-07-14 00:00,2026-07-14 02:20,接触不良,清洁接头,2.3
ST0086-P12,ST0086,2026-07-17 21:00,2026-07-18 00:01,接触不良,更换充电枪头,3.0
ST0086-P13,ST0086,2025-08-30 17:00,2025-08-30 17:30,通讯故障,检查天线连接,0.5
ST0086-P13,ST0086,2025-11-09 02:00,2025-11-09 06:37,通讯故障,更换4G/5G模块,4.6
ST0086-P13,ST0086,2026-07-14 04:00,2026-07-14 04:30,接触不良,紧固接线端子,0.5
ST0086-P14,ST0086,2025-12-03 18:00,2025-12-03 18:30,接触不良,清洁接头,0.5
ST0086-P14,ST0086,2026-03-04 15:00,2026-03-04 21:04,通讯故障,更换4G/5G模块,6.1
ST0086-P14,ST0086,2026-06-13 18:00,2026-06-13 21:50,通讯故障,更换4G/5G模块,3.8
ST0086-P15,ST0086,2025-08-02 11:00,2025-08-02 12:14,线缆问题,更换充电线缆,1.2
ST0086-P15,ST0086,2025-08-07 04:00,2025-08-07 06:21,接触不良,紧固接线端子,2.4
ST0086-P15,ST0086,2025-10-06 11:00,2025-10-06 21:30,通讯故障,更换4G/5G模块,10.5
ST0086-P15,ST0086,2026-02-13 02:00,2026-02-13 06:58,过温保护,降低功率运行,5.0
ST0086-P15,ST0086,2026-05-01 09:00,2026-05-01 10:53,接触不良,更换充电枪头,1.9
ST0086-P15,ST0086,2026-05-12 14:00,2026-05-12 14:30,过温保护,清理散热片,0.5
ST0086-P16,ST0086,2025-08-22 12:00,2025-08-22 12:30,过温保护,检查风扇,0.5
ST0086-P16,ST0086,2025-08-27 12:00,2025-08-27 12:30,接触不良,更换充电枪头,0.5
ST0086-P16,ST0086,2025-12-01 13:00,2025-12-01 23:38,过温保护,清理散热片,10.6
ST0086-P16,ST0086,2026-02-06 01:00,2026-02-06 04:12,接触不良,更换充电枪头,3.2
ST0086-P17,ST0086,2025-08-12 19:00,2025-08-12 21:07,接触不良,清洁接头,2.1
ST0086-P17,ST0086,2025-09-30 05:00,2025-09-30 15:30,接触不良,更换充电枪头,10.5
ST0086-P17,ST0086,2025-10-01 00:00,2025-10-01 03:11,通讯故障,重启通讯模块,3.2
ST0086-P17,ST0086,2025-10-13 11:00,2025-10-13 12:15,接触不良,更换充电枪头,1.3
ST0086-P17,ST0086,2025-11-30 20:00,2025-11-30 21:11,通讯故障,重启通讯模块,1.2
ST0086-P17,ST0086,2026-01-21 05:00,2026-01-21 06:06,过温保护,降低功率运行,1.1
ST0086-P17,ST0086,2026-05-28 01:00,2026-05-28 03:31,硬件损坏,返厂维修,2.5
ST0086-P18,ST0086,2026-02-04 07:00,2026-02-04 10:10,接触不良,更换充电枪头,3.2
ST0086-P18,ST0086,2026-02-17 01:00,2026-02-17 10:52,通讯故障,重启通讯模块,9.9
ST0086-P18,ST0086,2026-03-09 01:00,2026-03-09 03:00,通讯故障,重启通讯模块,2.0
ST0086-P18,ST0086,2026-05-22 20:00,2026-05-22 20:30,功率异常,校准功率表,0.5
ST0086-P18,ST0086,2026-06-16 22:00,2026-06-17 00:04,过温保护,降低功率运行,2.1
ST0086-P19,ST0086,2026-01-12 08:00,2026-01-12 15:11,过温保护,检查风扇,7.2
ST0086-P19,ST0086,2026-04-10 09:00,2026-04-10 15:26,硬件损坏,返厂维修,6.4
ST0086-P19,ST0086,2026-06-19 18:00,2026-06-19 19:27,功率异常,校准功率表,1.5
ST0086-P20,ST0086,2026-05-13 19:00,2026-05-14 03:47,接触不良,清洁接头,8.8
ST0086-P20,ST0086,2026-07-22 09:00,2026-07-22 09:59,接触不良,清洁接头,1.0
ST0087-P01,ST0087,2025-10-01 22:00,2025-10-01 23:42,接触不良,紧固接线端子,1.7
ST0087-P01,ST0087,2025-11-17 09:00,2025-11-17 09:58,通讯故障,更换4G/5G模块,1.0
ST0087-P01,ST0087,2026-06-01 12:00,2026-06-01 15:05,接触不良,清洁接头,3.1
ST0087-P01,ST0087,2026-06-19 11:00,2026-06-19 17:40,过温保护,降低功率运行,6.7
ST0087-P02,ST0087,2025-10-16 03:00,2025-10-16 03:30,过温保护,检查风扇,0.5
ST0087-P02,ST0087,2026-01-09 22:00,2026-01-10 01:40,硬件损坏,更换控制板,3.7
ST0087-P02,ST0087,2026-06-02 21:00,2026-06-02 23:53,通讯故障,更换4G/5G模块,2.9
ST0087-P02,ST0087,2026-06-12 15:00,2026-06-12 16:45,过温保护,清理散热片,1.8
ST0087-P03,ST0087,2025-08-16 14:00,2025-08-16 21:36,硬件损坏,更换功率模块,7.6
ST0087-P03,ST0087,2025-09-22 13:00,2025-09-22 15:26,过温保护,清理散热片,2.4
ST0087-P03,ST0087,2026-01-06 17:00,2026-01-07 05:15,接触不良,清洁接头,12.3
ST0087-P04,ST0087,2026-06-24 04:00,2026-06-24 14:50,接触不良,清洁接头,10.8
ST0087-P05,ST0087,2025-08-03 02:00,2025-08-03 02:54,接触不良,清洁接头,0.9
ST0087-P05,ST0087,2025-11-26 21:00,2025-11-27 02:49,过温保护,降低功率运行,5.8
ST0087-P05,ST0087,2026-02-03 00:00,2026-02-03 00:40,功率异常,校准功率表,0.7
ST0087-P05,ST0087,2026-02-08 06:00,2026-02-08 06:34,过温保护,降低功率运行,0.6
ST0087-P05,ST0087,2026-04-12 03:00,2026-04-12 03:30,过温保护,检查风扇,0.5
ST0087-P05,ST0087,2026-06-22 02:00,2026-06-22 03:24,线缆问题,修补线缆外皮,1.4
ST0087-P06,ST0087,2026-02-08 04:00,2026-02-08 05:04,接触不良,更换充电枪头,1.1
ST0087-P06,ST0087,2026-03-14 18:00,2026-03-14 19:04,过温保护,清理散热片,1.1
ST0087-P07,ST0087,2025-10-03 18:00,2025-10-03 20:42,接触不良,紧固接线端子,2.7
ST0087-P07,ST0087,2026-01-11 23:00,2026-01-12 01:33,过温保护,检查风扇,2.6
ST0087-P07,ST0087,2026-02-04 06:00,2026-02-04 17:12,接触不良,更换充电枪头,11.2
ST0087-P07,ST0087,2026-03-28 18:00,2026-03-28 18:53,接触不良,更换充电枪头,0.9
ST0087-P07,ST0087,2026-07-15 10:00,2026-07-15 10:49,接触不良,紧固接线端子,0.8
ST0087-P07,ST0087,2026-07-30 12:00,2026-07-30 12:30,接触不良,清洁接头,0.5
ST0087-P08,ST0087,2026-06-26 16:00,2026-06-26 16:38,接触不良,紧固接线端子,0.6
ST0087-P09,ST0087,2026-01-01 22:00,2026-01-02 01:15,过温保护,检查风扇,3.3
ST0087-P09,ST0087,2026-01-17 12:00,2026-01-17 13:34,线缆问题,更换充电线缆,1.6
ST0087-P09,ST0087,2026-05-25 06:00,2026-05-25 14:46,过温保护,检查风扇,8.8
ST0087-P10,ST0087,2026-03-24 12:00,2026-03-24 12:30,接触不良,紧固接线端子,0.5
ST0087-P10,ST0087,2026-06-07 15:00,2026-06-07 17:12,过温保护,检查风扇,2.2
ST0087-P10,ST0087,2026-06-18 21:00,2026-06-18 21:30,接触不良,紧固接线端子,0.5
ST0087-P11,ST0087,2025-09-15 17:00,2025-09-15 17:30,过温保护,检查风扇,0.5
ST0087-P11,ST0087,2025-09-21 18:00,2025-09-22 19:30,通讯故障,重启通讯模块,25.5
ST0087-P11,ST0087,2025-10-23 00:00,2025-10-23 00:48,线缆问题,更换连接器,0.8
ST0087-P11,ST0087,2025-12-04 00:00,2025-12-04 08:55,过温保护,降低功率运行,8.9
ST0087-P11,ST0087,2026-07-22 15:00,2026-07-22 17:45,线缆问题,修补线缆外皮,2.8
ST0087-P12,ST0087,2026-04-08 07:00,2026-04-08 11:19,过温保护,清理散热片,4.3
ST0087-P13,ST0087,2025-12-01 05:00,2025-12-01 08:47,通讯故障,更换4G/5G模块,3.8
ST0087-P13,ST0087,2025-12-11 01:00,2025-12-11 04:15,硬件损坏,更换功率模块,3.3
ST0087-P13,ST0087,2025-12-11 05:00,2025-12-11 07:56,接触不良,清洁接头,2.9
ST0087-P13,ST0087,2026-03-24 12:00,2026-03-24 17:04,过温保护,降低功率运行,5.1
ST0087-P13,ST0087,2026-05-15 04:00,2026-05-15 08:07,通讯故障,更换4G/5G模块,4.1
ST0087-P13,ST0087,2026-05-17 12:00,2026-05-17 16:08,接触不良,清洁接头,4.1
ST0087-P13,ST0087,2026-05-31 20:00,2026-06-01 00:07,通讯故障,重启通讯模块,4.1
ST0087-P14,ST0087,2025-10-12 01:00,2025-10-12 15:18,功率异常,校准功率表,14.3
ST0087-P14,ST0087,2025-10-21 07:00,2025-10-21 10:17,过温保护,降低功率运行,3.3
ST0087-P14,ST0087,2026-05-01 10:00,2026-05-01 13:34,接触不良,紧固接线端子,3.6
ST0087-P15,ST0087,2026-05-22 03:00,2026-05-22 03:30,接触不良,清洁接头,0.5
ST0087-P15,ST0087,2026-07-19 00:00,2026-07-19 05:55,接触不良,更换充电枪头,5.9
ST0087-P16,ST0087,2025-10-10 06:00,2025-10-10 07:20,过温保护,检查风扇,1.3
ST0087-P16,ST0087,2025-10-16 19:00,2025-10-16 19:43,接触不良,更换充电枪头,0.7
ST0087-P16,ST0087,2026-04-11 21:00,2026-04-12 06:03,接触不良,更换充电枪头,9.1
ST0087-P16,ST0087,2026-06-06 18:00,2026-06-07 01:54,通讯故障,检查天线连接,7.9
ST0087-P16,ST0087,2026-07-11 15:00,2026-07-11 15:30,接触不良,清洁接头,0.5
ST0087-P17,ST0087,2025-09-13 10:00,2025-09-14 00:20,硬件损坏,更换控制板,14.3
ST0087-P18,ST0087,2026-03-15 10:00,2026-03-15 21:20,通讯故障,更换4G/5G模块,11.3
ST0087-P18,ST0087,2026-05-10 07:00,2026-05-10 09:52,功率异常,校准功率表,2.9
ST0087-P18,ST0087,2026-05-19 22:00,2026-05-20 05:34,接触不良,紧固接线端子,7.6
ST0087-P18,ST0087,2026-06-15 02:00,2026-06-15 09:25,过温保护,清理散热片,7.4
ST0087-P19,ST0087,2025-10-05 15:00,2025-10-05 20:45,接触不良,清洁接头,5.8
ST0087-P19,ST0087,2025-10-19 05:00,2025-10-19 07:41,通讯故障,更换4G/5G模块,2.7
ST0087-P19,ST0087,2025-12-04 06:00,2025-12-04 12:19,接触不良,紧固接线端子,6.3
ST0087-P19,ST0087,2026-06-17 23:00,2026-06-17 23:30,过温保护,清理散热片,0.5
ST0087-P20,ST0087,2025-09-08 13:00,2025-09-09 00:44,过温保护,降低功率运行,11.7
ST0087-P20,ST0087,2026-04-17 22:00,2026-04-17 23:22,接触不良,更换充电枪头,1.4
ST0088-P01,ST0088,2026-02-22 09:00,2026-02-22 20:40,线缆问题,更换连接器,11.7
ST0088-P02,ST0088,2026-02-02 01:00,2026-02-02 04:16,过温保护,清理散热片,3.3
ST0088-P02,ST0088,2026-02-10 01:00,2026-02-10 02:08,功率异常,更换传感器,1.1
ST0088-P02,ST0088,2026-06-11 10:00,2026-06-12 01:06,过温保护,清理散热片,15.1
ST0088-P02,ST0088,2026-06-16 16:00,2026-06-16 22:22,接触不良,清洁接头,6.4
ST0088-P03,ST0088,2025-08-20 20:00,2025-08-20 20:50,接触不良,清洁接头,0.8
ST0088-P03,ST0088,2025-08-28 04:00,2025-08-28 07:15,通讯故障,更换4G/5G模块,3.3
ST0088-P03,ST0088,2026-07-29 09:00,2026-07-29 09:57,接触不良,紧固接线端子,1.0
ST0088-P04,ST0088,2026-03-11 15:00,2026-03-11 17:29,接触不良,清洁接头,2.5
ST0088-P04,ST0088,2026-04-17 05:00,2026-04-17 10:30,通讯故障,更换4G/5G模块,5.5
ST0088-P05,ST0088,2025-08-08 01:00,2025-08-08 01:57,过温保护,清理散热片,1.0
ST0088-P05,ST0088,2025-12-23 18:00,2025-12-23 23:08,硬件损坏,更换控制板,5.1
ST0088-P05,ST0088,2026-02-27 23:00,2026-02-28 05:13,功率异常,校准功率表,6.2
ST0088-P05,ST0088,2026-04-18 21:00,2026-04-18 22:31,过温保护,检查风扇,1.5
ST0088-P05,ST0088,2026-06-21 12:00,2026-06-22 00:32,接触不良,清洁接头,12.5
ST0088-P05,ST0088,2026-07-28 12:00,2026-07-28 13:39,接触不良,更换充电枪头,1.7
ST0088-P06,ST0088,2025-11-15 03:00,2025-11-15 11:11,接触不良,紧固接线端子,8.2
ST0088-P06,ST0088,2025-11-20 18:00,2025-11-20 19:16,过温保护,降低功率运行,1.3
ST0088-P06,ST0088,2026-05-20 21:00,2026-05-20 21:30,通讯故障,更换4G/5G模块,0.5
ST0088-P07,ST0088,2026-03-07 01:00,2026-03-07 06:14,通讯故障,检查天线连接,5.2
ST0088-P07,ST0088,2026-06-03 02:00,2026-06-03 21:44,通讯故障,更换4G/5G模块,19.7
ST0088-P07,ST0088,2026-06-03 22:00,2026-06-04 02:32,硬件损坏,返厂维修,4.5
ST0088-P08,ST0088,2026-01-09 10:00,2026-01-09 11:17,通讯故障,重启通讯模块,1.3
ST0088-P09,ST0088,2026-03-02 13:00,2026-03-02 14:35,过温保护,检查风扇,1.6
ST0088-P09,ST0088,2026-07-05 06:00,2026-07-05 09:25,硬件损坏,更换功率模块,3.4
ST0088-P10,ST0088,2025-09-21 04:00,2025-09-21 04:30,接触不良,更换充电枪头,0.5
ST0088-P10,ST0088,2025-10-20 22:00,2025-10-21 13:13,接触不良,紧固接线端子,15.2
ST0088-P10,ST0088,2026-05-30 08:00,2026-05-30 10:37,接触不良,清洁接头,2.6
ST0088-P11,ST0088,2025-09-23 10:00,2025-09-23 10:50,功率异常,固件升级,0.8
ST0088-P11,ST0088,2025-12-26 17:00,2025-12-26 20:21,过温保护,检查风扇,3.4
ST0088-P11,ST0088,2026-06-30 02:00,2026-06-30 07:41,过温保护,降低功率运行,5.7
ST0088-P12,ST0088,2025-10-12 04:00,2025-10-12 08:43,硬件损坏,更换功率模块,4.7
ST0088-P12,ST0088,2025-10-28 20:00,2025-10-28 21:13,通讯故障,重启通讯模块,1.2
ST0088-P12,ST0088,2026-01-03 15:00,2026-01-03 16:19,接触不良,清洁接头,1.3
ST0088-P12,ST0088,2026-01-22 12:00,2026-01-22 13:00,接触不良,紧固接线端子,1.0
ST0088-P12,ST0088,2026-03-19 16:00,2026-03-19 17:09,接触不良,紧固接线端子,1.2
ST0088-P12,ST0088,2026-03-25 23:00,2026-03-26 03:56,过温保护,降低功率运行,4.9
ST0088-P12,ST0088,2026-04-20 16:00,2026-04-20 21:24,线缆问题,更换连接器,5.4
ST0088-P12,ST0088,2026-05-07 20:00,2026-05-07 21:09,接触不良,清洁接头,1.2
ST0088-P12,ST0088,2026-05-30 16:00,2026-05-30 17:45,接触不良,紧固接线端子,1.8
ST0088-P12,ST0088,2026-07-23 15:00,2026-07-23 15:30,通讯故障,重启通讯模块,0.5
ST0088-P13,ST0088,2025-11-07 21:00,2025-11-08 03:33,接触不良,紧固接线端子,6.6
ST0088-P13,ST0088,2025-12-09 18:00,2025-12-10 07:30,接触不良,紧固接线端子,13.5
ST0088-P13,ST0088,2025-12-16 18:00,2025-12-16 18:31,线缆问题,修补线缆外皮,0.5
ST0088-P13,ST0088,2026-01-14 16:00,2026-01-14 17:16,接触不良,清洁接头,1.3
ST0088-P13,ST0088,2026-02-06 12:00,2026-02-06 14:33,通讯故障,更换4G/5G模块,2.6
ST0088-P13,ST0088,2026-02-17 00:00,2026-02-17 02:00,过温保护,降低功率运行,2.0
ST0088-P13,ST0088,2026-03-28 23:00,2026-03-29 05:24,线缆问题,更换连接器,6.4
ST0088-P13,ST0088,2026-06-03 17:00,2026-06-03 17:32,接触不良,清洁接头,0.5
ST0088-P13,ST0088,2026-07-18 14:00,2026-07-18 15:22,通讯故障,检查天线连接,1.4
ST0088-P14,ST0088,2025-08-02 19:00,2025-08-02 20:29,接触不良,清洁接头,1.5
ST0088-P15,ST0088,2025-08-31 18:00,2025-08-31 20:40,过温保护,清理散热片,2.7
ST0088-P15,ST0088,2025-10-01 01:00,2025-10-01 02:11,接触不良,紧固接线端子,1.2
ST0088-P16,ST0088,2025-10-07 00:00,2025-10-07 01:08,过温保护,清理散热片,1.1
ST0088-P16,ST0088,2026-03-03 10:00,2026-03-04 00:33,过温保护,检查风扇,14.6
ST0088-P17,ST0088,2026-02-21 10:00,2026-02-21 12:31,通讯故障,更换4G/5G模块,2.5
ST0088-P17,ST0088,2026-02-25 08:00,2026-02-25 08:30,功率异常,更换传感器,0.5
ST0088-P17,ST0088,2026-04-13 21:00,2026-04-13 21:30,通讯故障,检查天线连接,0.5
ST0088-P18,ST0088,2025-08-04 01:00,2025-08-04 08:07,过温保护,检查风扇,7.1
ST0088-P18,ST0088,2025-10-28 08:00,2025-10-28 11:55,通讯故障,更换4G/5G模块,3.9
ST0088-P18,ST0088,2026-03-09 08:00,2026-03-09 21:11,过温保护,清理散热片,13.2
ST0088-P18,ST0088,2026-04-26 14:00,2026-04-26 16:29,接触不良,清洁接头,2.5
ST0088-P19,ST0088,2025-08-30 11:00,2025-08-30 13:13,硬件损坏,更换功率模块,2.2
ST0088-P19,ST0088,2025-10-07 09:00,2025-10-07 09:42,过温保护,降低功率运行,0.7
ST0088-P19,ST0088,2026-03-01 12:00,2026-03-01 12:33,硬件损坏,更换控制板,0.6
ST0088-P20,ST0088,2025-09-05 16:00,2025-09-05 19:30,接触不良,紧固接线端子,3.5
ST0088-P20,ST0088,2025-12-10 09:00,2025-12-10 09:36,接触不良,清洁接头,0.6
ST0088-P20,ST0088,2026-06-10 15:00,2026-06-11 07:48,接触不良,清洁接头,16.8
ST0089-P01,ST0089,2025-11-12 06:00,2025-11-12 14:08,接触不良,紧固接线端子,8.1
ST0089-P02,ST0089,2025-09-02 14:00,2025-09-02 15:27,过温保护,清理散热片,1.5
ST0089-P02,ST0089,2026-03-29 01:00,2026-03-29 02:24,过温保护,降低功率运行,1.4
ST0089-P02,ST0089,2026-04-20 07:00,2026-04-20 08:28,过温保护,检查风扇,1.5
ST0089-P03,ST0089,2025-08-24 22:00,2025-08-25 02:07,接触不良,清洁接头,4.1
ST0089-P03,ST0089,2025-08-25 17:00,2025-08-26 01:33,通讯故障,检查天线连接,8.6
ST0089-P03,ST0089,2025-11-17 16:00,2025-11-17 22:06,线缆问题,更换连接器,6.1
ST0089-P03,ST0089,2026-02-27 01:00,2026-02-27 02:28,过温保护,清理散热片,1.5
ST0089-P03,ST0089,2026-05-01 07:00,2026-05-01 09:03,硬件损坏,更换功率模块,2.1
ST0089-P03,ST0089,2026-06-08 08:00,2026-06-08 08:30,接触不良,紧固接线端子,0.5
ST0089-P04,ST0089,2025-09-03 19:00,2025-09-03 23:15,接触不良,清洁接头,4.3
ST0089-P04,ST0089,2025-12-16 03:00,2025-12-16 07:26,过温保护,清理散热片,4.4
ST0089-P04,ST0089,2026-01-20 04:00,2026-01-20 14:03,过温保护,降低功率运行,10.1
ST0089-P04,ST0089,2026-04-07 04:00,2026-04-07 05:10,过温保护,检查风扇,1.2
ST0089-P04,ST0089,2026-06-02 15:00,2026-06-02 15:30,接触不良,紧固接线端子,0.5
ST0089-P05,ST0089,2026-06-09 08:00,2026-06-09 08:54,过温保护,降低功率运行,0.9
ST0089-P06,ST0089,2025-08-10 10:00,2025-08-10 16:43,通讯故障,检查天线连接,6.7
ST0089-P06,ST0089,2025-10-11 21:00,2025-10-12 04:17,通讯故障,更换4G/5G模块,7.3
ST0089-P06,ST0089,2026-01-01 16:00,2026-01-01 16:31,接触不良,更换充电枪头,0.5
ST0089-P06,ST0089,2026-05-21 08:00,2026-05-21 09:10,接触不良,紧固接线端子,1.2
ST0089-P06,ST0089,2026-05-21 10:00,2026-05-21 23:11,接触不良,清洁接头,13.2
ST0089-P06,ST0089,2026-06-18 17:00,2026-06-18 20:51,过温保护,清理散热片,3.9
ST0089-P06,ST0089,2026-06-24 20:00,2026-06-24 20:31,接触不良,更换充电枪头,0.5
ST0089-P07,ST0089,2025-10-15 20:00,2025-10-16 03:45,接触不良,更换充电枪头,7.8
ST0089-P07,ST0089,2025-11-28 02:00,2025-11-28 03:02,通讯故障,更换4G/5G模块,1.0
ST0089-P07,ST0089,2026-04-29 19:00,2026-04-30 02:33,接触不良,更换充电枪头,7.6
ST0089-P08,ST0089,2025-08-21 07:00,2025-08-21 12:20,接触不良,更换充电枪头,5.3
ST0089-P08,ST0089,2025-11-06 09:00,2025-11-06 15:31,接触不良,更换充电枪头,6.5
ST0089-P08,ST0089,2026-05-16 23:00,2026-05-17 09:22,硬件损坏,更换控制板,10.4
ST0089-P08,ST0089,2026-07-07 14:00,2026-07-07 16:22,接触不良,清洁接头,2.4
ST0089-P09,ST0089,2026-03-12 14:00,2026-03-12 15:07,接触不良,清洁接头,1.1
ST0089-P10,ST0089,2025-09-04 16:00,2025-09-04 16:30,线缆问题,修补线缆外皮,0.5
ST0089-P10,ST0089,2025-09-28 21:00,2025-09-28 21:30,通讯故障,更换4G/5G模块,0.5
ST0089-P11,ST0089,2025-11-12 00:00,2025-11-12 15:42,通讯故障,检查天线连接,15.7
ST0089-P11,ST0089,2026-04-24 12:00,2026-04-24 16:32,通讯故障,检查天线连接,4.5
ST0089-P11,ST0089,2026-04-25 23:00,2026-04-26 02:49,线缆问题,更换充电线缆,3.8
ST0089-P11,ST0089,2026-06-07 10:00,2026-06-07 10:48,通讯故障,检查天线连接,0.8
ST0089-P12,ST0089,2025-10-26 13:00,2025-10-26 13:56,功率异常,校准功率表,0.9
ST0089-P12,ST0089,2025-12-04 20:00,2025-12-04 20:30,过温保护,清理散热片,0.5
ST0089-P12,ST0089,2026-05-08 12:00,2026-05-08 21:59,过温保护,降低功率运行,10.0
ST0089-P12,ST0089,2026-06-26 11:00,2026-06-26 12:05,接触不良,紧固接线端子,1.1
ST0089-P13,ST0089,2025-12-28 16:00,2025-12-29 16:17,接触不良,更换充电枪头,24.3
ST0089-P13,ST0089,2026-03-24 13:00,2026-03-24 22:09,通讯故障,更换4G/5G模块,9.2
ST0089-P14,ST0089,2025-09-17 16:00,2025-09-17 17:16,接触不良,更换充电枪头,1.3
ST0089-P14,ST0089,2025-10-16 09:00,2025-10-16 19:50,过温保护,清理散热片,10.8
ST0089-P14,ST0089,2025-11-18 21:00,2025-11-19 01:09,接触不良,紧固接线端子,4.2
ST0089-P14,ST0089,2026-02-12 11:00,2026-02-12 11:30,硬件损坏,更换控制板,0.5
ST0089-P14,ST0089,2026-03-28 17:00,2026-03-28 20:26,接触不良,紧固接线端子,3.4
ST0089-P14,ST0089,2026-07-15 02:00,2026-07-15 03:43,线缆问题,修补线缆外皮,1.7
ST0089-P15,ST0089,2025-08-29 01:00,2025-08-29 01:30,接触不良,紧固接线端子,0.5
ST0089-P15,ST0089,2025-09-30 14:00,2025-09-30 20:14,过温保护,降低功率运行,6.2
ST0089-P15,ST0089,2025-10-17 05:00,2025-10-17 08:39,功率异常,校准功率表,3.7
ST0089-P15,ST0089,2025-11-21 20:00,2025-11-22 05:02,过温保护,检查风扇,9.0
ST0089-P15,ST0089,2026-03-24 23:00,2026-03-25 04:47,过温保护,清理散热片,5.8
ST0089-P15,ST0089,2026-03-30 21:00,2026-03-30 22:36,功率异常,固件升级,1.6
ST0089-P15,ST0089,2026-04-15 18:00,2026-04-15 18:52,硬件损坏,更换功率模块,0.9
ST0089-P16,ST0089,2026-03-08 10:00,2026-03-08 17:23,硬件损坏,更换控制板,7.4
ST0089-P17,ST0089,2026-03-17 18:00,2026-03-17 18:30,通讯故障,更换4G/5G模块,0.5
ST0089-P17,ST0089,2026-03-18 01:00,2026-03-18 01:30,硬件损坏,返厂维修,0.5
ST0089-P17,ST0089,2026-05-10 08:00,2026-05-10 09:20,通讯故障,更换4G/5G模块,1.3
ST0089-P18,ST0089,2025-09-06 20:00,2025-09-06 23:35,通讯故障,更换4G/5G模块,3.6
ST0089-P19,ST0089,2025-08-21 14:00,2025-08-21 16:02,接触不良,紧固接线端子,2.0
ST0089-P19,ST0089,2026-04-26 02:00,2026-04-26 11:53,过温保护,降低功率运行,9.9
ST0089-P19,ST0089,2026-05-04 19:00,2026-05-04 21:45,接触不良,紧固接线端子,2.8
ST0089-P20,ST0089,2026-01-12 15:00,2026-01-12 17:40,过温保护,降低功率运行,2.7
ST0089-P20,ST0089,2026-01-28 18:00,2026-01-28 22:13,接触不良,更换充电枪头,4.2
ST0090-P01,ST0090,2025-08-12 04:00,2025-08-12 15:32,线缆问题,更换充电线缆,11.5
ST0090-P01,ST0090,2025-09-10 04:00,2025-09-10 17:27,通讯故障,重启通讯模块,13.5
ST0090-P01,ST0090,2025-09-25 05:00,2025-09-25 11:50,硬件损坏,更换功率模块,6.8
ST0090-P01,ST0090,2025-11-16 16:00,2025-11-16 21:55,接触不良,清洁接头,5.9
ST0090-P01,ST0090,2026-02-27 06:00,2026-02-27 06:56,过温保护,降低功率运行,0.9
ST0090-P01,ST0090,2026-05-09 16:00,2026-05-09 17:14,过温保护,检查风扇,1.2
ST0090-P01,ST0090,2026-05-31 12:00,2026-05-31 12:38,接触不良,紧固接线端子,0.6
ST0090-P01,ST0090,2026-07-17 15:00,2026-07-17 15:30,通讯故障,更换4G/5G模块,0.5
ST0090-P02,ST0090,2026-01-18 23:00,2026-01-19 00:42,通讯故障,重启通讯模块,1.7
ST0090-P02,ST0090,2026-06-05 00:00,2026-06-05 03:31,功率异常,固件升级,3.5
ST0090-P03,ST0090,2026-05-07 03:00,2026-05-07 03:30,过温保护,清理散热片,0.5
ST0090-P04,ST0090,2025-10-08 00:00,2025-10-08 05:51,通讯故障,检查天线连接,5.9
ST0090-P04,ST0090,2026-02-15 22:00,2026-02-16 00:06,通讯故障,检查天线连接,2.1
ST0090-P04,ST0090,2026-04-08 00:00,2026-04-08 01:21,过温保护,检查风扇,1.4
ST0090-P04,ST0090,2026-07-02 03:00,2026-07-02 06:25,功率异常,固件升级,3.4
ST0090-P05,ST0090,2025-11-21 15:00,2025-11-21 18:56,接触不良,更换充电枪头,3.9
ST0090-P05,ST0090,2026-03-21 18:00,2026-03-21 18:39,接触不良,更换充电枪头,0.7
ST0090-P06,ST0090,2025-10-13 12:00,2025-10-13 13:38,过温保护,降低功率运行,1.6
ST0090-P07,ST0090,2025-11-27 07:00,2025-11-27 16:41,通讯故障,更换4G/5G模块,9.7
ST0090-P08,ST0090,2026-04-19 21:00,2026-04-20 01:14,功率异常,更换传感器,4.2
ST0090-P09,ST0090,2026-01-09 01:00,2026-01-09 03:42,通讯故障,更换4G/5G模块,2.7
ST0090-P09,ST0090,2026-04-09 10:00,2026-04-09 16:54,通讯故障,更换4G/5G模块,6.9
ST0090-P09,ST0090,2026-04-19 19:00,2026-04-19 21:05,过温保护,检查风扇,2.1
ST0090-P09,ST0090,2026-04-23 23:00,2026-04-24 15:42,接触不良,更换充电枪头,16.7
ST0090-P10,ST0090,2025-08-17 11:00,2025-08-17 21:42,硬件损坏,更换功率模块,10.7
ST0090-P10,ST0090,2026-01-10 14:00,2026-01-10 15:42,过温保护,降低功率运行,1.7
ST0090-P10,ST0090,2026-01-13 10:00,2026-01-13 13:09,接触不良,清洁接头,3.2
ST0090-P10,ST0090,2026-04-02 19:00,2026-04-02 23:00,通讯故障,检查天线连接,4.0
ST0090-P10,ST0090,2026-06-20 01:00,2026-06-20 01:47,过温保护,降低功率运行,0.8
ST0090-P10,ST0090,2026-06-26 02:00,2026-06-26 02:37,过温保护,降低功率运行,0.6
ST0090-P10,ST0090,2026-07-03 06:00,2026-07-03 06:56,线缆问题,更换充电线缆,0.9
ST0090-P10,ST0090,2026-07-12 23:00,2026-07-13 02:35,通讯故障,重启通讯模块,3.6
ST0090-P11,ST0090,2025-12-22 08:00,2025-12-22 08:49,过温保护,清理散热片,0.8
ST0090-P11,ST0090,2026-01-07 11:00,2026-01-07 17:27,通讯故障,检查天线连接,6.5
ST0090-P12,ST0090,2025-08-27 20:00,2025-08-27 21:19,接触不良,紧固接线端子,1.3
ST0090-P12,ST0090,2025-09-02 09:00,2025-09-02 14:30,过温保护,检查风扇,5.5
ST0090-P12,ST0090,2025-09-22 04:00,2025-09-22 04:30,接触不良,更换充电枪头,0.5
ST0090-P13,ST0090,2025-09-08 23:00,2025-09-09 03:40,通讯故障,重启通讯模块,4.7
ST0090-P13,ST0090,2025-11-27 20:00,2025-11-27 21:22,过温保护,检查风扇,1.4
ST0090-P13,ST0090,2026-02-18 17:00,2026-02-19 07:41,线缆问题,更换连接器,14.7
ST0090-P13,ST0090,2026-03-19 19:00,2026-03-19 23:48,接触不良,清洁接头,4.8
ST0090-P13,ST0090,2026-05-03 01:00,2026-05-03 06:18,过温保护,清理散热片,5.3
ST0090-P13,ST0090,2026-05-26 20:00,2026-05-27 05:00,硬件损坏,更换控制板,9.0
ST0090-P13,ST0090,2026-06-18 08:00,2026-06-18 09:26,接触不良,清洁接头,1.4
ST0090-P14,ST0090,2025-12-29 00:00,2025-12-29 00:30,过温保护,清理散热片,0.5
ST0090-P14,ST0090,2025-12-31 00:00,2025-12-31 03:41,过温保护,清理散热片,3.7
ST0090-P14,ST0090,2026-03-05 23:00,2026-03-06 06:04,接触不良,清洁接头,7.1
ST0090-P14,ST0090,2026-03-10 06:00,2026-03-10 06:49,过温保护,清理散热片,0.8
ST0090-P15,ST0090,2025-09-30 11:00,2025-10-01 04:03,过温保护,降低功率运行,17.1
ST0090-P15,ST0090,2026-04-13 11:00,2026-04-13 11:30,通讯故障,更换4G/5G模块,0.5
ST0090-P15,ST0090,2026-04-17 21:00,2026-04-17 21:30,通讯故障,重启通讯模块,0.5
ST0090-P16,ST0090,2025-10-09 18:00,2025-10-09 19:18,通讯故障,重启通讯模块,1.3
ST0090-P16,ST0090,2025-11-15 22:00,2025-11-16 02:16,功率异常,校准功率表,4.3
ST0090-P16,ST0090,2025-11-28 03:00,2025-11-28 07:41,通讯故障,检查天线连接,4.7
ST0090-P16,ST0090,2026-01-17 17:00,2026-01-17 17:30,通讯故障,更换4G/5G模块,0.5
ST0090-P16,ST0090,2026-02-18 17:00,2026-02-18 17:30,接触不良,紧固接线端子,0.5
ST0090-P17,ST0090,2025-11-25 07:00,2025-11-25 08:30,功率异常,校准功率表,1.5
ST0090-P17,ST0090,2026-01-01 02:00,2026-01-01 02:30,通讯故障,更换4G/5G模块,0.5
ST0090-P17,ST0090,2026-01-25 20:00,2026-01-25 23:21,线缆问题,更换连接器,3.4
ST0090-P17,ST0090,2026-02-07 02:00,2026-02-07 06:38,通讯故障,检查天线连接,4.6
ST0090-P18,ST0090,2025-10-02 11:00,2025-10-02 11:40,过温保护,降低功率运行,0.7
ST0090-P18,ST0090,2025-11-15 09:00,2025-11-15 13:18,接触不良,清洁接头,4.3
ST0090-P18,ST0090,2025-12-09 12:00,2025-12-09 12:36,过温保护,清理散热片,0.6
ST0090-P18,ST0090,2026-02-13 15:00,2026-02-13 16:21,接触不良,紧固接线端子,1.4
ST0090-P18,ST0090,2026-06-20 18:00,2026-06-20 22:04,功率异常,更换传感器,4.1
ST0090-P19,ST0090,2025-09-02 14:00,2025-09-02 14:30,通讯故障,重启通讯模块,0.5
ST0090-P19,ST0090,2025-10-24 02:00,2025-10-24 02:30,过温保护,降低功率运行,0.5
ST0090-P19,ST0090,2026-01-20 00:00,2026-01-20 00:30,功率异常,校准功率表,0.5
ST0090-P19,ST0090,2026-05-17 17:00,2026-05-17 17:30,功率异常,校准功率表,0.5
ST0090-P19,ST0090,2026-06-09 03:00,2026-06-09 10:53,过温保护,检查风扇,7.9
ST0090-P19,ST0090,2026-07-07 03:00,2026-07-07 07:59,通讯故障,更换4G/5G模块,5.0
ST0090-P20,ST0090,2025-08-30 22:00,2025-08-30 22:30,硬件损坏,返厂维修,0.5
ST0090-P20,ST0090,2025-12-09 17:00,2025-12-09 21:28,接触不良,更换充电枪头,4.5
ST0090-P20,ST0090,2026-01-01 08:00,2026-01-01 09:44,通讯故障,检查天线连接,1.7
ST0090-P20,ST0090,2026-04-03 12:00,2026-04-03 17:57,功率异常,固件升级,6.0
ST0091-P01,ST0091,2025-10-04 17:00,2025-10-04 18:11,通讯故障,更换4G/5G模块,1.2
ST0091-P01,ST0091,2025-10-17 13:00,2025-10-17 21:19,通讯故障,检查天线连接,8.3
ST0091-P01,ST0091,2025-12-02 06:00,2025-12-02 07:30,接触不良,更换充电枪头,1.5
ST0091-P01,ST0091,2025-12-26 21:00,2025-12-26 21:30,硬件损坏,返厂维修,0.5
ST0091-P01,ST0091,2026-01-26 23:00,2026-01-27 00:42,接触不良,更换充电枪头,1.7
ST0091-P02,ST0091,2025-09-09 00:00,2025-09-09 00:30,接触不良,更换充电枪头,0.5
ST0091-P02,ST0091,2025-11-05 13:00,2025-11-05 15:10,过温保护,检查风扇,2.2
ST0091-P02,ST0091,2026-03-01 13:00,2026-03-01 19:42,硬件损坏,更换控制板,6.7
ST0091-P02,ST0091,2026-03-20 14:00,2026-03-20 14:30,通讯故障,重启通讯模块,0.5
ST0091-P02,ST0091,2026-06-04 23:00,2026-06-05 01:41,过温保护,检查风扇,2.7
ST0091-P03,ST0091,2026-02-18 07:00,2026-02-18 12:46,线缆问题,修补线缆外皮,5.8
ST0091-P04,ST0091,2025-08-09 03:00,2025-08-09 04:17,接触不良,清洁接头,1.3
ST0091-P04,ST0091,2025-08-21 02:00,2025-08-21 12:24,线缆问题,更换充电线缆,10.4
ST0091-P04,ST0091,2025-11-22 13:00,2025-11-22 13:30,通讯故障,更换4G/5G模块,0.5
ST0091-P04,ST0091,2026-01-15 04:00,2026-01-15 05:58,接触不良,紧固接线端子,2.0
ST0091-P04,ST0091,2026-01-31 19:00,2026-02-01 07:45,硬件损坏,返厂维修,12.8
ST0091-P04,ST0091,2026-03-13 13:00,2026-03-13 13:30,接触不良,紧固接线端子,0.5
ST0091-P04,ST0091,2026-03-20 19:00,2026-03-21 03:15,通讯故障,重启通讯模块,8.3
ST0091-P04,ST0091,2026-06-11 18:00,2026-06-12 02:00,接触不良,紧固接线端子,8.0
ST0091-P05,ST0091,2026-02-23 03:00,2026-02-23 03:40,接触不良,清洁接头,0.7
ST0091-P06,ST0091,2025-09-26 17:00,2025-09-26 17:30,通讯故障,更换4G/5G模块,0.5
ST0091-P06,ST0091,2025-10-11 12:00,2025-10-11 14:55,接触不良,更换充电枪头,2.9
ST0091-P06,ST0091,2025-12-05 15:00,2025-12-05 15:30,过温保护,清理散热片,0.5
ST0091-P06,ST0091,2026-02-01 13:00,2026-02-01 16:06,通讯故障,更换4G/5G模块,3.1
ST0091-P06,ST0091,2026-03-23 09:00,2026-03-23 11:57,接触不良,清洁接头,3.0
ST0091-P07,ST0091,2025-09-04 18:00,2025-09-04 22:52,过温保护,降低功率运行,4.9
ST0091-P08,ST0091,2025-08-24 00:00,2025-08-24 02:16,通讯故障,重启通讯模块,2.3
ST0091-P08,ST0091,2025-09-17 09:00,2025-09-17 16:37,过温保护,降低功率运行,7.6
ST0091-P08,ST0091,2025-11-02 15:00,2025-11-02 21:33,过温保护,降低功率运行,6.6
ST0091-P08,ST0091,2026-03-13 12:00,2026-03-13 20:46,功率异常,更换传感器,8.8
ST0091-P08,ST0091,2026-05-08 10:00,2026-05-08 15:41,接触不良,更换充电枪头,5.7
ST0091-P08,ST0091,2026-05-26 05:00,2026-05-26 05:46,通讯故障,检查天线连接,0.8
ST0091-P09,ST0091,2026-01-19 10:00,2026-01-19 15:35,线缆问题,更换充电线缆,5.6
ST0091-P10,ST0091,2025-12-09 17:00,2025-12-09 23:47,线缆问题,修补线缆外皮,6.8
ST0091-P10,ST0091,2025-12-17 09:00,2025-12-17 16:01,通讯故障,检查天线连接,7.0
ST0091-P10,ST0091,2026-04-04 04:00,2026-04-04 13:54,硬件损坏,更换功率模块,9.9
ST0091-P10,ST0091,2026-05-01 17:00,2026-05-01 18:24,通讯故障,重启通讯模块,1.4
ST0091-P11,ST0091,2025-12-02 07:00,2025-12-02 09:15,过温保护,清理散热片,2.3
ST0091-P11,ST0091,2025-12-08 11:00,2025-12-08 18:02,接触不良,清洁接头,7.0
ST0091-P12,ST0091,2025-09-17 03:00,2025-09-17 04:27,通讯故障,更换4G/5G模块,1.5
ST0091-P12,ST0091,2025-11-10 04:00,2025-11-10 13:08,过温保护,检查风扇,9.1
ST0091-P12,ST0091,2026-04-27 16:00,2026-04-27 18:11,通讯故障,更换4G/5G模块,2.2
ST0091-P12,ST0091,2026-05-29 10:00,2026-05-29 10:45,接触不良,更换充电枪头,0.8
ST0091-P12,ST0091,2026-07-23 18:00,2026-07-23 20:46,接触不良,清洁接头,2.8
ST0091-P13,ST0091,2025-08-05 09:00,2025-08-05 09:49,接触不良,更换充电枪头,0.8
ST0091-P13,ST0091,2026-05-26 10:00,2026-05-26 12:41,硬件损坏,更换控制板,2.7
ST0091-P14,ST0091,2025-08-31 03:00,2025-08-31 10:51,接触不良,紧固接线端子,7.9
ST0091-P14,ST0091,2025-10-27 20:00,2025-10-28 02:03,过温保护,清理散热片,6.1
ST0091-P14,ST0091,2025-11-14 18:00,2025-11-14 23:50,接触不良,更换充电枪头,5.8
ST0091-P14,ST0091,2025-12-03 02:00,2025-12-03 03:07,过温保护,检查风扇,1.1
ST0091-P14,ST0091,2025-12-07 07:00,2025-12-07 07:58,通讯故障,更换4G/5G模块,1.0
ST0091-P14,ST0091,2026-01-14 02:00,2026-01-14 02:30,接触不良,更换充电枪头,0.5
ST0091-P14,ST0091,2026-04-04 17:00,2026-04-04 17:30,硬件损坏,更换控制板,0.5
ST0091-P14,ST0091,2026-07-23 17:00,2026-07-23 23:01,过温保护,检查风扇,6.0
ST0091-P15,ST0091,2026-03-22 03:00,2026-03-22 07:52,接触不良,更换充电枪头,4.9
ST0091-P15,ST0091,2026-05-08 02:00,2026-05-08 04:46,功率异常,固件升级,2.8
ST0091-P16,ST0091,2026-01-02 04:00,2026-01-02 06:35,过温保护,检查风扇,2.6
ST0091-P16,ST0091,2026-04-26 10:00,2026-04-26 10:48,通讯故障,更换4G/5G模块,0.8
ST0091-P17,ST0091,2026-02-25 20:00,2026-02-25 20:54,通讯故障,检查天线连接,0.9
ST0091-P17,ST0091,2026-06-30 00:00,2026-06-30 01:05,硬件损坏,更换功率模块,1.1
ST0091-P18,ST0091,2025-12-04 23:00,2025-12-05 04:59,硬件损坏,更换功率模块,6.0
ST0091-P18,ST0091,2026-02-07 08:00,2026-02-07 13:04,硬件损坏,更换功率模块,5.1
ST0091-P18,ST0091,2026-07-28 23:00,2026-07-28 23:32,通讯故障,重启通讯模块,0.5
ST0091-P19,ST0091,2025-11-03 06:00,2025-11-03 06:38,接触不良,更换充电枪头,0.6
ST0091-P19,ST0091,2025-11-03 16:00,2025-11-03 16:30,接触不良,清洁接头,0.5
ST0091-P20,ST0091,2025-09-18 03:00,2025-09-18 03:35,线缆问题,修补线缆外皮,0.6
ST0091-P20,ST0091,2025-09-22 10:00,2025-09-22 11:06,通讯故障,重启通讯模块,1.1
ST0091-P20,ST0091,2025-10-10 05:00,2025-10-10 05:39,硬件损坏,更换控制板,0.7
ST0091-P20,ST0091,2025-10-18 00:00,2025-10-18 00:34,通讯故障,更换4G/5G模块,0.6
ST0091-P20,ST0091,2025-12-10 10:00,2025-12-10 11:27,通讯故障,检查天线连接,1.5
ST0091-P20,ST0091,2026-02-26 15:00,2026-02-26 15:30,接触不良,更换充电枪头,0.5
ST0092-P01,ST0092,2025-08-20 01:00,2025-08-20 18:18,接触不良,清洁接头,17.3
ST0092-P01,ST0092,2025-08-25 11:00,2025-08-25 13:12,接触不良,清洁接头,2.2
ST0092-P01,ST0092,2025-10-09 04:00,2025-10-09 15:36,接触不良,清洁接头,11.6
ST0092-P01,ST0092,2025-11-03 21:00,2025-11-03 21:39,过温保护,清理散热片,0.7
ST0092-P01,ST0092,2025-11-27 18:00,2025-11-27 18:30,硬件损坏,更换功率模块,0.5
ST0092-P01,ST0092,2026-04-23 04:00,2026-04-23 04:37,过温保护,清理散热片,0.6
ST0092-P02,ST0092,2025-08-24 02:00,2025-08-24 03:16,接触不良,更换充电枪头,1.3
ST0092-P02,ST0092,2026-07-06 23:00,2026-07-07 01:26,接触不良,紧固接线端子,2.4
ST0092-P03,ST0092,2026-01-05 06:00,2026-01-05 22:21,通讯故障,重启通讯模块,16.4
ST0092-P03,ST0092,2026-05-22 03:00,2026-05-22 04:35,接触不良,更换充电枪头,1.6
ST0092-P04,ST0092,2025-10-21 07:00,2025-10-21 09:29,接触不良,紧固接线端子,2.5
ST0092-P04,ST0092,2026-01-03 05:00,2026-01-03 11:02,线缆问题,更换连接器,6.0
ST0092-P04,ST0092,2026-01-18 04:00,2026-01-18 17:05,过温保护,清理散热片,13.1
ST0092-P04,ST0092,2026-02-21 09:00,2026-02-21 17:18,通讯故障,更换4G/5G模块,8.3
ST0092-P04,ST0092,2026-02-27 21:00,2026-02-28 02:52,接触不良,清洁接头,5.9
ST0092-P04,ST0092,2026-06-03 08:00,2026-06-04 02:08,接触不良,清洁接头,18.1
ST0092-P05,ST0092,2025-12-03 08:00,2025-12-03 08:38,接触不良,紧固接线端子,0.6
ST0092-P05,ST0092,2026-01-30 12:00,2026-01-30 16:08,通讯故障,重启通讯模块,4.1
ST0092-P05,ST0092,2026-03-12 14:00,2026-03-12 17:31,过温保护,降低功率运行,3.5
ST0092-P05,ST0092,2026-05-21 17:00,2026-05-22 00:04,过温保护,降低功率运行,7.1
ST0092-P05,ST0092,2026-05-26 11:00,2026-05-26 21:58,通讯故障,重启通讯模块,11.0
ST0092-P05,ST0092,2026-06-15 15:00,2026-06-15 21:44,接触不良,更换充电枪头,6.7
ST0092-P05,ST0092,2026-06-17 11:00,2026-06-17 18:14,过温保护,清理散热片,7.2
ST0092-P05,ST0092,2026-07-10 15:00,2026-07-10 16:24,接触不良,紧固接线端子,1.4
ST0092-P06,ST0092,2026-01-18 18:00,2026-01-18 18:30,接触不良,更换充电枪头,0.5
ST0092-P06,ST0092,2026-02-13 12:00,2026-02-13 19:10,接触不良,清洁接头,7.2
ST0092-P07,ST0092,2025-09-01 19:00,2025-09-01 19:30,通讯故障,更换4G/5G模块,0.5
ST0092-P07,ST0092,2025-12-05 20:00,2025-12-06 01:56,接触不良,紧固接线端子,5.9
ST0092-P07,ST0092,2025-12-15 15:00,2025-12-15 17:14,接触不良,清洁接头,2.2
ST0092-P07,ST0092,2026-03-02 09:00,2026-03-02 09:30,过温保护,清理散热片,0.5
ST0092-P08,ST0092,2025-10-21 09:00,2025-10-21 09:30,过温保护,检查风扇,0.5
ST0092-P08,ST0092,2026-05-25 22:00,2026-05-25 22:30,接触不良,清洁接头,0.5
ST0092-P09,ST0092,2025-10-18 09:00,2025-10-18 09:52,通讯故障,重启通讯模块,0.9
ST0092-P09,ST0092,2026-01-21 06:00,2026-01-21 09:47,通讯故障,检查天线连接,3.8
ST0092-P09,ST0092,2026-01-21 23:00,2026-01-22 12:55,通讯故障,重启通讯模块,13.9
ST0092-P09,ST0092,2026-05-25 22:00,2026-05-26 01:57,功率异常,固件升级,4.0
ST0092-P09,ST0092,2026-06-21 18:00,2026-06-21 21:52,过温保护,降低功率运行,3.9
ST0092-P09,ST0092,2026-07-25 13:00,2026-07-25 18:17,功率异常,校准功率表,5.3
ST0092-P10,ST0092,2025-09-11 05:00,2025-09-11 05:30,线缆问题,更换连接器,0.5
ST0092-P10,ST0092,2025-09-22 10:00,2025-09-22 14:54,通讯故障,更换4G/5G模块,4.9
ST0092-P10,ST0092,2026-03-23 20:00,2026-03-23 23:09,过温保护,降低功率运行,3.2
ST0092-P10,ST0092,2026-05-31 04:00,2026-05-31 09:52,硬件损坏,更换控制板,5.9
ST0092-P11,ST0092,2025-12-17 06:00,2025-12-17 16:04,线缆问题,更换连接器,10.1
ST0092-P11,ST0092,2025-12-25 13:00,2025-12-25 14:44,通讯故障,检查天线连接,1.7
ST0092-P11,ST0092,2026-05-08 07:00,2026-05-08 14:49,功率异常,更换传感器,7.8
ST0092-P12,ST0092,2026-02-28 03:00,2026-02-28 05:12,接触不良,清洁接头,2.2
ST0092-P12,ST0092,2026-05-03 04:00,2026-05-03 04:37,通讯故障,更换4G/5G模块,0.6
ST0092-P12,ST0092,2026-05-17 15:00,2026-05-17 22:06,接触不良,紧固接线端子,7.1
ST0092-P12,ST0092,2026-06-24 07:00,2026-06-24 08:42,过温保护,降低功率运行,1.7
ST0092-P13,ST0092,2025-08-15 07:00,2025-08-15 07:52,过温保护,清理散热片,0.9
ST0092-P13,ST0092,2025-09-12 03:00,2025-09-12 17:12,硬件损坏,更换控制板,14.2
ST0092-P13,ST0092,2025-11-23 21:00,2025-11-23 23:33,通讯故障,检查天线连接,2.6
ST0092-P13,ST0092,2026-04-12 06:00,2026-04-12 06:30,过温保护,检查风扇,0.5
ST0092-P13,ST0092,2026-04-21 20:00,2026-04-21 21:51,过温保护,清理散热片,1.9
ST0092-P13,ST0092,2026-07-22 14:00,2026-07-22 15:51,通讯故障,重启通讯模块,1.9
ST0092-P14,ST0092,2025-09-18 08:00,2025-09-19 00:55,接触不良,紧固接线端子,16.9
ST0092-P14,ST0092,2025-12-19 18:00,2025-12-19 21:31,通讯故障,重启通讯模块,3.5
ST0092-P14,ST0092,2026-05-11 22:00,2026-05-11 23:29,通讯故障,重启通讯模块,1.5
ST0092-P14,ST0092,2026-05-12 04:00,2026-05-12 13:27,通讯故障,更换4G/5G模块,9.5
ST0092-P14,ST0092,2026-06-11 13:00,2026-06-11 14:39,接触不良,清洁接头,1.7
ST0092-P15,ST0092,2025-11-03 10:00,2025-11-03 12:58,线缆问题,更换连接器,3.0
ST0092-P15,ST0092,2025-12-31 14:00,2025-12-31 15:58,线缆问题,修补线缆外皮,2.0
ST0092-P15,ST0092,2026-02-20 06:00,2026-02-20 13:55,接触不良,紧固接线端子,7.9
ST0092-P16,ST0092,2025-09-25 14:00,2025-09-25 14:30,硬件损坏,更换功率模块,0.5
ST0092-P16,ST0092,2025-10-24 12:00,2025-10-24 15:18,接触不良,紧固接线端子,3.3
ST0092-P16,ST0092,2025-11-14 06:00,2025-11-14 08:07,过温保护,降低功率运行,2.1
ST0092-P16,ST0092,2025-12-30 11:00,2025-12-30 11:30,接触不良,清洁接头,0.5
ST0092-P17,ST0092,2026-05-27 18:00,2026-05-28 01:12,通讯故障,检查天线连接,7.2
ST0092-P18,ST0092,2026-02-13 22:00,2026-02-14 03:48,过温保护,检查风扇,5.8
ST0092-P18,ST0092,2026-04-16 21:00,2026-04-16 21:30,硬件损坏,更换功率模块,0.5
ST0092-P18,ST0092,2026-06-25 13:00,2026-06-25 14:58,过温保护,降低功率运行,2.0
ST0092-P18,ST0092,2026-07-08 03:00,2026-07-08 08:01,接触不良,更换充电枪头,5.0
ST0092-P19,ST0092,2025-09-23 12:00,2025-09-23 20:39,线缆问题,更换充电线缆,8.7
ST0092-P19,ST0092,2025-10-26 11:00,2025-10-26 12:47,接触不良,紧固接线端子,1.8
ST0092-P19,ST0092,2025-11-20 10:00,2025-11-20 10:30,接触不良,更换充电枪头,0.5
ST0092-P19,ST0092,2026-06-04 03:00,2026-06-04 05:31,过温保护,清理散热片,2.5
ST0092-P19,ST0092,2026-07-16 17:00,2026-07-16 19:58,过温保护,清理散热片,3.0
ST0092-P20,ST0092,2025-11-08 07:00,2025-11-08 07:44,过温保护,清理散热片,0.7
ST0092-P20,ST0092,2025-12-18 08:00,2025-12-18 10:43,通讯故障,重启通讯模块,2.7
ST0092-P20,ST0092,2026-04-01 21:00,2026-04-01 23:32,过温保护,检查风扇,2.5
ST0092-P20,ST0092,2026-04-04 21:00,2026-04-05 09:31,接触不良,更换充电枪头,12.5
ST0092-P20,ST0092,2026-05-27 01:00,2026-05-27 03:00,接触不良,更换充电枪头,2.0
ST0093-P01,ST0093,2025-09-06 13:00,2025-09-06 14:47,通讯故障,更换4G/5G模块,1.8
ST0093-P01,ST0093,2025-09-07 08:00,2025-09-07 10:24,硬件损坏,返厂维修,2.4
ST0093-P01,ST0093,2025-09-15 23:00,2025-09-16 01:02,接触不良,更换充电枪头,2.0
ST0093-P01,ST0093,2026-05-07 22:00,2026-05-07 23:42,线缆问题,修补线缆外皮,1.7
ST0093-P01,ST0093,2026-06-04 06:00,2026-06-04 13:00,接触不良,更换充电枪头,7.0
ST0093-P02,ST0093,2025-09-12 00:00,2025-09-12 03:46,线缆问题,更换充电线缆,3.8
ST0093-P02,ST0093,2026-05-24 20:00,2026-05-25 01:56,接触不良,紧固接线端子,5.9
ST0093-P02,ST0093,2026-05-30 21:00,2026-05-30 21:39,过温保护,降低功率运行,0.7
ST0093-P03,ST0093,2025-08-20 04:00,2025-08-20 07:38,硬件损坏,返厂维修,3.6
ST0093-P03,ST0093,2025-09-30 12:00,2025-09-30 13:20,功率异常,固件升级,1.3
ST0093-P03,ST0093,2026-05-15 13:00,2026-05-15 13:48,通讯故障,更换4G/5G模块,0.8
ST0093-P04,ST0093,2025-08-21 07:00,2025-08-21 11:14,线缆问题,修补线缆外皮,4.2
ST0093-P04,ST0093,2025-10-13 03:00,2025-10-13 04:28,通讯故障,重启通讯模块,1.5
ST0093-P04,ST0093,2025-12-11 16:00,2025-12-11 16:32,接触不良,紧固接线端子,0.5
ST0093-P04,ST0093,2026-01-16 09:00,2026-01-16 14:43,通讯故障,检查天线连接,5.7
ST0093-P05,ST0093,2025-09-08 13:00,2025-09-08 17:18,接触不良,更换充电枪头,4.3
ST0093-P05,ST0093,2026-05-30 03:00,2026-05-30 03:30,接触不良,更换充电枪头,0.5
ST0093-P05,ST0093,2026-07-10 03:00,2026-07-10 08:06,接触不良,清洁接头,5.1
ST0093-P05,ST0093,2026-07-23 15:00,2026-07-23 15:30,接触不良,紧固接线端子,0.5
ST0093-P06,ST0093,2025-09-14 15:00,2025-09-14 23:48,过温保护,清理散热片,8.8
ST0093-P06,ST0093,2025-11-13 04:00,2025-11-13 09:54,接触不良,紧固接线端子,5.9
ST0093-P06,ST0093,2026-04-04 03:00,2026-04-04 19:48,功率异常,固件升级,16.8
ST0093-P07,ST0093,2025-08-03 05:00,2025-08-03 21:56,通讯故障,检查天线连接,16.9
ST0093-P07,ST0093,2025-10-07 17:00,2025-10-07 17:59,线缆问题,修补线缆外皮,1.0
ST0093-P07,ST0093,2025-12-27 02:00,2025-12-27 02:36,硬件损坏,更换功率模块,0.6
ST0093-P07,ST0093,2026-01-03 14:00,2026-01-03 15:38,接触不良,紧固接线端子,1.6
ST0093-P07,ST0093,2026-05-12 20:00,2026-05-12 22:57,功率异常,校准功率表,3.0
ST0093-P08,ST0093,2026-01-01 10:00,2026-01-01 12:29,硬件损坏,更换功率模块,2.5
ST0093-P09,ST0093,2025-11-05 19:00,2025-11-06 16:00,功率异常,校准功率表,21.0
ST0093-P09,ST0093,2025-11-18 13:00,2025-11-18 16:34,功率异常,更换传感器,3.6
ST0093-P09,ST0093,2026-02-11 09:00,2026-02-11 14:17,接触不良,清洁接头,5.3
ST0093-P09,ST0093,2026-04-19 11:00,2026-04-19 11:30,功率异常,更换传感器,0.5
ST0093-P10,ST0093,2025-08-27 13:00,2025-08-27 16:59,接触不良,紧固接线端子,4.0
ST0093-P10,ST0093,2025-10-02 18:00,2025-10-02 19:10,接触不良,清洁接头,1.2
ST0093-P10,ST0093,2025-10-17 03:00,2025-10-17 04:16,接触不良,清洁接头,1.3
ST0093-P10,ST0093,2025-10-26 07:00,2025-10-26 07:30,通讯故障,检查天线连接,0.5
ST0093-P10,ST0093,2025-12-24 01:00,2025-12-24 06:50,功率异常,校准功率表,5.8
ST0093-P10,ST0093,2026-01-19 06:00,2026-01-19 12:02,通讯故障,更换4G/5G模块,6.0
ST0093-P10,ST0093,2026-07-06 13:00,2026-07-06 15:53,线缆问题,更换连接器,2.9
ST0093-P10,ST0093,2026-07-30 07:00,2026-07-30 14:40,过温保护,清理散热片,7.7
ST0093-P11,ST0093,2025-09-03 22:00,2025-09-03 23:42,接触不良,清洁接头,1.7
ST0093-P11,ST0093,2025-10-11 20:00,2025-10-11 22:42,过温保护,检查风扇,2.7
ST0093-P11,ST0093,2025-12-23 15:00,2025-12-23 23:48,硬件损坏,返厂维修,8.8
ST0093-P11,ST0093,2026-01-07 02:00,2026-01-07 08:00,接触不良,更换充电枪头,6.0
ST0093-P11,ST0093,2026-05-26 17:00,2026-05-26 18:50,线缆问题,更换连接器,1.8
ST0093-P11,ST0093,2026-07-02 15:00,2026-07-02 16:55,接触不良,紧固接线端子,1.9
ST0093-P11,ST0093,2026-07-27 19:00,2026-07-28 03:47,接触不良,清洁接头,8.8
ST0093-P12,ST0093,2025-11-22 01:00,2025-11-22 09:27,过温保护,清理散热片,8.5
ST0093-P12,ST0093,2026-02-16 19:00,2026-02-16 23:16,过温保护,检查风扇,4.3
ST0093-P12,ST0093,2026-04-17 18:00,2026-04-17 18:30,功率异常,固件升级,0.5
ST0093-P13,ST0093,2025-12-30 04:00,2025-12-30 08:04,通讯故障,重启通讯模块,4.1
ST0093-P13,ST0093,2026-02-04 11:00,2026-02-04 15:48,通讯故障,检查天线连接,4.8
ST0093-P13,ST0093,2026-03-10 14:00,2026-03-10 15:16,过温保护,检查风扇,1.3
ST0093-P13,ST0093,2026-07-06 12:00,2026-07-06 14:06,过温保护,清理散热片,2.1
ST0093-P14,ST0093,2025-08-05 15:00,2025-08-05 18:09,通讯故障,重启通讯模块,3.2
ST0093-P14,ST0093,2025-08-14 08:00,2025-08-14 14:54,过温保护,检查风扇,6.9
ST0093-P14,ST0093,2025-09-26 07:00,2025-09-26 08:51,接触不良,更换充电枪头,1.9
ST0093-P14,ST0093,2025-12-29 20:00,2025-12-29 23:07,过温保护,检查风扇,3.1
ST0093-P14,ST0093,2026-02-10 16:00,2026-02-10 20:46,通讯故障,检查天线连接,4.8
ST0093-P14,ST0093,2026-03-04 05:00,2026-03-04 07:35,过温保护,检查风扇,2.6
ST0093-P14,ST0093,2026-07-06 01:00,2026-07-06 01:59,过温保护,清理散热片,1.0
ST0093-P15,ST0093,2025-08-04 15:00,2025-08-04 18:13,硬件损坏,更换控制板,3.2
ST0093-P15,ST0093,2025-09-26 03:00,2025-09-26 04:58,通讯故障,更换4G/5G模块,2.0
ST0093-P15,ST0093,2025-10-09 17:00,2025-10-09 17:37,硬件损坏,更换功率模块,0.6
ST0093-P15,ST0093,2025-10-26 06:00,2025-10-26 10:11,接触不良,紧固接线端子,4.2
ST0093-P15,ST0093,2025-12-18 03:00,2025-12-18 06:05,过温保护,检查风扇,3.1
ST0093-P15,ST0093,2026-02-27 13:00,2026-02-27 16:04,接触不良,紧固接线端子,3.1
ST0093-P15,ST0093,2026-06-03 01:00,2026-06-03 01:35,通讯故障,检查天线连接,0.6
ST0093-P16,ST0093,2025-08-07 17:00,2025-08-07 22:47,接触不良,清洁接头,5.8
ST0093-P16,ST0093,2025-10-15 05:00,2025-10-15 05:30,硬件损坏,更换功率模块,0.5
ST0093-P16,ST0093,2026-03-30 10:00,2026-03-30 12:04,接触不良,更换充电枪头,2.1
ST0093-P16,ST0093,2026-05-12 04:00,2026-05-12 04:49,通讯故障,更换4G/5G模块,0.8
ST0093-P17,ST0093,2025-12-31 01:00,2025-12-31 01:30,过温保护,清理散热片,0.5
ST0093-P17,ST0093,2026-06-07 18:00,2026-06-07 23:02,过温保护,降低功率运行,5.0
ST0093-P18,ST0093,2025-08-16 10:00,2025-08-16 14:17,接触不良,更换充电枪头,4.3
ST0093-P18,ST0093,2025-09-22 22:00,2025-09-22 22:50,接触不良,更换充电枪头,0.8
ST0093-P18,ST0093,2025-09-29 07:00,2025-09-29 14:04,接触不良,清洁接头,7.1
ST0093-P18,ST0093,2025-12-05 11:00,2025-12-05 17:35,通讯故障,检查天线连接,6.6
ST0093-P18,ST0093,2026-01-11 14:00,2026-01-11 14:51,通讯故障,重启通讯模块,0.9
ST0093-P19,ST0093,2026-03-12 09:00,2026-03-12 13:07,通讯故障,重启通讯模块,4.1
ST0093-P19,ST0093,2026-05-31 04:00,2026-05-31 04:54,接触不良,更换充电枪头,0.9
ST0093-P20,ST0093,2026-07-07 11:00,2026-07-07 14:06,通讯故障,更换4G/5G模块,3.1
ST0094-P01,ST0094,2025-08-13 09:00,2025-08-13 11:06,接触不良,更换充电枪头,2.1
ST0094-P01,ST0094,2025-09-09 19:00,2025-09-09 20:28,接触不良,清洁接头,1.5
ST0094-P01,ST0094,2026-01-16 07:00,2026-01-16 10:11,过温保护,检查风扇,3.2
ST0094-P01,ST0094,2026-05-04 00:00,2026-05-04 00:30,过温保护,清理散热片,0.5
ST0094-P01,ST0094,2026-06-15 09:00,2026-06-15 09:30,通讯故障,检查天线连接,0.5
ST0094-P02,ST0094,2025-09-18 20:00,2025-09-18 21:40,硬件损坏,更换控制板,1.7
ST0094-P02,ST0094,2025-12-26 15:00,2025-12-26 18:48,接触不良,紧固接线端子,3.8
ST0094-P02,ST0094,2026-02-26 14:00,2026-02-26 14:30,通讯故障,更换4G/5G模块,0.5
ST0094-P02,ST0094,2026-06-18 04:00,2026-06-18 05:45,通讯故障,检查天线连接,1.8
ST0094-P03,ST0094,2025-08-13 21:00,2025-08-14 01:31,接触不良,更换充电枪头,4.5
ST0094-P03,ST0094,2025-09-19 07:00,2025-09-19 07:30,通讯故障,检查天线连接,0.5
ST0094-P03,ST0094,2025-09-29 21:00,2025-09-29 21:30,过温保护,清理散热片,0.5
ST0094-P03,ST0094,2026-02-23 19:00,2026-02-23 20:46,接触不良,紧固接线端子,1.8
ST0094-P03,ST0094,2026-03-16 08:00,2026-03-16 16:07,接触不良,更换充电枪头,8.1
ST0094-P03,ST0094,2026-03-26 17:00,2026-03-26 20:07,过温保护,降低功率运行,3.1
ST0094-P03,ST0094,2026-05-14 20:00,2026-05-14 20:42,接触不良,紧固接线端子,0.7
ST0094-P03,ST0094,2026-06-14 23:00,2026-06-15 07:45,接触不良,紧固接线端子,8.8
ST0094-P04,ST0094,2025-08-11 17:00,2025-08-11 20:12,过温保护,检查风扇,3.2
ST0094-P04,ST0094,2025-11-04 18:00,2025-11-04 18:30,线缆问题,更换连接器,0.5
ST0094-P04,ST0094,2026-04-10 11:00,2026-04-10 13:16,接触不良,紧固接线端子,2.3
ST0094-P04,ST0094,2026-05-20 09:00,2026-05-20 11:26,硬件损坏,返厂维修,2.4
ST0094-P05,ST0094,2025-10-18 16:00,2025-10-18 21:54,线缆问题,更换连接器,5.9
ST0094-P05,ST0094,2026-05-18 20:00,2026-05-18 23:04,接触不良,更换充电枪头,3.1
ST0094-P05,ST0094,2026-07-20 09:00,2026-07-20 11:19,过温保护,检查风扇,2.3
ST0094-P06,ST0094,2025-08-25 12:00,2025-08-25 15:22,硬件损坏,更换控制板,3.4
ST0094-P06,ST0094,2025-11-28 14:00,2025-11-28 14:30,过温保护,检查风扇,0.5
ST0094-P06,ST0094,2026-03-04 14:00,2026-03-04 22:37,过温保护,清理散热片,8.6
ST0094-P07,ST0094,2025-08-30 04:00,2025-08-30 06:33,接触不良,清洁接头,2.6
ST0094-P07,ST0094,2025-09-17 07:00,2025-09-17 07:30,过温保护,检查风扇,0.5
ST0094-P07,ST0094,2025-11-21 20:00,2025-11-21 22:53,过温保护,清理散热片,2.9
ST0094-P07,ST0094,2026-01-01 18:00,2026-01-02 02:06,接触不良,紧固接线端子,8.1
ST0094-P07,ST0094,2026-07-06 17:00,2026-07-07 00:50,硬件损坏,更换功率模块,7.8
ST0094-P08,ST0094,2025-12-30 08:00,2025-12-30 17:02,通讯故障,更换4G/5G模块,9.0
ST0094-P08,ST0094,2026-06-12 19:00,2026-06-12 21:36,过温保护,清理散热片,2.6
ST0094-P08,ST0094,2026-06-24 19:00,2026-06-25 02:50,接触不良,清洁接头,7.8
ST0094-P09,ST0094,2025-08-03 01:00,2025-08-03 04:58,接触不良,清洁接头,4.0
ST0094-P09,ST0094,2025-09-10 14:00,2025-09-10 18:28,硬件损坏,返厂维修,4.5
ST0094-P09,ST0094,2025-10-04 09:00,2025-10-04 09:56,硬件损坏,更换功率模块,0.9
ST0094-P09,ST0094,2025-10-12 08:00,2025-10-12 10:25,硬件损坏,更换功率模块,2.4
ST0094-P09,ST0094,2025-11-17 09:00,2025-11-17 10:48,硬件损坏,返厂维修,1.8
ST0094-P09,ST0094,2026-01-17 10:00,2026-01-17 17:15,过温保护,清理散热片,7.3
ST0094-P09,ST0094,2026-07-12 05:00,2026-07-12 15:25,过温保护,清理散热片,10.4
ST0094-P10,ST0094,2025-09-25 10:00,2025-09-25 15:14,功率异常,固件升级,5.2
ST0094-P10,ST0094,2026-01-21 10:00,2026-01-21 23:27,过温保护,检查风扇,13.5
ST0094-P11,ST0094,2025-10-23 08:00,2025-10-23 15:02,功率异常,校准功率表,7.0
ST0094-P11,ST0094,2026-02-13 05:00,2026-02-13 08:15,接触不良,清洁接头,3.3
ST0094-P11,ST0094,2026-05-16 12:00,2026-05-16 13:22,线缆问题,更换充电线缆,1.4
ST0094-P12,ST0094,2025-10-11 16:00,2025-10-11 16:30,通讯故障,更换4G/5G模块,0.5
ST0094-P12,ST0094,2025-11-01 07:00,2025-11-01 09:22,线缆问题,更换充电线缆,2.4
ST0094-P12,ST0094,2026-01-12 20:00,2026-01-12 21:48,接触不良,紧固接线端子,1.8
ST0094-P12,ST0094,2026-06-04 09:00,2026-06-04 11:20,接触不良,清洁接头,2.3
ST0094-P12,ST0094,2026-06-14 10:00,2026-06-14 13:34,过温保护,降低功率运行,3.6
ST0094-P13,ST0094,2025-10-11 19:00,2025-10-11 20:28,接触不良,清洁接头,1.5
ST0094-P13,ST0094,2026-02-17 05:00,2026-02-17 06:18,接触不良,紧固接线端子,1.3
ST0094-P14,ST0094,2025-10-20 03:00,2025-10-20 07:42,通讯故障,更换4G/5G模块,4.7
ST0094-P14,ST0094,2025-12-30 05:00,2025-12-30 08:58,接触不良,紧固接线端子,4.0
ST0094-P15,ST0094,2025-10-01 11:00,2025-10-01 13:09,接触不良,紧固接线端子,2.2
ST0094-P15,ST0094,2025-11-16 15:00,2025-11-16 16:39,过温保护,清理散热片,1.7
ST0094-P15,ST0094,2025-12-02 18:00,2025-12-02 23:42,接触不良,更换充电枪头,5.7
ST0094-P15,ST0094,2026-01-29 01:00,2026-01-29 02:46,通讯故障,重启通讯模块,1.8
ST0094-P15,ST0094,2026-02-19 07:00,2026-02-19 08:00,过温保护,清理散热片,1.0
ST0094-P15,ST0094,2026-02-24 12:00,2026-02-24 12:46,接触不良,紧固接线端子,0.8
ST0094-P16,ST0094,2025-08-25 03:00,2025-08-25 08:32,接触不良,紧固接线端子,5.5
ST0094-P16,ST0094,2025-09-18 21:00,2025-09-19 02:14,接触不良,紧固接线端子,5.2
ST0094-P16,ST0094,2025-10-17 01:00,2025-10-17 08:13,接触不良,清洁接头,7.2
ST0094-P16,ST0094,2025-11-17 11:00,2025-11-17 13:31,功率异常,固件升级,2.5
ST0094-P16,ST0094,2025-12-01 20:00,2025-12-01 20:52,过温保护,清理散热片,0.9
ST0094-P16,ST0094,2026-01-31 00:00,2026-01-31 02:02,接触不良,更换充电枪头,2.0
ST0094-P17,ST0094,2026-01-22 12:00,2026-01-22 12:30,接触不良,紧固接线端子,0.5
ST0094-P17,ST0094,2026-01-22 13:00,2026-01-22 17:41,通讯故障,重启通讯模块,4.7
ST0094-P17,ST0094,2026-02-09 04:00,2026-02-09 09:15,接触不良,更换充电枪头,5.3
ST0094-P17,ST0094,2026-04-10 02:00,2026-04-10 04:08,接触不良,紧固接线端子,2.1
ST0094-P17,ST0094,2026-07-13 08:00,2026-07-13 12:30,接触不良,紧固接线端子,4.5
ST0094-P17,ST0094,2026-07-29 18:00,2026-07-29 18:31,接触不良,紧固接线端子,0.5
ST0094-P18,ST0094,2026-03-19 18:00,2026-03-19 19:56,过温保护,降低功率运行,1.9
ST0094-P18,ST0094,2026-06-04 09:00,2026-06-04 11:08,通讯故障,重启通讯模块,2.1
ST0094-P19,ST0094,2025-09-12 12:00,2025-09-12 12:30,接触不良,紧固接线端子,0.5
ST0094-P19,ST0094,2025-10-09 23:00,2025-10-10 03:38,接触不良,更换充电枪头,4.6
ST0094-P19,ST0094,2026-01-24 23:00,2026-01-25 09:41,硬件损坏,更换功率模块,10.7
ST0094-P20,ST0094,2025-08-07 23:00,2025-08-08 10:43,通讯故障,重启通讯模块,11.7
ST0094-P20,ST0094,2025-12-24 10:00,2025-12-24 18:49,通讯故障,更换4G/5G模块,8.8
ST0094-P20,ST0094,2025-12-26 07:00,2025-12-26 07:30,通讯故障,更换4G/5G模块,0.5
ST0094-P20,ST0094,2025-12-27 14:00,2025-12-27 16:18,过温保护,降低功率运行,2.3
ST0095-P01,ST0095,2025-09-23 02:00,2025-09-23 02:30,功率异常,固件升级,0.5
ST0095-P01,ST0095,2026-03-20 15:00,2026-03-20 15:30,过温保护,检查风扇,0.5
ST0095-P01,ST0095,2026-07-13 19:00,2026-07-14 01:15,通讯故障,检查天线连接,6.3
ST0095-P02,ST0095,2025-10-30 21:00,2025-10-30 21:35,通讯故障,更换4G/5G模块,0.6
ST0095-P02,ST0095,2026-01-22 01:00,2026-01-22 03:12,线缆问题,修补线缆外皮,2.2
ST0095-P03,ST0095,2026-03-03 02:00,2026-03-03 02:55,通讯故障,重启通讯模块,0.9
ST0095-P04,ST0095,2026-05-08 01:00,2026-05-08 02:11,过温保护,检查风扇,1.2
ST0095-P04,ST0095,2026-06-16 01:00,2026-06-16 06:22,硬件损坏,更换功率模块,5.4
ST0095-P04,ST0095,2026-06-28 10:00,2026-06-28 10:30,接触不良,清洁接头,0.5
ST0095-P04,ST0095,2026-07-06 02:00,2026-07-06 05:08,过温保护,降低功率运行,3.1
ST0095-P05,ST0095,2025-09-28 12:00,2025-09-28 18:04,接触不良,清洁接头,6.1
ST0095-P05,ST0095,2026-06-17 17:00,2026-06-17 18:48,接触不良,紧固接线端子,1.8
ST0095-P06,ST0095,2025-10-03 17:00,2025-10-03 19:26,接触不良,清洁接头,2.4
ST0095-P06,ST0095,2025-10-10 12:00,2025-10-10 14:16,过温保护,降低功率运行,2.3
ST0095-P06,ST0095,2025-11-10 21:00,2025-11-11 07:58,功率异常,更换传感器,11.0
ST0095-P06,ST0095,2026-03-01 07:00,2026-03-01 10:17,接触不良,清洁接头,3.3
ST0095-P06,ST0095,2026-04-22 23:00,2026-04-22 23:32,过温保护,检查风扇,0.5
ST0095-P06,ST0095,2026-05-27 04:00,2026-05-27 04:32,通讯故障,重启通讯模块,0.5
ST0095-P06,ST0095,2026-06-28 16:00,2026-06-28 18:47,接触不良,清洁接头,2.8
ST0095-P07,ST0095,2025-12-25 04:00,2025-12-25 15:29,接触不良,紧固接线端子,11.5
ST0095-P08,ST0095,2025-10-13 08:00,2025-10-13 08:30,过温保护,检查风扇,0.5
ST0095-P08,ST0095,2025-10-16 07:00,2025-10-16 07:35,接触不良,紧固接线端子,0.6
ST0095-P08,ST0095,2026-01-20 07:00,2026-01-20 07:31,接触不良,紧固接线端子,0.5
ST0095-P08,ST0095,2026-05-03 18:00,2026-05-03 19:41,接触不良,紧固接线端子,1.7
ST0095-P08,ST0095,2026-07-24 02:00,2026-07-25 03:26,通讯故障,重启通讯模块,25.4
ST0095-P09,ST0095,2025-12-11 03:00,2025-12-11 06:34,过温保护,检查风扇,3.6
ST0095-P09,ST0095,2026-04-03 17:00,2026-04-03 18:36,通讯故障,检查天线连接,1.6
ST0095-P09,ST0095,2026-06-10 06:00,2026-06-10 12:07,接触不良,更换充电枪头,6.1
ST0095-P09,ST0095,2026-07-04 17:00,2026-07-04 22:01,过温保护,清理散热片,5.0
ST0095-P10,ST0095,2025-08-16 12:00,2025-08-16 14:15,接触不良,清洁接头,2.3
ST0095-P10,ST0095,2025-09-20 08:00,2025-09-20 13:59,过温保护,降低功率运行,6.0
ST0095-P10,ST0095,2025-10-11 01:00,2025-10-11 02:56,硬件损坏,更换功率模块,1.9
ST0095-P10,ST0095,2025-10-23 22:00,2025-10-23 23:36,接触不良,清洁接头,1.6
ST0095-P10,ST0095,2026-02-05 02:00,2026-02-06 12:10,功率异常,校准功率表,34.2
ST0095-P10,ST0095,2026-02-18 09:00,2026-02-18 11:07,线缆问题,更换充电线缆,2.1
ST0095-P10,ST0095,2026-03-09 14:00,2026-03-09 17:41,硬件损坏,更换功率模块,3.7
ST0095-P11,ST0095,2025-12-06 15:00,2025-12-06 18:16,线缆问题,修补线缆外皮,3.3
ST0095-P11,ST0095,2026-01-09 11:00,2026-01-09 11:30,过温保护,清理散热片,0.5
ST0095-P12,ST0095,2025-10-24 08:00,2025-10-24 13:43,通讯故障,检查天线连接,5.7
ST0095-P12,ST0095,2026-02-27 08:00,2026-02-27 09:41,通讯故障,检查天线连接,1.7
ST0095-P12,ST0095,2026-03-14 16:00,2026-03-15 10:36,接触不良,清洁接头,18.6
ST0095-P12,ST0095,2026-05-29 13:00,2026-05-29 14:52,通讯故障,重启通讯模块,1.9
ST0095-P13,ST0095,2025-10-13 21:00,2025-10-13 21:46,接触不良,更换充电枪头,0.8
ST0095-P13,ST0095,2025-10-31 19:00,2025-10-31 20:09,线缆问题,更换充电线缆,1.2
ST0095-P13,ST0095,2026-03-02 22:00,2026-03-03 02:35,接触不良,清洁接头,4.6
ST0095-P13,ST0095,2026-03-03 10:00,2026-03-03 15:40,过温保护,检查风扇,5.7
ST0095-P13,ST0095,2026-03-04 04:00,2026-03-04 04:30,通讯故障,更换4G/5G模块,0.5
ST0095-P13,ST0095,2026-05-01 10:00,2026-05-01 14:12,接触不良,更换充电枪头,4.2
ST0095-P13,ST0095,2026-05-24 04:00,2026-05-24 06:02,接触不良,紧固接线端子,2.0
ST0095-P14,ST0095,2025-09-07 04:00,2025-09-07 05:11,通讯故障,检查天线连接,1.2
ST0095-P14,ST0095,2026-05-27 06:00,2026-05-27 06:49,通讯故障,更换4G/5G模块,0.8
ST0095-P14,ST0095,2026-07-17 08:00,2026-07-17 08:59,通讯故障,重启通讯模块,1.0
ST0095-P15,ST0095,2025-10-15 06:00,2025-10-15 22:38,过温保护,检查风扇,16.6
ST0095-P15,ST0095,2026-02-07 00:00,2026-02-07 00:45,接触不良,更换充电枪头,0.8
ST0095-P15,ST0095,2026-04-10 14:00,2026-04-10 16:31,通讯故障,检查天线连接,2.5
ST0095-P16,ST0095,2025-08-27 14:00,2025-08-27 22:31,通讯故障,重启通讯模块,8.5
ST0095-P16,ST0095,2025-11-13 07:00,2025-11-13 08:27,接触不良,紧固接线端子,1.5
ST0095-P16,ST0095,2025-12-28 22:00,2025-12-28 22:30,通讯故障,检查天线连接,0.5
ST0095-P16,ST0095,2026-01-24 15:00,2026-01-24 22:08,线缆问题,更换连接器,7.1
ST0095-P16,ST0095,2026-02-08 03:00,2026-02-08 08:56,硬件损坏,返厂维修,5.9
ST0095-P16,ST0095,2026-05-18 14:00,2026-05-18 14:30,通讯故障,重启通讯模块,0.5
ST0095-P17,ST0095,2025-10-13 07:00,2025-10-13 17:02,通讯故障,重启通讯模块,10.0
ST0095-P17,ST0095,2025-10-19 22:00,2025-10-20 04:35,接触不良,更换充电枪头,6.6
ST0095-P17,ST0095,2025-12-17 10:00,2025-12-17 12:33,硬件损坏,更换功率模块,2.6
ST0095-P17,ST0095,2026-03-16 20:00,2026-03-16 23:45,接触不良,紧固接线端子,3.8
ST0095-P17,ST0095,2026-05-18 22:00,2026-05-18 23:56,过温保护,降低功率运行,1.9
ST0095-P18,ST0095,2025-11-09 13:00,2025-11-09 17:06,过温保护,降低功率运行,4.1
ST0095-P18,ST0095,2025-11-21 21:00,2025-11-22 02:02,过温保护,清理散热片,5.0
ST0095-P18,ST0095,2026-03-16 00:00,2026-03-16 00:41,通讯故障,更换4G/5G模块,0.7
ST0095-P19,ST0095,2025-09-27 02:00,2025-09-27 10:10,通讯故障,重启通讯模块,8.2
ST0095-P19,ST0095,2025-10-17 00:00,2025-10-17 05:58,硬件损坏,更换功率模块,6.0
ST0095-P19,ST0095,2026-03-07 06:00,2026-03-07 08:44,硬件损坏,更换功率模块,2.7
ST0095-P20,ST0095,2025-11-13 06:00,2025-11-13 07:04,过温保护,清理散热片,1.1
ST0095-P20,ST0095,2026-02-15 08:00,2026-02-15 12:26,通讯故障,检查天线连接,4.4
ST0095-P20,ST0095,2026-04-15 08:00,2026-04-15 08:36,硬件损坏,更换功率模块,0.6
ST0096-P01,ST0096,2026-03-20 21:00,2026-03-20 21:39,过温保护,降低功率运行,0.7
ST0096-P02,ST0096,2026-04-18 05:00,2026-04-18 05:30,过温保护,降低功率运行,0.5
ST0096-P03,ST0096,2026-02-24 15:00,2026-02-24 18:50,过温保护,降低功率运行,3.8
ST0096-P04,ST0096,2025-08-05 10:00,2025-08-05 13:48,通讯故障,检查天线连接,3.8
ST0096-P04,ST0096,2025-12-25 13:00,2025-12-25 23:44,接触不良,紧固接线端子,10.7
ST0096-P04,ST0096,2026-07-13 08:00,2026-07-13 08:30,接触不良,紧固接线端子,0.5
ST0096-P05,ST0096,2026-05-15 11:00,2026-05-15 12:40,接触不良,清洁接头,1.7
ST0096-P06,ST0096,2025-08-27 03:00,2025-08-27 05:32,接触不良,更换充电枪头,2.5
ST0096-P06,ST0096,2025-10-14 08:00,2025-10-14 09:56,通讯故障,检查天线连接,1.9
ST0096-P07,ST0096,2025-09-17 18:00,2025-09-17 18:30,过温保护,清理散热片,0.5
ST0096-P08,ST0096,2025-08-01 02:00,2025-08-01 03:01,过温保护,清理散热片,1.0
ST0096-P08,ST0096,2025-09-26 15:00,2025-09-26 17:26,线缆问题,修补线缆外皮,2.4
ST0096-P08,ST0096,2026-01-17 09:00,2026-01-17 13:04,硬件损坏,更换控制板,4.1
ST0096-P09,ST0096,2025-08-19 09:00,2025-08-19 09:30,通讯故障,更换4G/5G模块,0.5
ST0096-P09,ST0096,2025-08-31 17:00,2025-08-31 21:25,通讯故障,重启通讯模块,4.4
ST0096-P09,ST0096,2025-11-19 16:00,2025-11-19 16:30,过温保护,降低功率运行,0.5
ST0096-P09,ST0096,2026-04-18 18:00,2026-04-18 20:30,通讯故障,检查天线连接,2.5
ST0096-P10,ST0096,2025-11-06 16:00,2025-11-06 21:48,接触不良,紧固接线端子,5.8
ST0096-P10,ST0096,2026-01-26 12:00,2026-01-26 14:10,通讯故障,更换4G/5G模块,2.2
ST0096-P10,ST0096,2026-04-18 10:00,2026-04-18 13:29,接触不良,更换充电枪头,3.5
ST0096-P10,ST0096,2026-07-18 06:00,2026-07-18 06:38,接触不良,清洁接头,0.6
ST0096-P11,ST0096,2026-01-06 14:00,2026-01-06 21:01,接触不良,清洁接头,7.0
ST0096-P11,ST0096,2026-06-27 06:00,2026-06-27 06:58,通讯故障,更换4G/5G模块,1.0
ST0096-P12,ST0096,2026-02-12 09:00,2026-02-12 11:52,接触不良,清洁接头,2.9
ST0096-P12,ST0096,2026-02-23 16:00,2026-02-23 16:30,接触不良,清洁接头,0.5
ST0096-P12,ST0096,2026-06-24 00:00,2026-06-24 03:22,过温保护,清理散热片,3.4
ST0096-P13,ST0096,2025-12-13 01:00,2025-12-13 03:31,接触不良,更换充电枪头,2.5
ST0096-P13,ST0096,2026-03-25 21:00,2026-03-25 22:40,过温保护,清理散热片,1.7
ST0096-P13,ST0096,2026-06-08 01:00,2026-06-08 08:48,硬件损坏,更换功率模块,7.8
ST0096-P14,ST0096,2026-03-12 02:00,2026-03-12 02:30,通讯故障,重启通讯模块,0.5
ST0096-P14,ST0096,2026-04-05 22:00,2026-04-05 22:30,通讯故障,重启通讯模块,0.5
ST0096-P14,ST0096,2026-06-27 22:00,2026-06-28 03:53,过温保护,清理散热片,5.9
ST0096-P15,ST0096,2025-09-27 02:00,2025-09-27 04:10,过温保护,降低功率运行,2.2
ST0096-P15,ST0096,2026-03-13 11:00,2026-03-14 17:05,过温保护,降低功率运行,30.1
ST0096-P15,ST0096,2026-05-20 15:00,2026-05-20 19:48,功率异常,更换传感器,4.8
ST0096-P15,ST0096,2026-07-06 06:00,2026-07-06 11:44,线缆问题,更换充电线缆,5.7
ST0096-P15,ST0096,2026-07-31 16:00,2026-07-31 20:57,通讯故障,重启通讯模块,5.0
ST0096-P16,ST0096,2025-11-06 08:00,2025-11-06 12:33,过温保护,检查风扇,4.6
ST0096-P16,ST0096,2026-01-15 14:00,2026-01-15 15:11,接触不良,紧固接线端子,1.2
ST0096-P16,ST0096,2026-05-02 06:00,2026-05-02 08:48,过温保护,检查风扇,2.8
ST0096-P16,ST0096,2026-05-29 11:00,2026-05-29 14:40,接触不良,清洁接头,3.7
ST0096-P16,ST0096,2026-06-26 17:00,2026-06-26 18:08,接触不良,更换充电枪头,1.1
ST0096-P17,ST0096,2025-12-05 18:00,2025-12-05 19:25,接触不良,紧固接线端子,1.4
ST0096-P17,ST0096,2025-12-23 05:00,2025-12-23 05:30,过温保护,检查风扇,0.5
ST0096-P17,ST0096,2026-02-21 21:00,2026-02-21 21:52,接触不良,更换充电枪头,0.9
ST0096-P17,ST0096,2026-05-31 16:00,2026-05-31 16:41,过温保护,清理散热片,0.7
ST0096-P18,ST0096,2025-09-04 21:00,2025-09-04 22:27,功率异常,更换传感器,1.5
ST0096-P18,ST0096,2026-01-19 17:00,2026-01-19 22:32,接触不良,更换充电枪头,5.5
ST0096-P18,ST0096,2026-05-04 08:00,2026-05-04 20:06,通讯故障,更换4G/5G模块,12.1
ST0096-P19,ST0096,2025-10-20 14:00,2025-10-20 19:57,硬件损坏,更换功率模块,6.0
ST0096-P19,ST0096,2025-11-12 00:00,2025-11-12 00:30,过温保护,清理散热片,0.5
ST0096-P19,ST0096,2026-04-03 12:00,2026-04-03 14:53,接触不良,清洁接头,2.9
ST0096-P19,ST0096,2026-04-21 10:00,2026-04-21 10:46,过温保护,清理散热片,0.8
ST0096-P20,ST0096,2026-06-28 07:00,2026-06-28 11:28,过温保护,检查风扇,4.5
ST0097-P01,ST0097,2026-01-11 04:00,2026-01-11 04:30,通讯故障,检查天线连接,0.5
ST0097-P01,ST0097,2026-02-06 09:00,2026-02-06 10:20,硬件损坏,更换控制板,1.3
ST0097-P01,ST0097,2026-07-30 01:00,2026-07-30 16:28,接触不良,更换充电枪头,15.5
ST0097-P02,ST0097,2025-08-04 17:00,2025-08-05 02:45,接触不良,紧固接线端子,9.8
ST0097-P02,ST0097,2026-05-06 14:00,2026-05-06 20:49,接触不良,更换充电枪头,6.8
ST0097-P03,ST0097,2025-09-29 03:00,2025-09-29 09:20,接触不良,紧固接线端子,6.3
ST0097-P03,ST0097,2025-10-25 15:00,2025-10-25 17:40,接触不良,清洁接头,2.7
ST0097-P03,ST0097,2026-03-22 07:00,2026-03-22 07:51,功率异常,固件升级,0.9
ST0097-P03,ST0097,2026-03-29 14:00,2026-03-29 16:03,通讯故障,检查天线连接,2.1
ST0097-P04,ST0097,2026-07-01 16:00,2026-07-01 19:04,接触不良,清洁接头,3.1
ST0097-P04,ST0097,2026-07-21 23:00,2026-07-22 08:33,接触不良,清洁接头,9.6
ST0097-P05,ST0097,2025-09-01 00:00,2025-09-01 03:06,接触不良,清洁接头,3.1
ST0097-P05,ST0097,2025-09-12 04:00,2025-09-12 11:53,通讯故障,重启通讯模块,7.9
ST0097-P06,ST0097,2025-10-12 22:00,2025-10-13 00:05,接触不良,清洁接头,2.1
ST0097-P07,ST0097,2025-09-18 19:00,2025-09-19 02:05,接触不良,紧固接线端子,7.1
ST0097-P07,ST0097,2026-07-04 15:00,2026-07-04 15:38,接触不良,紧固接线端子,0.6
ST0097-P07,ST0097,2026-07-06 14:00,2026-07-06 15:42,接触不良,清洁接头,1.7
ST0097-P07,ST0097,2026-07-14 01:00,2026-07-14 01:30,接触不良,清洁接头,0.5
ST0097-P08,ST0097,2026-02-09 11:00,2026-02-09 13:26,功率异常,固件升级,2.4
ST0097-P08,ST0097,2026-02-21 12:00,2026-02-21 15:26,通讯故障,更换4G/5G模块,3.4
ST0097-P08,ST0097,2026-02-25 09:00,2026-02-25 11:18,过温保护,清理散热片,2.3
ST0097-P08,ST0097,2026-06-07 19:00,2026-06-07 19:30,过温保护,降低功率运行,0.5
ST0097-P08,ST0097,2026-06-09 13:00,2026-06-09 14:53,功率异常,更换传感器,1.9
ST0097-P09,ST0097,2025-08-09 19:00,2025-08-10 01:36,通讯故障,检查天线连接,6.6
ST0097-P09,ST0097,2025-12-23 04:00,2025-12-23 10:25,接触不良,紧固接线端子,6.4
ST0097-P09,ST0097,2026-02-03 06:00,2026-02-03 06:30,接触不良,清洁接头,0.5
ST0097-P09,ST0097,2026-02-04 04:00,2026-02-04 05:12,过温保护,清理散热片,1.2
ST0097-P09,ST0097,2026-02-11 21:00,2026-02-11 22:16,接触不良,紧固接线端子,1.3
ST0097-P10,ST0097,2025-08-07 14:00,2025-08-07 18:06,线缆问题,更换充电线缆,4.1
ST0097-P10,ST0097,2025-12-03 19:00,2025-12-04 01:26,通讯故障,检查天线连接,6.4
ST0097-P10,ST0097,2026-01-19 15:00,2026-01-19 17:30,通讯故障,检查天线连接,2.5
ST0097-P10,ST0097,2026-02-02 22:00,2026-02-03 02:25,接触不良,清洁接头,4.4
ST0097-P10,ST0097,2026-03-04 01:00,2026-03-04 04:24,过温保护,清理散热片,3.4
ST0097-P10,ST0097,2026-04-02 21:00,2026-04-03 04:08,硬件损坏,更换功率模块,7.1
ST0097-P11,ST0097,2025-08-20 23:00,2025-08-21 00:03,过温保护,降低功率运行,1.1
ST0097-P11,ST0097,2025-09-19 01:00,2025-09-19 01:30,接触不良,更换充电枪头,0.5
ST0097-P11,ST0097,2026-02-20 22:00,2026-02-20 22:30,功率异常,校准功率表,0.5
ST0097-P12,ST0097,2025-11-15 21:00,2025-11-16 01:12,过温保护,检查风扇,4.2
ST0097-P12,ST0097,2025-11-21 10:00,2025-11-21 21:00,过温保护,检查风扇,11.0
ST0097-P12,ST0097,2026-03-22 17:00,2026-03-23 06:16,接触不良,更换充电枪头,13.3
ST0097-P12,ST0097,2026-03-28 10:00,2026-03-28 11:45,接触不良,紧固接线端子,1.8
ST0097-P12,ST0097,2026-04-17 16:00,2026-04-17 23:32,过温保护,降低功率运行,7.5
ST0097-P13,ST0097,2025-10-14 16:00,2025-10-14 19:55,硬件损坏,更换功率模块,3.9
ST0097-P13,ST0097,2025-11-15 02:00,2025-11-15 08:09,接触不良,清洁接头,6.2
ST0097-P13,ST0097,2025-12-01 04:00,2025-12-01 05:34,接触不良,更换充电枪头,1.6
ST0097-P13,ST0097,2026-02-13 07:00,2026-02-13 14:09,接触不良,紧固接线端子,7.2
ST0097-P13,ST0097,2026-02-15 09:00,2026-02-15 13:42,接触不良,紧固接线端子,4.7
ST0097-P13,ST0097,2026-02-25 13:00,2026-02-25 13:59,过温保护,检查风扇,1.0
ST0097-P13,ST0097,2026-04-16 13:00,2026-04-16 17:47,过温保护,降低功率运行,4.8
ST0097-P13,ST0097,2026-07-21 04:00,2026-07-21 13:13,过温保护,降低功率运行,9.2
ST0097-P14,ST0097,2025-08-02 01:00,2025-08-02 04:42,接触不良,更换充电枪头,3.7
ST0097-P14,ST0097,2025-10-25 23:00,2025-10-26 03:14,接触不良,清洁接头,4.2
ST0097-P14,ST0097,2026-07-09 04:00,2026-07-09 04:30,过温保护,检查风扇,0.5
ST0097-P14,ST0097,2026-07-19 23:00,2026-07-20 09:42,硬件损坏,返厂维修,10.7
ST0097-P15,ST0097,2025-09-14 18:00,2025-09-15 01:17,过温保护,清理散热片,7.3
ST0097-P15,ST0097,2026-01-03 21:00,2026-01-03 21:30,通讯故障,检查天线连接,0.5
ST0097-P15,ST0097,2026-02-10 00:00,2026-02-10 00:45,接触不良,清洁接头,0.8
ST0097-P15,ST0097,2026-05-14 10:00,2026-05-14 10:30,接触不良,清洁接头,0.5
ST0097-P16,ST0097,2025-08-30 20:00,2025-08-31 04:55,接触不良,紧固接线端子,8.9
ST0097-P16,ST0097,2025-11-10 07:00,2025-11-10 08:01,接触不良,清洁接头,1.0
ST0097-P16,ST0097,2025-11-11 00:00,2025-11-11 00:44,通讯故障,重启通讯模块,0.7
ST0097-P16,ST0097,2026-02-12 19:00,2026-02-12 23:08,过温保护,降低功率运行,4.1
ST0097-P16,ST0097,2026-03-04 20:00,2026-03-04 23:13,硬件损坏,更换功率模块,3.2
ST0097-P17,ST0097,2025-08-20 18:00,2025-08-21 05:04,功率异常,校准功率表,11.1
ST0097-P17,ST0097,2026-04-27 19:00,2026-04-27 22:31,接触不良,紧固接线端子,3.5
ST0097-P18,ST0097,2025-08-02 09:00,2025-08-02 10:14,接触不良,紧固接线端子,1.2
ST0097-P18,ST0097,2025-08-23 05:00,2025-08-23 07:32,过温保护,降低功率运行,2.5
ST0097-P18,ST0097,2026-06-26 07:00,2026-06-26 07:30,过温保护,检查风扇,0.5
ST0097-P19,ST0097,2025-11-26 01:00,2025-11-26 03:00,接触不良,清洁接头,2.0
ST0097-P19,ST0097,2026-06-04 05:00,2026-06-04 10:05,通讯故障,检查天线连接,5.1
ST0097-P19,ST0097,2026-07-16 01:00,2026-07-16 08:10,接触不良,紧固接线端子,7.2
ST0097-P20,ST0097,2025-09-15 07:00,2025-09-15 09:40,通讯故障,更换4G/5G模块,2.7
ST0097-P20,ST0097,2026-02-18 05:00,2026-02-18 09:08,通讯故障,检查天线连接,4.1
ST0097-P20,ST0097,2026-06-26 00:00,2026-06-26 10:00,过温保护,降低功率运行,10.0
ST0098-P01,ST0098,2025-09-04 11:00,2025-09-04 19:43,通讯故障,检查天线连接,8.7
ST0098-P01,ST0098,2025-09-07 02:00,2025-09-07 09:24,过温保护,清理散热片,7.4
ST0098-P01,ST0098,2025-12-10 14:00,2025-12-10 14:35,线缆问题,更换充电线缆,0.6
ST0098-P01,ST0098,2026-01-03 14:00,2026-01-03 14:30,接触不良,紧固接线端子,0.5
ST0098-P01,ST0098,2026-01-25 22:00,2026-01-25 22:30,通讯故障,重启通讯模块,0.5
ST0098-P02,ST0098,2026-07-15 17:00,2026-07-16 00:54,线缆问题,更换充电线缆,7.9
ST0098-P03,ST0098,2025-12-04 00:00,2025-12-04 02:03,通讯故障,检查天线连接,2.1
ST0098-P04,ST0098,2025-12-27 04:00,2025-12-27 08:16,过温保护,清理散热片,4.3
ST0098-P04,ST0098,2026-01-05 04:00,2026-01-05 09:05,通讯故障,检查天线连接,5.1
ST0098-P04,ST0098,2026-03-05 19:00,2026-03-06 02:05,通讯故障,重启通讯模块,7.1
ST0098-P04,ST0098,2026-05-13 18:00,2026-05-14 01:22,功率异常,校准功率表,7.4
ST0098-P05,ST0098,2025-09-23 12:00,2025-09-23 23:22,过温保护,检查风扇,11.4
ST0098-P05,ST0098,2026-03-07 15:00,2026-03-07 19:15,硬件损坏,返厂维修,4.3
ST0098-P05,ST0098,2026-06-28 00:00,2026-06-28 07:24,过温保护,降低功率运行,7.4
ST0098-P06,ST0098,2026-04-03 12:00,2026-04-03 21:07,硬件损坏,更换功率模块,9.1
ST0098-P06,ST0098,2026-07-03 16:00,2026-07-03 16:38,过温保护,降低功率运行,0.6
ST0098-P07,ST0098,2025-08-13 02:00,2025-08-13 05:00,接触不良,紧固接线端子,3.0
ST0098-P07,ST0098,2025-10-22 14:00,2025-10-22 17:54,过温保护,检查风扇,3.9
ST0098-P07,ST0098,2025-10-28 18:00,2025-10-28 18:39,过温保护,清理散热片,0.7
ST0098-P07,ST0098,2026-07-02 12:00,2026-07-02 16:36,功率异常,固件升级,4.6
ST0098-P07,ST0098,2026-07-07 21:00,2026-07-08 03:28,硬件损坏,更换控制板,6.5
ST0098-P08,ST0098,2025-09-13 12:00,2025-09-13 17:30,硬件损坏,更换控制板,5.5
ST0098-P08,ST0098,2026-03-18 20:00,2026-03-18 21:29,过温保护,检查风扇,1.5
ST0098-P08,ST0098,2026-04-21 00:00,2026-04-21 01:20,接触不良,紧固接线端子,1.3
ST0098-P08,ST0098,2026-07-25 22:00,2026-07-25 23:31,过温保护,清理散热片,1.5
ST0098-P09,ST0098,2025-12-02 10:00,2025-12-02 11:45,通讯故障,检查天线连接,1.8
ST0098-P09,ST0098,2025-12-28 18:00,2025-12-28 20:38,过温保护,降低功率运行,2.6
ST0098-P09,ST0098,2026-01-13 10:00,2026-01-13 14:38,通讯故障,检查天线连接,4.6
ST0098-P09,ST0098,2026-05-02 03:00,2026-05-02 04:33,通讯故障,重启通讯模块,1.6
ST0098-P09,ST0098,2026-06-08 00:00,2026-06-08 02:02,接触不良,清洁接头,2.0
ST0098-P10,ST0098,2025-08-13 10:00,2025-08-14 01:28,线缆问题,更换充电线缆,15.5
ST0098-P10,ST0098,2025-09-07 22:00,2025-09-08 01:37,硬件损坏,更换控制板,3.6
ST0098-P10,ST0098,2026-02-06 23:00,2026-02-07 02:49,过温保护,降低功率运行,3.8
ST0098-P10,ST0098,2026-02-11 09:00,2026-02-11 16:59,过温保护,清理散热片,8.0
ST0098-P10,ST0098,2026-05-09 06:00,2026-05-09 07:20,过温保护,降低功率运行,1.3
ST0098-P11,ST0098,2026-02-15 10:00,2026-02-15 16:23,接触不良,清洁接头,6.4
ST0098-P11,ST0098,2026-05-10 18:00,2026-05-10 18:30,过温保护,清理散热片,0.5
ST0098-P12,ST0098,2025-10-11 18:00,2025-10-12 01:55,过温保护,检查风扇,7.9
ST0098-P13,ST0098,2026-04-27 13:00,2026-04-27 14:29,接触不良,更换充电枪头,1.5
ST0098-P13,ST0098,2026-04-30 14:00,2026-04-30 15:40,硬件损坏,更换功率模块,1.7
ST0098-P13,ST0098,2026-06-28 03:00,2026-06-28 05:31,过温保护,检查风扇,2.5
ST0098-P14,ST0098,2025-08-03 22:00,2025-08-04 15:54,接触不良,紧固接线端子,17.9
ST0098-P14,ST0098,2025-11-03 08:00,2025-11-03 10:46,通讯故障,更换4G/5G模块,2.8
ST0098-P14,ST0098,2026-06-01 22:00,2026-06-01 22:51,通讯故障,检查天线连接,0.9
ST0098-P15,ST0098,2026-05-15 15:00,2026-05-15 19:33,接触不良,清洁接头,4.6
ST0098-P15,ST0098,2026-06-24 14:00,2026-06-24 17:10,功率异常,校准功率表,3.2
ST0098-P16,ST0098,2025-10-03 03:00,2025-10-03 07:04,通讯故障,检查天线连接,4.1
ST0098-P16,ST0098,2025-10-16 10:00,2025-10-16 19:08,通讯故障,检查天线连接,9.1
ST0098-P16,ST0098,2026-05-29 06:00,2026-05-29 13:02,通讯故障,重启通讯模块,7.0
ST0098-P17,ST0098,2025-08-12 12:00,2025-08-12 12:30,过温保护,降低功率运行,0.5
ST0098-P17,ST0098,2025-12-19 05:00,2025-12-19 08:48,通讯故障,检查天线连接,3.8
ST0098-P17,ST0098,2026-06-17 01:00,2026-06-17 06:59,接触不良,清洁接头,6.0
ST0098-P18,ST0098,2025-09-30 20:00,2025-09-30 23:43,线缆问题,更换连接器,3.7
ST0098-P18,ST0098,2025-10-22 07:00,2025-10-22 19:16,通讯故障,重启通讯模块,12.3
ST0098-P18,ST0098,2026-02-25 19:00,2026-02-25 19:48,接触不良,更换充电枪头,0.8
ST0098-P19,ST0098,2025-10-09 08:00,2025-10-09 09:40,接触不良,更换充电枪头,1.7
ST0098-P19,ST0098,2026-02-03 07:00,2026-02-03 10:13,过温保护,检查风扇,3.2
ST0098-P19,ST0098,2026-02-14 20:00,2026-02-15 00:38,接触不良,紧固接线端子,4.6
ST0098-P19,ST0098,2026-03-05 04:00,2026-03-05 06:45,接触不良,清洁接头,2.8
ST0098-P19,ST0098,2026-06-22 09:00,2026-06-22 11:05,接触不良,更换充电枪头,2.1
ST0098-P19,ST0098,2026-07-26 18:00,2026-07-26 18:50,通讯故障,更换4G/5G模块,0.8
ST0098-P20,ST0098,2025-12-20 09:00,2025-12-20 16:45,接触不良,清洁接头,7.8
ST0098-P20,ST0098,2026-07-06 19:00,2026-07-07 07:56,硬件损坏,更换控制板,12.9
ST0098-P20,ST0098,2026-07-20 02:00,2026-07-20 02:30,通讯故障,检查天线连接,0.5
ST0099-P01,ST0099,2025-09-03 08:00,2025-09-03 16:58,接触不良,清洁接头,9.0
ST0099-P01,ST0099,2025-11-15 11:00,2025-11-15 11:49,功率异常,固件升级,0.8
ST0099-P01,ST0099,2025-11-21 08:00,2025-11-21 14:01,功率异常,更换传感器,6.0
ST0099-P01,ST0099,2026-01-03 08:00,2026-01-03 09:22,通讯故障,更换4G/5G模块,1.4
ST0099-P01,ST0099,2026-01-29 16:00,2026-01-29 16:30,过温保护,清理散热片,0.5
ST0099-P01,ST0099,2026-05-02 21:00,2026-05-02 23:30,过温保护,检查风扇,2.5
ST0099-P01,ST0099,2026-07-02 13:00,2026-07-02 18:09,通讯故障,检查天线连接,5.2
ST0099-P02,ST0099,2025-12-16 16:00,2025-12-16 18:29,通讯故障,重启通讯模块,2.5
ST0099-P03,ST0099,2026-05-15 23:00,2026-05-16 17:18,通讯故障,重启通讯模块,18.3
ST0099-P04,ST0099,2026-03-02 15:00,2026-03-02 19:56,功率异常,校准功率表,4.9
ST0099-P04,ST0099,2026-03-08 20:00,2026-03-09 02:23,通讯故障,重启通讯模块,6.4
ST0099-P04,ST0099,2026-03-11 12:00,2026-03-11 14:59,通讯故障,更换4G/5G模块,3.0
ST0099-P05,ST0099,2025-08-16 21:00,2025-08-17 06:41,过温保护,检查风扇,9.7
ST0099-P05,ST0099,2026-03-31 11:00,2026-03-31 11:30,接触不良,紧固接线端子,0.5
ST0099-P06,ST0099,2025-10-21 20:00,2025-10-21 23:37,过温保护,检查风扇,3.6
ST0099-P06,ST0099,2026-01-01 07:00,2026-01-01 07:30,接触不良,紧固接线端子,0.5
ST0099-P06,ST0099,2026-06-09 17:00,2026-06-09 19:08,功率异常,校准功率表,2.1
ST0099-P06,ST0099,2026-07-03 20:00,2026-07-03 21:25,功率异常,更换传感器,1.4
ST0099-P07,ST0099,2025-10-24 23:00,2025-10-24 23:30,过温保护,清理散热片,0.5
ST0099-P07,ST0099,2025-12-16 12:00,2025-12-16 12:30,过温保护,检查风扇,0.5
ST0099-P07,ST0099,2026-01-04 10:00,2026-01-04 16:36,过温保护,清理散热片,6.6
ST0099-P07,ST0099,2026-02-01 23:00,2026-02-02 01:42,过温保护,清理散热片,2.7
ST0099-P07,ST0099,2026-06-02 05:00,2026-06-02 06:27,接触不良,紧固接线端子,1.5
ST0099-P08,ST0099,2026-01-09 08:00,2026-01-09 09:14,接触不良,紧固接线端子,1.2
ST0099-P08,ST0099,2026-01-24 21:00,2026-01-24 22:03,线缆问题,更换连接器,1.1
ST0099-P08,ST0099,2026-03-04 04:00,2026-03-04 04:40,接触不良,清洁接头,0.7
ST0099-P08,ST0099,2026-03-28 14:00,2026-03-28 20:23,接触不良,更换充电枪头,6.4
ST0099-P08,ST0099,2026-04-08 04:00,2026-04-08 04:57,接触不良,紧固接线端子,1.0
ST0099-P08,ST0099,2026-05-15 00:00,2026-05-15 01:33,接触不良,更换充电枪头,1.6
ST0099-P08,ST0099,2026-07-18 00:00,2026-07-18 02:53,通讯故障,重启通讯模块,2.9
ST0099-P09,ST0099,2025-11-03 17:00,2025-11-03 21:19,过温保护,清理散热片,4.3
ST0099-P09,ST0099,2025-11-25 02:00,2025-11-25 07:33,通讯故障,重启通讯模块,5.6
ST0099-P09,ST0099,2026-01-07 06:00,2026-01-07 12:19,通讯故障,更换4G/5G模块,6.3
ST0099-P09,ST0099,2026-01-23 00:00,2026-01-23 02:29,过温保护,降低功率运行,2.5
ST0099-P09,ST0099,2026-06-22 00:00,2026-06-22 03:25,过温保护,检查风扇,3.4
ST0099-P10,ST0099,2025-09-21 03:00,2025-09-21 03:30,通讯故障,重启通讯模块,0.5
ST0099-P10,ST0099,2025-11-05 02:00,2025-11-05 04:01,通讯故障,检查天线连接,2.0
ST0099-P10,ST0099,2026-04-09 19:00,2026-04-09 19:55,过温保护,检查风扇,0.9
ST0099-P10,ST0099,2026-07-17 07:00,2026-07-17 08:21,功率异常,校准功率表,1.4
ST0099-P11,ST0099,2026-01-28 18:00,2026-01-28 21:46,接触不良,更换充电枪头,3.8
ST0099-P12,ST0099,2025-10-16 17:00,2025-10-17 00:24,硬件损坏,更换控制板,7.4
ST0099-P12,ST0099,2025-11-03 14:00,2025-11-03 14:33,接触不良,清洁接头,0.6
ST0099-P12,ST0099,2026-07-12 12:00,2026-07-12 17:29,过温保护,清理散热片,5.5
ST0099-P13,ST0099,2025-08-21 19:00,2025-08-21 22:13,过温保护,降低功率运行,3.2
ST0099-P13,ST0099,2025-12-11 20:00,2025-12-12 00:34,过温保护,检查风扇,4.6
ST0099-P13,ST0099,2025-12-28 10:00,2025-12-28 14:37,通讯故障,重启通讯模块,4.6
ST0099-P13,ST0099,2026-04-28 06:00,2026-04-28 06:56,硬件损坏,返厂维修,0.9
ST0099-P13,ST0099,2026-07-13 11:00,2026-07-13 17:07,接触不良,清洁接头,6.1
ST0099-P14,ST0099,2025-08-17 13:00,2025-08-17 15:17,过温保护,清理散热片,2.3
ST0099-P14,ST0099,2026-01-03 11:00,2026-01-03 14:09,接触不良,清洁接头,3.2
ST0099-P14,ST0099,2026-01-08 21:00,2026-01-09 01:51,接触不良,更换充电枪头,4.9
ST0099-P14,ST0099,2026-03-31 05:00,2026-03-31 07:14,功率异常,固件升级,2.2
ST0099-P14,ST0099,2026-07-19 14:00,2026-07-21 03:58,接触不良,紧固接线端子,38.0
ST0099-P15,ST0099,2025-08-15 16:00,2025-08-15 18:05,过温保护,检查风扇,2.1
ST0099-P15,ST0099,2025-09-21 05:00,2025-09-21 09:31,过温保护,检查风扇,4.5
ST0099-P15,ST0099,2025-10-21 00:00,2025-10-21 00:30,接触不良,紧固接线端子,0.5
ST0099-P15,ST0099,2025-10-25 13:00,2025-10-26 04:11,接触不良,清洁接头,15.2
ST0099-P15,ST0099,2026-01-10 15:00,2026-01-10 17:14,硬件损坏,更换控制板,2.2
ST0099-P15,ST0099,2026-03-05 23:00,2026-03-06 01:29,过温保护,降低功率运行,2.5
ST0099-P15,ST0099,2026-04-27 03:00,2026-04-27 03:30,线缆问题,更换连接器,0.5
ST0099-P15,ST0099,2026-07-02 14:00,2026-07-02 17:19,接触不良,清洁接头,3.3
ST0099-P16,ST0099,2025-11-29 19:00,2025-11-30 06:12,通讯故障,检查天线连接,11.2
ST0099-P16,ST0099,2026-01-16 23:00,2026-01-16 23:37,硬件损坏,返厂维修,0.6
ST0099-P16,ST0099,2026-01-19 01:00,2026-01-19 01:52,接触不良,紧固接线端子,0.9
ST0099-P16,ST0099,2026-01-20 02:00,2026-01-20 08:37,接触不良,清洁接头,6.6
ST0099-P16,ST0099,2026-04-10 01:00,2026-04-10 07:52,过温保护,检查风扇,6.9
ST0099-P16,ST0099,2026-05-30 17:00,2026-05-30 17:30,接触不良,更换充电枪头,0.5
ST0099-P17,ST0099,2025-09-21 05:00,2025-09-21 21:20,接触不良,更换充电枪头,16.3
ST0099-P17,ST0099,2025-12-22 07:00,2025-12-22 08:07,通讯故障,检查天线连接,1.1
ST0099-P17,ST0099,2026-03-14 07:00,2026-03-14 09:00,功率异常,固件升级,2.0
ST0099-P17,ST0099,2026-05-12 16:00,2026-05-12 17:53,通讯故障,重启通讯模块,1.9
ST0099-P18,ST0099,2025-09-16 21:00,2025-09-16 22:54,接触不良,清洁接头,1.9
ST0099-P18,ST0099,2026-06-29 04:00,2026-06-29 08:44,接触不良,更换充电枪头,4.7
ST0099-P19,ST0099,2025-12-03 12:00,2025-12-03 15:51,接触不良,清洁接头,3.9
ST0099-P19,ST0099,2026-02-04 01:00,2026-02-04 01:30,通讯故障,检查天线连接,0.5
ST0099-P20,ST0099,2025-08-13 23:00,2025-08-13 23:30,接触不良,清洁接头,0.5
ST0099-P20,ST0099,2026-01-17 09:00,2026-01-17 15:51,接触不良,紧固接线端子,6.9
ST0099-P20,ST0099,2026-02-06 14:00,2026-02-06 17:32,接触不良,清洁接头,3.5
ST0099-P20,ST0099,2026-03-27 05:00,2026-03-27 14:51,接触不良,紧固接线端子,9.9
ST0099-P20,ST0099,2026-06-09 02:00,2026-06-09 03:32,通讯故障,重启通讯模块,1.5
ST0099-P20,ST0099,2026-06-18 08:00,2026-06-18 08:30,过温保护,清理散热片,0.5
ST0100-P01,ST0100,2025-09-13 01:00,2025-09-13 01:46,过温保护,降低功率运行,0.8
ST0100-P01,ST0100,2025-09-30 21:00,2025-09-30 21:30,接触不良,紧固接线端子,0.5
ST0100-P01,ST0100,2026-05-27 15:00,2026-05-27 18:01,通讯故障,更换4G/5G模块,3.0
ST0100-P01,ST0100,2026-06-11 11:00,2026-06-11 20:21,硬件损坏,更换功率模块,9.4
ST0100-P01,ST0100,2026-07-01 05:00,2026-07-01 09:35,通讯故障,检查天线连接,4.6
ST0100-P02,ST0100,2025-10-12 21:00,2025-10-12 21:56,功率异常,固件升级,0.9
ST0100-P02,ST0100,2026-02-16 10:00,2026-02-16 10:30,接触不良,更换充电枪头,0.5
ST0100-P02,ST0100,2026-03-20 06:00,2026-03-20 08:06,接触不良,更换充电枪头,2.1
ST0100-P02,ST0100,2026-03-28 19:00,2026-03-28 20:25,接触不良,更换充电枪头,1.4
ST0100-P02,ST0100,2026-04-18 03:00,2026-04-18 03:30,过温保护,检查风扇,0.5
ST0100-P03,ST0100,2026-04-15 15:00,2026-04-15 18:33,接触不良,更换充电枪头,3.6
ST0100-P03,ST0100,2026-06-13 04:00,2026-06-13 07:11,接触不良,更换充电枪头,3.2
ST0100-P04,ST0100,2026-01-12 14:00,2026-01-12 14:30,过温保护,清理散热片,0.5
ST0100-P04,ST0100,2026-02-20 18:00,2026-02-21 01:43,接触不良,更换充电枪头,7.7
ST0100-P05,ST0100,2026-03-11 15:00,2026-03-11 20:40,通讯故障,重启通讯模块,5.7
ST0100-P06,ST0100,2025-08-01 14:00,2025-08-01 14:30,过温保护,降低功率运行,0.5
ST0100-P06,ST0100,2025-12-28 11:00,2025-12-28 21:12,过温保护,降低功率运行,10.2
ST0100-P06,ST0100,2026-07-16 14:00,2026-07-16 19:50,通讯故障,更换4G/5G模块,5.8
ST0100-P07,ST0100,2025-09-11 11:00,2025-09-11 16:08,通讯故障,重启通讯模块,5.1
ST0100-P08,ST0100,2025-08-18 06:00,2025-08-18 11:33,硬件损坏,返厂维修,5.6
ST0100-P08,ST0100,2025-10-07 20:00,2025-10-07 22:49,接触不良,清洁接头,2.8
ST0100-P08,ST0100,2026-01-06 20:00,2026-01-06 21:39,接触不良,清洁接头,1.7
ST0100-P08,ST0100,2026-04-11 17:00,2026-04-11 18:11,接触不良,紧固接线端子,1.2
ST0100-P08,ST0100,2026-04-24 07:00,2026-04-24 08:48,接触不良,紧固接线端子,1.8
ST0100-P09,ST0100,2025-08-05 19:00,2025-08-05 19:30,接触不良,紧固接线端子,0.5
ST0100-P09,ST0100,2025-11-14 08:00,2025-11-14 08:30,接触不良,清洁接头,0.5
ST0100-P09,ST0100,2026-06-17 02:00,2026-06-17 08:59,接触不良,紧固接线端子,7.0
ST0100-P09,ST0100,2026-06-29 01:00,2026-06-29 05:05,硬件损坏,更换控制板,4.1
ST0100-P09,ST0100,2026-07-14 11:00,2026-07-14 13:26,通讯故障,更换4G/5G模块,2.4
ST0100-P09,ST0100,2026-07-17 22:00,2026-07-17 22:30,过温保护,检查风扇,0.5
ST0100-P10,ST0100,2025-09-08 07:00,2025-09-08 07:30,通讯故障,检查天线连接,0.5
ST0100-P10,ST0100,2025-10-28 02:00,2025-10-28 02:30,通讯故障,重启通讯模块,0.5
ST0100-P10,ST0100,2025-12-04 08:00,2025-12-04 11:12,接触不良,清洁接头,3.2
ST0100-P10,ST0100,2026-01-08 03:00,2026-01-08 04:23,过温保护,清理散热片,1.4
ST0100-P10,ST0100,2026-07-07 04:00,2026-07-07 04:30,接触不良,清洁接头,0.5
ST0100-P11,ST0100,2026-05-07 09:00,2026-05-07 09:47,接触不良,更换充电枪头,0.8
ST0100-P12,ST0100,2025-08-17 17:00,2025-08-17 18:01,接触不良,紧固接线端子,1.0
ST0100-P12,ST0100,2025-09-09 21:00,2025-09-10 12:35,过温保护,检查风扇,15.6
ST0100-P12,ST0100,2025-11-09 21:00,2025-11-10 06:07,过温保护,降低功率运行,9.1
ST0100-P12,ST0100,2026-02-02 07:00,2026-02-02 07:30,接触不良,更换充电枪头,0.5
ST0100-P13,ST0100,2025-11-22 13:00,2025-11-23 11:55,过温保护,清理散热片,22.9
ST0100-P13,ST0100,2025-11-30 17:00,2025-11-30 17:30,通讯故障,检查天线连接,0.5
ST0100-P13,ST0100,2026-07-13 21:00,2026-07-14 01:35,通讯故障,检查天线连接,4.6
ST0100-P14,ST0100,2025-12-04 23:00,2025-12-05 00:09,接触不良,清洁接头,1.2
ST0100-P14,ST0100,2026-04-19 18:00,2026-04-19 19:40,过温保护,降低功率运行,1.7
ST0100-P14,ST0100,2026-06-04 00:00,2026-06-04 01:37,功率异常,更换传感器,1.6
ST0100-P15,ST0100,2025-08-26 15:00,2025-08-26 23:29,过温保护,清理散热片,8.5
ST0100-P15,ST0100,2025-10-06 02:00,2025-10-06 02:56,接触不良,清洁接头,0.9
ST0100-P15,ST0100,2025-12-02 08:00,2025-12-02 08:31,接触不良,紧固接线端子,0.5
ST0100-P15,ST0100,2026-03-22 03:00,2026-03-22 03:33,接触不良,清洁接头,0.6
ST0100-P15,ST0100,2026-07-24 22:00,2026-07-24 23:49,过温保护,清理散热片,1.8
ST0100-P16,ST0100,2025-08-04 16:00,2025-08-04 22:52,通讯故障,更换4G/5G模块,6.9
ST0100-P16,ST0100,2025-09-11 03:00,2025-09-11 11:40,通讯故障,检查天线连接,8.7
ST0100-P16,ST0100,2025-11-01 06:00,2025-11-01 06:36,通讯故障,更换4G/5G模块,0.6
ST0100-P16,ST0100,2026-06-07 10:00,2026-06-07 10:30,过温保护,清理散热片,0.5
ST0100-P17,ST0100,2026-06-15 08:00,2026-06-15 08:30,通讯故障,检查天线连接,0.5
ST0100-P18,ST0100,2025-11-29 14:00,2025-11-29 20:17,通讯故障,更换4G/5G模块,6.3
ST0100-P18,ST0100,2026-01-21 12:00,2026-01-21 12:51,接触不良,更换充电枪头,0.9
ST0100-P18,ST0100,2026-03-08 15:00,2026-03-08 23:05,过温保护,清理散热片,8.1
ST0100-P18,ST0100,2026-06-04 05:00,2026-06-04 05:30,接触不良,清洁接头,0.5
ST0100-P18,ST0100,2026-07-12 16:00,2026-07-12 16:30,过温保护,降低功率运行,0.5
ST0100-P18,ST0100,2026-07-17 03:00,2026-07-17 06:25,接触不良,紧固接线端子,3.4
ST0100-P19,ST0100,2025-09-24 04:00,2025-09-24 09:14,接触不良,紧固接线端子,5.2
ST0100-P19,ST0100,2026-02-22 12:00,2026-02-22 13:25,过温保护,检查风扇,1.4
ST0100-P19,ST0100,2026-05-27 11:00,2026-05-27 11:30,过温保护,检查风扇,0.5
ST0100-P20,ST0100,2025-09-20 06:00,2025-09-20 08:44,功率异常,固件升级,2.7
ST0100-P20,ST0100,2026-04-11 06:00,2026-04-11 15:16,过温保护,检查风扇,9.3
ST0100-P20,ST0100,2026-04-26 15:00,2026-04-27 02:20,过温保护,降低功率运行,11.3
